recording_id,created_at,letter,time_s,x_cm,y_cm
a90019dd,2026-09-16 12:13:42,C,0.0,25.88,29.47
a90019dd,2026-09-16 12:13:42,C,0.088,26.26,29.68
a90019dd,2026-09-16 12:13:42,C,0.177,26.56,29.79
a90019dd,2026-09-16 12:13:42,C,0.267,26.64,29.92
a90019dd,2026-09-16 12:13:42,C,0.445,26.56,32.93
a90019dd,2026-09-16 12:13:42,C,0.533,26.44,33.19
a90019dd,2026-09-16 12:13:42,C,0.62,26.21,32.93
a90019dd,2026-09-16 12:13:42,C,0.708,25.37,31.63
a90019dd,2026-09-16 12:13:42,C,0.795,25.28,31.69
a90019dd,2026-09-16 12:13:42,C,0.883,24.23,30.39
a90019dd,2026-09-16 12:13:42,C,0.971,23.05,30.39
a90019dd,2026-09-16 12:13:42,C,1.058,21.5,30.39
a90019dd,2026-09-16 12:13:42,C,1.146,19.73,30.19
a90019dd,2026-09-16 12:13:42,C,1.233,19.41,29.71
a90019dd,2026-09-16 12:13:42,C,1.32,19.11,29.21
a90019dd,2026-09-16 12:13:42,C,1.408,18.39,29.1
a90019dd,2026-09-16 12:13:42,C,1.495,18.28,28.63
a90019dd,2026-09-16 12:13:42,C,1.584,18.02,28.4
a90019dd,2026-09-16 12:13:42,C,1.672,17.34,28.28
a90019dd,2026-09-16 12:13:42,C,1.76,17.16,27.69
a90019dd,2026-09-16 12:13:42,C,1.848,17.34,28.05
a90019dd,2026-09-16 12:13:42,C,1.934,17.51,27.88
a90019dd,2026-09-16 12:13:42,C,2.023,17.78,25.94
a90019dd,2026-09-16 12:13:42,C,2.111,18.98,25.06
a90019dd,2026-09-16 12:13:42,C,2.2,19.06,24.65
a90019dd,2026-09-16 12:13:42,C,2.287,19.36,24.65
a90019dd,2026-09-16 12:13:42,C,2.375,19.64,24.86
a90019dd,2026-09-16 12:13:42,C,2.463,20.44,24.86
a90019dd,2026-09-16 12:13:42,C,2.551,20.99,24.86
a90019dd,2026-09-16 12:13:42,C,2.638,22.61,24.91
a90019dd,2026-09-16 12:13:42,C,2.725,23.14,23.9
a90019dd,2026-09-16 12:13:42,C,2.813,24.21,23.9
a90019dd,2026-09-16 12:13:42,C,2.9,24.96,23.9
a90019dd,2026-09-16 12:13:42,C,2.989,25.08,23.85
a90019dd,2026-09-16 12:13:42,C,3.076,25.39,23.85
a90019dd,2026-09-16 12:13:42,C,3.164,25.39,23.74
a90019dd,2026-09-16 12:13:42,C,3.254,25.65,23.98
a90019dd,2026-09-16 12:13:42,C,3.348,25.65,23.98
fb8e58f3,2026-09-16 12:13:50,C,0.0,27.36,29.87
fb8e58f3,2026-09-16 12:13:50,C,0.09,26.96,30.41
fb8e58f3,2026-09-16 12:13:50,C,0.18,25.4,32.33
fb8e58f3,2026-09-16 12:13:50,C,0.268,26.35,32.47
fb8e58f3,2026-09-16 12:13:50,C,0.356,26.41,32.47
fb8e58f3,2026-09-16 12:13:50,C,0.444,25.66,31.99
fb8e58f3,2026-09-16 12:13:50,C,0.532,25.4,31.68
fb8e58f3,2026-09-16 12:13:50,C,0.621,25.83,31.68
fb8e58f3,2026-09-16 12:13:50,C,0.708,25.52,31.68
fb8e58f3,2026-09-16 12:13:50,C,0.798,25.07,31.68
fb8e58f3,2026-09-16 12:13:50,C,0.886,24.87,30.97
fb8e58f3,2026-09-16 12:13:50,C,0.973,25.23,30.97
fb8e58f3,2026-09-16 12:13:50,C,1.061,25.13,31.87
fb8e58f3,2026-09-16 12:13:50,C,1.149,24.86,30.74
fb8e58f3,2026-09-16 12:13:50,C,1.236,23.96,30.74
fb8e58f3,2026-09-16 12:13:50,C,1.323,22.54,30.74
fb8e58f3,2026-09-16 12:13:50,C,1.411,21.84,30.26
fb8e58f3,2026-09-16 12:13:50,C,1.498,21.84,29.41
fb8e58f3,2026-09-16 12:13:50,C,1.586,20.99,29.18
fb8e58f3,2026-09-16 12:13:50,C,1.675,20.99,28.33
fb8e58f3,2026-09-16 12:13:50,C,1.762,21.04,27.72
fb8e58f3,2026-09-16 12:13:50,C,1.85,21.04,27.83
fb8e58f3,2026-09-16 12:13:50,C,1.938,21.04,28.88
fb8e58f3,2026-09-16 12:13:50,C,2.026,21.69,27.92
fb8e58f3,2026-09-16 12:13:50,C,2.113,21.78,26.71
fb8e58f3,2026-09-16 12:13:50,C,2.203,22.02,26.71
fb8e58f3,2026-09-16 12:13:50,C,2.294,22.02,22.53
fb8e58f3,2026-09-16 12:13:50,C,2.472,22.26,21.44
fb8e58f3,2026-09-16 12:13:50,C,2.563,22.4,21.77
fb8e58f3,2026-09-16 12:13:50,C,2.917,26.34,21.91
fb8e58f3,2026-09-16 12:13:50,C,3.006,26.34,22.38
fb8e58f3,2026-09-16 12:13:50,C,3.099,26.34,22.38
9431edc1,2026-09-16 12:13:58,C,0.0,24.72,27.37
9431edc1,2026-09-16 12:13:58,C,0.087,24.72,26.54
9431edc1,2026-09-16 12:13:58,C,0.175,24.59,26.79
9431edc1,2026-09-16 12:13:58,C,0.264,23.89,27.27
9431edc1,2026-09-16 12:13:58,C,0.352,23.36,26.84
9431edc1,2026-09-16 12:13:58,C,0.439,23.24,27.27
9431edc1,2026-09-16 12:13:58,C,0.527,22.77,26.21
9431edc1,2026-09-16 12:13:58,C,0.616,21.59,26.21
9431edc1,2026-09-16 12:13:58,C,0.704,21.09,26.21
9431edc1,2026-09-16 12:13:58,C,0.791,20.9,25.41
9431edc1,2026-09-16 12:13:58,C,0.88,20.55,25.27
9431edc1,2026-09-16 12:13:58,C,0.971,20.36,25.27
9431edc1,2026-09-16 12:13:58,C,1.06,20.36,25.18
9431edc1,2026-09-16 12:13:58,C,1.238,20.55,21.64
9431edc1,2026-09-16 12:13:58,C,1.326,20.95,22.38
9431edc1,2026-09-16 12:13:58,C,1.413,21.64,21.2
9431edc1,2026-09-16 12:13:58,C,1.501,21.98,21.65
9431edc1,2026-09-16 12:13:58,C,1.589,22.27,21.32
9431edc1,2026-09-16 12:13:58,C,1.677,23.24,21.32
9431edc1,2026-09-16 12:13:58,C,1.766,23.42,21.09
9431edc1,2026-09-16 12:13:58,C,1.858,23.72,20.97
ea74c62b,2026-09-16 12:14:09,C,0.0,26.18,27.58
ea74c62b,2026-09-16 12:14:09,C,0.088,25.93,27.53
ea74c62b,2026-09-16 12:14:09,C,0.175,25.93,27.53
ea74c62b,2026-09-16 12:14:09,C,0.264,25.93,28.21
ea74c62b,2026-09-16 12:14:09,C,0.353,25.75,27.84
ea74c62b,2026-09-16 12:14:09,C,0.441,25.32,27.05
ea74c62b,2026-09-16 12:14:09,C,0.531,24.91,27.05
ea74c62b,2026-09-16 12:14:09,C,0.618,24.75,27.18
ea74c62b,2026-09-16 12:14:09,C,0.705,23.59,27.44
ea74c62b,2026-09-16 12:14:09,C,0.793,22.68,28.19
ea74c62b,2026-09-16 12:14:09,C,0.881,22.47,27.7
ea74c62b,2026-09-16 12:14:09,C,0.968,21.83,27.82
ea74c62b,2026-09-16 12:14:09,C,1.058,21.56,27.82
ea74c62b,2026-09-16 12:14:09,C,1.147,20.99,27.27
ea74c62b,2026-09-16 12:14:09,C,1.324,20.49,26.58
ea74c62b,2026-09-16 12:14:09,C,1.413,20.11,26.38
ea74c62b,2026-09-16 12:14:09,C,1.503,19.54,26.58
ea74c62b,2026-09-16 12:14:09,C,2.667,20.39,20.03
ea74c62b,2026-09-16 12:14:09,C,2.935,23.74,19.79
ea74c62b,2026-09-16 12:14:09,C,3.024,23.51,20.2
ea74c62b,2026-09-16 12:14:09,C,3.115,24.79,20.2
ea74c62b,2026-09-16 12:14:09,C,3.208,24.79,20.2
4b32e378,2026-09-16 12:14:17,C,0.0,23.36,27.92
4b32e378,2026-09-16 12:14:17,C,0.087,23.43,27.22
4b32e378,2026-09-16 12:14:17,C,0.175,23.71,27.18
4b32e378,2026-09-16 12:14:17,C,0.264,23.82,27.18
4b32e378,2026-09-16 12:14:17,C,0.354,24.03,27.18
4b32e378,2026-09-16 12:14:17,C,0.531,24.03,25.6
4b32e378,2026-09-16 12:14:17,C,0.618,23.94,26.25
4b32e378,2026-09-16 12:14:17,C,0.706,23.9,26.16
4b32e378,2026-09-16 12:14:17,C,0.793,23.9,25.78
4b32e378,2026-09-16 12:14:17,C,0.881,23.72,26.16
4b32e378,2026-09-16 12:14:17,C,0.972,23.59,26.16
4b32e378,2026-09-16 12:14:17,C,1.061,23.08,26.02
4b32e378,2026-09-16 12:14:17,C,1.148,21.83,27.02
4b32e378,2026-09-16 12:14:17,C,1.235,21.37,27.08
4b32e378,2026-09-16 12:14:17,C,1.325,21.37,27.34
4b32e378,2026-09-16 12:14:17,C,1.415,21.37,27.34
4b32e378,2026-09-16 12:14:17,C,1.504,20.67,27.34
4b32e378,2026-09-16 12:14:17,C,2.22,20.25,20.56
4b32e378,2026-09-16 12:14:17,C,2.307,20.35,20.56
4b32e378,2026-09-16 12:14:17,C,2.396,20.91,20.56
4b32e378,2026-09-16 12:14:17,C,2.485,20.95,20.07
4b32e378,2026-09-16 12:14:17,C,2.573,23.02,19.84
4b32e378,2026-09-16 12:14:17,C,2.664,21.15,19.84
4b32e378,2026-09-16 12:14:17,C,2.755,20.98,19.7
4b32e378,2026-09-16 12:14:17,C,3.29,27.32,20.59
4b32e378,2026-09-16 12:14:17,C,3.382,27.32,20.59
c3435601,2026-09-16 12:14:35,C,0.0,25.44,27.48
c3435601,2026-09-16 12:14:35,C,0.089,25.44,27.68
c3435601,2026-09-16 12:14:35,C,0.178,25.44,27.45
c3435601,2026-09-16 12:14:35,C,0.266,25.25,27.79
c3435601,2026-09-16 12:14:35,C,0.354,25.16,30.62
c3435601,2026-09-16 12:14:35,C,0.441,24.59,30.62
c3435601,2026-09-16 12:14:35,C,0.529,24.06,30.68
c3435601,2026-09-16 12:14:35,C,0.616,23.41,30.65
c3435601,2026-09-16 12:14:35,C,0.703,22.73,29.0
c3435601,2026-09-16 12:14:35,C,0.791,22.27,29.15
c3435601,2026-09-16 12:14:35,C,0.878,21.49,30.52
c3435601,2026-09-16 12:14:35,C,0.967,21.49,29.74
c3435601,2026-09-16 12:14:35,C,1.056,21.4,29.59
c3435601,2026-09-16 12:14:35,C,1.321,17.03,27.49
c3435601,2026-09-16 12:14:35,C,1.41,18.22,27.1
c3435601,2026-09-16 12:14:35,C,1.499,19.25,26.82
c3435601,2026-09-16 12:14:35,C,2.122,19.06,22.49
c3435601,2026-09-16 12:14:35,C,2.211,21.2,22.11
c3435601,2026-09-16 12:14:35,C,2.3,22.51,22.07
c3435601,2026-09-16 12:14:35,C,2.836,25.65,17.93
eb9dbe35,2026-09-16 12:14:41,C,0.0,34.31,29.91
eb9dbe35,2026-09-16 12:14:41,C,0.087,34.12,30.15
eb9dbe35,2026-09-16 12:14:41,C,0.175,25.97,30.09
eb9dbe35,2026-09-16 12:14:41,C,0.262,25.73,29.05
eb9dbe35,2026-09-16 12:14:41,C,0.35,25.53,28.93
eb9dbe35,2026-09-16 12:14:41,C,0.439,25.53,29.16
eb9dbe35,2026-09-16 12:14:41,C,0.527,25.41,29.7
eb9dbe35,2026-09-16 12:14:41,C,0.614,25.53,29.46
eb9dbe35,2026-09-16 12:14:41,C,0.704,25.14,29.52
eb9dbe35,2026-09-16 12:14:41,C,0.795,25.1,29.46
eb9dbe35,2026-09-16 12:14:41,C,0.883,24.21,29.36
eb9dbe35,2026-09-16 12:14:41,C,0.972,23.91,28.38
eb9dbe35,2026-09-16 12:14:41,C,1.059,23.5,27.22
eb9dbe35,2026-09-16 12:14:41,C,1.149,22.48,27.22
eb9dbe35,2026-09-16 12:14:41,C,1.239,22.15,29.14
eb9dbe35,2026-09-16 12:14:41,C,1.415,20.59,25.74
eb9dbe35,2026-09-16 12:14:41,C,1.503,19.45,26.98
eb9dbe35,2026-09-16 12:14:41,C,1.591,19.39,27.07
eb9dbe35,2026-09-16 12:14:41,C,1.679,19.03,26.93
eb9dbe35,2026-09-16 12:14:41,C,1.768,19.03,26.93
eb9dbe35,2026-09-16 12:14:41,C,1.856,18.56,26.79
eb9dbe35,2026-09-16 12:14:41,C,1.943,18.78,24.76
eb9dbe35,2026-09-16 12:14:41,C,2.03,19.15,22.97
eb9dbe35,2026-09-16 12:14:41,C,2.118,19.25,22.69
eb9dbe35,2026-09-16 12:14:41,C,2.205,19.67,21.8
eb9dbe35,2026-09-16 12:14:41,C,2.293,21.35,21.69
eb9dbe35,2026-09-16 12:14:41,C,2.382,22.23,21.58
eb9dbe35,2026-09-16 12:14:41,C,2.471,22.64,19.91
eb9dbe35,2026-09-16 12:14:41,C,2.737,24.88,20.23
eb9dbe35,2026-09-16 12:14:41,C,2.826,27.0,20.37
eb9dbe35,2026-09-16 12:14:41,C,2.918,27.0,20.37
eb9dbe35,2026-09-16 12:14:41,C,3.012,27.0,20.37
634ef067,2026-09-16 12:14:52,C,0.0,25.38,27.58
634ef067,2026-09-16 12:14:52,C,0.09,25.11,27.58
634ef067,2026-09-16 12:14:52,C,0.179,25.02,27.53
634ef067,2026-09-16 12:14:52,C,0.628,23.28,28.82
634ef067,2026-09-16 12:14:52,C,1.072,17.93,27.78
634ef067,2026-09-16 12:14:52,C,1.162,17.61,27.63
634ef067,2026-09-16 12:14:52,C,1.251,17.4,27.63
634ef067,2026-09-16 12:14:52,C,2.051,20.8,22.49
634ef067,2026-09-16 12:14:52,C,2.138,21.04,21.75
634ef067,2026-09-16 12:14:52,C,2.226,21.25,21.86
634ef067,2026-09-16 12:14:52,C,2.313,22.47,21.37
634ef067,2026-09-16 12:14:52,C,2.401,22.99,20.93
634ef067,2026-09-16 12:14:52,C,2.488,24.42,20.93
634ef067,2026-09-16 12:14:52,C,2.576,24.58,21.1
634ef067,2026-09-16 12:14:52,C,2.663,25.11,21.21
634ef067,2026-09-16 12:14:52,C,2.752,25.15,21.43
634ef067,2026-09-16 12:14:52,C,2.845,25.15,23.3
634ef067,2026-09-16 12:14:52,C,2.939,25.15,23.3
399b8ac3,2026-09-16 12:15:01,C,0.0,25.51,18.35
399b8ac3,2026-09-16 12:15:01,C,0.087,25.29,18.88
399b8ac3,2026-09-16 12:15:01,C,0.175,25.23,28.24
399b8ac3,2026-09-16 12:15:01,C,0.264,25.31,27.69
399b8ac3,2026-09-16 12:15:01,C,0.352,25.36,26.41
399b8ac3,2026-09-16 12:15:01,C,0.441,25.23,26.41
399b8ac3,2026-09-16 12:15:01,C,0.53,25.0,26.41
399b8ac3,2026-09-16 12:15:01,C,0.886,24.16,26.71
399b8ac3,2026-09-16 12:15:01,C,0.973,24.16,26.78
399b8ac3,2026-09-16 12:15:01,C,1.061,23.48,26.57
399b8ac3,2026-09-16 12:15:01,C,1.15,23.48,26.74
399b8ac3,2026-09-16 12:15:01,C,1.238,23.06,26.63
399b8ac3,2026-09-16 12:15:01,C,1.325,23.06,25.89
399b8ac3,2026-09-16 12:15:01,C,1.412,22.02,25.76
399b8ac3,2026-09-16 12:15:01,C,1.5,21.63,25.85
399b8ac3,2026-09-16 12:15:01,C,1.588,20.83,25.63
399b8ac3,2026-09-16 12:15:01,C,1.677,20.3,25.63
399b8ac3,2026-09-16 12:15:01,C,1.765,20.3,25.63
399b8ac3,2026-09-16 12:15:01,C,1.852,20.17,25.32
399b8ac3,2026-09-16 12:15:01,C,1.94,20.17,25.32
399b8ac3,2026-09-16 12:15:01,C,2.027,20.17,24.86
399b8ac3,2026-09-16 12:15:01,C,2.115,20.17,24.4
399b8ac3,2026-09-16 12:15:01,C,2.202,20.65,23.86
399b8ac3,2026-09-16 12:15:01,C,2.289,20.55,23.81
399b8ac3,2026-09-16 12:15:01,C,2.377,20.13,23.19
399b8ac3,2026-09-16 12:15:01,C,2.465,19.45,23.09
399b8ac3,2026-09-16 12:15:01,C,2.553,20.33,22.63
399b8ac3,2026-09-16 12:15:01,C,2.64,20.33,21.88
399b8ac3,2026-09-16 12:15:01,C,2.728,19.5,21.7
399b8ac3,2026-09-16 12:15:01,C,2.815,20.33,20.81
399b8ac3,2026-09-16 12:15:01,C,2.903,20.83,20.36
399b8ac3,2026-09-16 12:15:01,C,2.991,21.25,20.07
399b8ac3,2026-09-16 12:15:01,C,3.078,21.57,19.96
399b8ac3,2026-09-16 12:15:01,C,3.168,21.72,19.85
399b8ac3,2026-09-16 12:15:01,C,3.255,23.11,19.67
399b8ac3,2026-09-16 12:15:01,C,3.343,23.21,19.63
399b8ac3,2026-09-16 12:15:01,C,3.43,23.91,20.31
399b8ac3,2026-09-16 12:15:01,C,3.521,23.91,20.37
399b8ac3,2026-09-16 12:15:01,C,3.61,24.09,20.37
399b8ac3,2026-09-16 12:15:01,C,3.876,25.97,20.48
399b8ac3,2026-09-16 12:15:01,C,3.967,25.97,20.48
399b8ac3,2026-09-16 12:15:01,C,4.056,27.5,20.48
03fd6d36,2026-09-16 12:15:18,C,0.0,29.48,27.34
03fd6d36,2026-09-16 12:15:18,C,0.087,28.63,27.22
03fd6d36,2026-09-16 12:15:18,C,0.177,27.81,27.27
03fd6d36,2026-09-16 12:15:18,C,0.265,26.78,27.27
03fd6d36,2026-09-16 12:15:18,C,0.352,25.02,27.27
03fd6d36,2026-09-16 12:15:18,C,0.439,24.59,27.49
03fd6d36,2026-09-16 12:15:18,C,0.526,23.62,27.74
03fd6d36,2026-09-16 12:15:18,C,0.614,23.39,27.59
03fd6d36,2026-09-16 12:15:18,C,0.703,22.34,27.59
03fd6d36,2026-09-16 12:15:18,C,0.79,21.78,27.59
03fd6d36,2026-09-16 12:15:18,C,0.877,20.54,27.07
03fd6d36,2026-09-16 12:15:18,C,0.965,21.25,26.95
03fd6d36,2026-09-16 12:15:18,C,1.054,21.19,26.78
03fd6d36,2026-09-16 12:15:18,C,1.141,21.19,26.25
03fd6d36,2026-09-16 12:15:18,C,1.231,21.1,25.59
03fd6d36,2026-09-16 12:15:18,C,1.32,21.15,25.45
03fd6d36,2026-09-16 12:15:18,C,1.587,21.88,22.21
03fd6d36,2026-09-16 12:15:18,C,1.674,21.88,22.15
03fd6d36,2026-09-16 12:15:18,C,1.763,22.02,21.59
03fd6d36,2026-09-16 12:15:18,C,1.851,22.23,21.37
03fd6d36,2026-09-16 12:15:18,C,1.938,22.73,21.28
03fd6d36,2026-09-16 12:15:18,C,2.026,23.22,20.59
03fd6d36,2026-09-16 12:15:18,C,2.113,23.7,20.0
03fd6d36,2026-09-16 12:15:18,C,2.201,24.54,19.77
03fd6d36,2026-09-16 12:15:18,C,2.29,25.03,19.49
03fd6d36,2026-09-16 12:15:18,C,2.383,25.03,19.39
03fd6d36,2026-09-16 12:15:18,C,2.472,25.07,19.49
03fd6d36,2026-09-16 12:15:18,C,3.007,32.76,20.65
03fd6d36,2026-09-16 12:15:18,C,3.1,32.76,20.65
585b9b6c,2026-09-16 12:21:23,C,0.0,24.96,26.87
585b9b6c,2026-09-16 12:21:23,C,0.09,24.64,26.87
585b9b6c,2026-09-16 12:21:23,C,0.178,24.18,26.87
585b9b6c,2026-09-16 12:21:23,C,0.267,24.18,26.83
585b9b6c,2026-09-16 12:21:23,C,0.357,23.99,26.42
585b9b6c,2026-09-16 12:21:23,C,0.445,23.99,25.99
585b9b6c,2026-09-16 12:21:23,C,0.532,22.73,24.5
585b9b6c,2026-09-16 12:21:23,C,0.62,21.87,24.45
585b9b6c,2026-09-16 12:21:23,C,0.707,21.87,23.73
585b9b6c,2026-09-16 12:21:23,C,0.795,21.87,23.12
585b9b6c,2026-09-16 12:21:23,C,0.883,21.87,22.29
585b9b6c,2026-09-16 12:21:23,C,0.971,20.89,21.13
585b9b6c,2026-09-16 12:21:23,C,1.06,21.16,20.81
585b9b6c,2026-09-16 12:21:23,C,1.147,21.51,20.49
585b9b6c,2026-09-16 12:21:23,C,1.235,21.51,20.37
585b9b6c,2026-09-16 12:21:23,C,1.324,23.04,20.23
585b9b6c,2026-09-16 12:21:23,C,1.414,24.0,20.03
585b9b6c,2026-09-16 12:21:23,C,1.501,24.59,19.53
585b9b6c,2026-09-16 12:21:23,C,1.588,25.0,19.53
585b9b6c,2026-09-16 12:21:23,C,1.675,25.13,19.53
585b9b6c,2026-09-16 12:21:23,C,1.766,25.75,19.7
585b9b6c,2026-09-16 12:21:23,C,1.852,26.92,20.2
585b9b6c,2026-09-16 12:21:23,C,1.939,26.31,20.41
585b9b6c,2026-09-16 12:21:23,C,2.026,27.25,20.41
585b9b6c,2026-09-16 12:21:23,C,2.115,27.62,20.52
585b9b6c,2026-09-16 12:21:23,C,2.202,27.65,20.18
585b9b6c,2026-09-16 12:21:23,C,2.29,27.98,20.32
585b9b6c,2026-09-16 12:21:23,C,2.378,28.03,20.53
585b9b6c,2026-09-16 12:21:23,C,2.466,27.81,20.53
585b9b6c,2026-09-16 12:21:23,C,2.556,27.98,20.64
585b9b6c,2026-09-16 12:21:23,C,2.913,26.85,20.35
585b9b6c,2026-09-16 12:21:23,C,3.002,26.96,20.53
585b9b6c,2026-09-16 12:21:23,C,3.089,27.3,20.7
585b9b6c,2026-09-16 12:21:23,C,3.18,27.3,21.64
585b9b6c,2026-09-16 12:21:23,C,3.274,27.3,21.64
547aa1ba,2026-09-16 12:22:12,C,0.0,27.57,26.82
547aa1ba,2026-09-16 12:22:12,C,0.089,27.57,26.08
547aa1ba,2026-09-16 12:22:12,C,0.357,27.76,25.36
547aa1ba,2026-09-16 12:22:12,C,0.446,27.76,24.97
547aa1ba,2026-09-16 12:22:12,C,0.536,27.72,24.97
547aa1ba,2026-09-16 12:22:12,C,0.982,28.8,24.5
547aa1ba,2026-09-16 12:22:12,C,1.072,27.87,24.5
547aa1ba,2026-09-16 12:22:12,C,1.166,27.0,24.59
547aa1ba,2026-09-16 12:22:12,C,1.79,25.41,22.16
547aa1ba,2026-09-16 12:22:12,C,1.88,25.41,21.39
547aa1ba,2026-09-16 12:22:12,C,1.968,25.41,21.29
547aa1ba,2026-09-16 12:22:12,C,2.057,25.01,21.15
547aa1ba,2026-09-16 12:22:12,C,2.146,25.28,20.68
547aa1ba,2026-09-16 12:22:12,C,2.234,25.14,20.29
547aa1ba,2026-09-16 12:22:12,C,2.322,25.14,19.87
547aa1ba,2026-09-16 12:22:12,C,2.411,25.28,19.62
547aa1ba,2026-09-16 12:22:12,C,2.501,26.12,19.3
547aa1ba,2026-09-16 12:22:12,C,4.119,27.93,19.57
547aa1ba,2026-09-16 12:22:12,C,4.21,27.93,19.33
547aa1ba,2026-09-16 12:22:12,C,4.299,27.93,19.51
6f38119b,2026-09-16 12:24:04,C,0.0,26.43,23.96
6f38119b,2026-09-16 12:24:04,C,0.087,25.44,23.21
6f38119b,2026-09-16 12:24:04,C,0.177,25.3,23.21
6f38119b,2026-09-16 12:24:04,C,0.266,25.04,23.21
6f38119b,2026-09-16 12:24:04,C,0.356,24.9,23.21
6f38119b,2026-09-16 12:24:04,C,0.533,24.99,22.29
6f38119b,2026-09-16 12:24:04,C,0.624,24.9,22.8
6f38119b,2026-09-16 12:24:04,C,0.709,24.9,22.29
6f38119b,2026-09-16 12:24:04,C,0.798,24.99,22.29
6f38119b,2026-09-16 12:24:04,C,0.89,24.68,22.16
6f38119b,2026-09-16 12:24:04,C,1.156,24.5,24.27
6f38119b,2026-09-16 12:24:04,C,1.243,24.22,24.7
6f38119b,2026-09-16 12:24:04,C,1.331,23.47,25.19
6f38119b,2026-09-16 12:24:04,C,1.418,23.47,25.32
6f38119b,2026-09-16 12:24:04,C,1.505,23.35,25.59
6f38119b,2026-09-16 12:24:04,C,1.593,23.63,25.59
6f38119b,2026-09-16 12:24:04,C,1.68,23.18,25.45
6f38119b,2026-09-16 12:24:04,C,1.768,23.1,25.45
6f38119b,2026-09-16 12:24:04,C,1.856,23.1,25.45
6f38119b,2026-09-16 12:24:04,C,1.943,23.1,25.45
6f38119b,2026-09-16 12:24:04,C,2.031,23.5,25.82
6f38119b,2026-09-16 12:24:04,C,2.118,23.8,26.7
6f38119b,2026-09-16 12:24:04,C,2.206,23.61,26.58
6f38119b,2026-09-16 12:24:04,C,2.294,23.09,26.58
6f38119b,2026-09-16 12:24:04,C,2.382,23.35,26.58
6f38119b,2026-09-16 12:24:04,C,2.471,22.82,27.11
6f38119b,2026-09-16 12:24:04,C,2.56,22.41,26.98
6f38119b,2026-09-16 12:24:04,C,2.647,21.87,27.11
6f38119b,2026-09-16 12:24:04,C,2.736,20.99,28.39
6f38119b,2026-09-16 12:24:04,C,2.827,20.3,27.11
6f38119b,2026-09-16 12:24:04,C,3.094,18.37,22.21
6f38119b,2026-09-16 12:24:04,C,3.182,18.34,21.95
6f38119b,2026-09-16 12:24:04,C,3.272,18.34,21.64
6f38119b,2026-09-16 12:24:04,C,4.544,25.42,17.16
6f38119b,2026-09-16 12:24:04,C,4.633,25.17,17.16
6f38119b,2026-09-16 12:24:04,C,4.723,25.42,17.16
6f38119b,2026-09-16 12:24:04,C,4.901,26.49,16.9
6f38119b,2026-09-16 12:24:04,C,4.991,27.57,16.64
6f38119b,2026-09-16 12:24:04,C,5.079,27.61,16.73
6f38119b,2026-09-16 12:24:04,C,5.167,27.57,16.85
6f38119b,2026-09-16 12:24:04,C,5.258,27.57,16.94
6f38119b,2026-09-16 12:24:04,C,5.347,27.82,16.94
6f38119b,2026-09-16 12:24:04,C,6.062,27.13,17.69
6f38119b,2026-09-16 12:24:04,C,6.15,27.25,17.69
6f38119b,2026-09-16 12:24:04,C,6.24,27.13,17.69
ef71854c,2026-09-16 12:25:08,C,0.0,20.96,22.35
ef71854c,2026-09-16 12:25:08,C,0.091,22.9,22.63
ef71854c,2026-09-16 12:25:08,C,0.18,24.5,23.66
ef71854c,2026-09-16 12:25:08,C,0.267,24.15,24.37
ef71854c,2026-09-16 12:25:08,C,0.354,24.41,25.35
ef71854c,2026-09-16 12:25:08,C,0.443,24.41,26.21
ef71854c,2026-09-16 12:25:08,C,0.531,24.11,25.25
ef71854c,2026-09-16 12:25:08,C,0.62,24.11,25.25
ef71854c,2026-09-16 12:25:08,C,0.711,24.15,25.4
ef71854c,2026-09-16 12:25:08,C,0.799,24.46,26.21
ef71854c,2026-09-16 12:25:08,C,0.891,24.46,26.27
ef71854c,2026-09-16 12:25:08,C,0.982,24.89,26.27
ef71854c,2026-09-16 12:25:08,C,1.07,25.15,26.63
ef71854c,2026-09-16 12:25:08,C,1.158,25.02,26.63
ef71854c,2026-09-16 12:25:08,C,1.248,25.15,27.12
ef71854c,2026-09-16 12:25:08,C,1.339,25.15,27.54
ef71854c,2026-09-16 12:25:08,C,1.701,24.16,27.54
ef71854c,2026-09-16 12:25:08,C,1.791,23.86,26.33
ef71854c,2026-09-16 12:25:08,C,1.88,23.73,26.74
ef71854c,2026-09-16 12:25:08,C,1.97,23.64,26.88
ef71854c,2026-09-16 12:25:08,C,2.061,23.89,27.18
ef71854c,2026-09-16 12:25:08,C,2.149,23.6,27.68
ef71854c,2026-09-16 12:25:08,C,2.237,22.94,28.2
ef71854c,2026-09-16 12:25:08,C,2.327,22.71,28.2
ef71854c,2026-09-16 12:25:08,C,2.414,21.72,28.45
ef71854c,2026-09-16 12:25:08,C,2.504,20.05,28.45
ef71854c,2026-09-16 12:25:08,C,2.594,18.8,28.95
ef71854c,2026-09-16 12:25:08,C,2.682,18.8,28.95
ef71854c,2026-09-16 12:25:08,C,2.772,18.59,28.95
ef71854c,2026-09-16 12:25:08,C,2.862,19.01,28.52
ef71854c,2026-09-16 12:25:08,C,2.949,19.95,28.52
ef71854c,2026-09-16 12:25:08,C,3.04,19.78,28.46
ef71854c,2026-09-16 12:25:08,C,3.128,19.78,27.97
ef71854c,2026-09-16 12:25:08,C,3.216,18.71,27.93
ef71854c,2026-09-16 12:25:08,C,3.304,18.54,28.03
ef71854c,2026-09-16 12:25:08,C,3.394,18.68,28.3
ef71854c,2026-09-16 12:25:08,C,3.479,18.79,27.71
ef71854c,2026-09-16 12:25:08,C,3.567,19.7,27.71
ef71854c,2026-09-16 12:25:08,C,3.655,21.1,27.71
ef71854c,2026-09-16 12:25:08,C,3.745,23.89,26.85
ef71854c,2026-09-16 12:25:08,C,3.835,24.07,26.75
ef71854c,2026-09-16 12:25:08,C,4.286,25.33,22.52
ef71854c,2026-09-16 12:25:08,C,4.375,25.42,22.24
ef71854c,2026-09-16 12:25:08,C,4.466,25.42,22.24
ef71854c,2026-09-16 12:25:08,C,4.555,25.0,22.12
ef71854c,2026-09-16 12:25:08,C,4.823,24.15,21.69
ef71854c,2026-09-16 12:25:08,C,4.913,24.41,20.97
ef71854c,2026-09-16 12:25:08,C,5.002,24.19,20.02
ef71854c,2026-09-16 12:25:08,C,5.092,24.19,20.38
ef71854c,2026-09-16 12:25:08,C,5.991,20.19,21.33
ef71854c,2026-09-16 12:25:08,C,6.617,18.22,20.8
ef71854c,2026-09-16 12:25:08,C,6.708,18.64,20.8
ef71854c,2026-09-16 12:25:08,C,6.798,18.99,20.3
330924bf,2026-09-16 12:27:49,C,0.0,24.67,24.95
330924bf,2026-09-16 12:27:49,C,0.089,25.47,25.59
330924bf,2026-09-16 12:27:49,C,0.178,25.77,26.19
330924bf,2026-09-16 12:27:49,C,0.444,26.68,26.79
330924bf,2026-09-16 12:27:49,C,0.531,26.91,26.54
330924bf,2026-09-16 12:27:49,C,0.618,27.15,26.44
330924bf,2026-09-16 12:27:49,C,0.706,27.01,26.54
330924bf,2026-09-16 12:27:49,C,0.793,26.66,27.0
330924bf,2026-09-16 12:27:49,C,0.882,26.07,27.14
330924bf,2026-09-16 12:27:49,C,0.969,24.73,27.96
330924bf,2026-09-16 12:27:49,C,1.056,23.76,27.96
330924bf,2026-09-16 12:27:49,C,1.144,23.45,27.27
330924bf,2026-09-16 12:27:49,C,1.234,23.27,27.27
330924bf,2026-09-16 12:27:49,C,1.325,22.56,26.89
330924bf,2026-09-16 12:27:49,C,1.409,21.34,26.71
330924bf,2026-09-16 12:27:49,C,1.497,20.83,25.55
330924bf,2026-09-16 12:27:49,C,1.586,19.41,25.55
330924bf,2026-09-16 12:27:49,C,1.676,18.34,24.2
330924bf,2026-09-16 12:27:49,C,1.764,18.34,22.94
330924bf,2026-09-16 12:27:49,C,1.852,18.24,22.12
330924bf,2026-09-16 12:27:49,C,1.94,18.24,21.93
330924bf,2026-09-16 12:27:49,C,2.029,18.71,21.58
330924bf,2026-09-16 12:27:49,C,2.118,18.71,21.25
330924bf,2026-09-16 12:27:49,C,2.207,19.34,21.02
330924bf,2026-09-16 12:27:49,C,2.297,19.34,20.86
330924bf,2026-09-16 12:27:49,C,2.386,19.67,20.86
330924bf,2026-09-16 12:27:49,C,3.814,26.78,20.68
330924bf,2026-09-16 12:27:49,C,3.903,27.01,21.6
330924bf,2026-09-16 12:27:49,C,3.991,27.5,21.74
330924bf,2026-09-16 12:27:49,C,4.078,27.6,21.6
330924bf,2026-09-16 12:27:49,C,4.166,27.82,22.05
330924bf,2026-09-16 12:27:49,C,4.255,27.72,22.16
330924bf,2026-09-16 12:27:49,C,4.346,27.72,22.16
330924bf,2026-09-16 12:27:49,C,4.441,27.72,22.16
a687ad1e,2026-09-16 12:30:12,G,0.0,28.06,13.74
a687ad1e,2026-09-16 12:30:12,G,0.088,28.06,15.49
a687ad1e,2026-09-16 12:30:12,G,0.178,28.64,15.7
a687ad1e,2026-09-16 12:30:12,G,0.268,29.77,15.91
a687ad1e,2026-09-16 12:30:12,G,0.534,29.1,19.33
a687ad1e,2026-09-16 12:30:12,G,0.622,28.93,19.43
a687ad1e,2026-09-16 12:30:12,G,0.709,28.93,19.43
a687ad1e,2026-09-16 12:30:12,G,0.797,27.61,19.49
a687ad1e,2026-09-16 12:30:12,G,0.885,27.61,19.49
a687ad1e,2026-09-16 12:30:12,G,0.973,27.57,19.49
a687ad1e,2026-09-16 12:30:12,G,1.061,27.61,19.39
a687ad1e,2026-09-16 12:30:12,G,1.148,27.67,19.29
a687ad1e,2026-09-16 12:30:12,G,1.237,27.88,19.17
a687ad1e,2026-09-16 12:30:12,G,1.324,28.52,19.11
a687ad1e,2026-09-16 12:30:12,G,1.411,29.03,18.71
a687ad1e,2026-09-16 12:30:12,G,1.5,28.75,18.71
a687ad1e,2026-09-16 12:30:12,G,1.589,28.98,18.71
a687ad1e,2026-09-16 12:30:12,G,1.679,28.98,19.13
a687ad1e,2026-09-16 12:30:12,G,1.769,28.86,18.8
a687ad1e,2026-09-16 12:30:12,G,2.305,27.06,19.34
a687ad1e,2026-09-16 12:30:12,G,2.394,27.79,19.34
a687ad1e,2026-09-16 12:30:12,G,2.484,27.78,19.47
a687ad1e,2026-09-16 12:30:12,G,2.751,27.96,15.24
a687ad1e,2026-09-16 12:30:12,G,2.84,28.14,16.5
a687ad1e,2026-09-16 12:30:12,G,2.93,28.14,17.69
a687ad1e,2026-09-16 12:30:12,G,3.022,28.14,17.59
a687ad1e,2026-09-16 12:30:12,G,3.563,24.08,14.63
a687ad1e,2026-09-16 12:30:12,G,3.653,24.08,14.63
a687ad1e,2026-09-16 12:30:12,G,4.013,18.83,17.97
a687ad1e,2026-09-16 12:30:12,G,4.102,18.62,18.07
a687ad1e,2026-09-16 12:30:12,G,4.192,18.21,19.23
a687ad1e,2026-09-16 12:30:12,G,4.996,20.18,26.15
a687ad1e,2026-09-16 12:30:12,G,5.085,20.79,26.15
a687ad1e,2026-09-16 12:30:12,G,5.172,22.96,26.5
a687ad1e,2026-09-16 12:30:12,G,5.26,23.08,26.6
a687ad1e,2026-09-16 12:30:12,G,5.348,23.36,26.64
a687ad1e,2026-09-16 12:30:12,G,5.439,23.53,26.64
a687ad1e,2026-09-16 12:30:12,G,5.529,23.66,28.07
a687ad1e,2026-09-16 12:30:12,G,5.62,23.75,28.07
a687ad1e,2026-09-16 12:30:12,G,5.709,24.19,27.76
a687ad1e,2026-09-16 12:30:12,G,6.063,25.01,25.32
a687ad1e,2026-09-16 12:30:12,G,6.15,25.26,25.17
a687ad1e,2026-09-16 12:30:12,G,6.239,25.23,24.9
a687ad1e,2026-09-16 12:30:12,G,6.33,25.15,25.41
a687ad1e,2026-09-16 12:30:12,G,6.42,25.15,25.55
6d963da5,2026-09-16 12:35:33,I,0.0,24.63,24.32
6d963da5,2026-09-16 12:35:33,I,0.086,24.54,25.32
6d963da5,2026-09-16 12:35:33,I,0.174,24.32,25.14
6d963da5,2026-09-16 12:35:33,I,0.262,24.32,25.87
6d963da5,2026-09-16 12:35:33,I,0.35,24.32,26.14
6d963da5,2026-09-16 12:35:33,I,0.437,23.93,26.69
6d963da5,2026-09-16 12:35:33,I,0.525,23.93,26.69
6d963da5,2026-09-16 12:35:33,I,0.612,24.1,26.31
6d963da5,2026-09-16 12:35:33,I,0.7,24.1,26.65
6d963da5,2026-09-16 12:35:33,I,0.787,24.28,26.23
6d963da5,2026-09-16 12:35:33,I,0.874,24.59,26.23
6d963da5,2026-09-16 12:35:33,I,0.962,24.85,26.65
6d963da5,2026-09-16 12:35:33,I,1.052,24.99,26.65
6d963da5,2026-09-16 12:35:33,I,1.138,24.86,26.65
6d963da5,2026-09-16 12:35:33,I,1.225,25.16,26.69
6d963da5,2026-09-16 12:35:33,I,1.313,24.64,26.65
6d963da5,2026-09-16 12:35:33,I,1.402,24.64,26.0
6d963da5,2026-09-16 12:35:33,I,1.488,24.86,26.68
6d963da5,2026-09-16 12:35:33,I,1.576,25.03,26.4
6d963da5,2026-09-16 12:35:33,I,1.664,24.81,26.4
6d963da5,2026-09-16 12:35:33,I,1.752,24.9,25.64
6d963da5,2026-09-16 12:35:33,I,1.839,25.02,25.21
6d963da5,2026-09-16 12:35:33,I,1.926,25.02,24.66
6d963da5,2026-09-16 12:35:33,I,2.014,25.02,24.57
6d963da5,2026-09-16 12:35:33,I,2.102,25.29,24.57
6d963da5,2026-09-16 12:35:33,I,2.189,25.33,24.31
6d963da5,2026-09-16 12:35:33,I,2.276,25.29,24.18
6d963da5,2026-09-16 12:35:33,I,2.364,25.29,23.98
6d963da5,2026-09-16 12:35:33,I,2.452,25.29,23.98
6d963da5,2026-09-16 12:35:33,I,2.539,25.29,23.71
6d963da5,2026-09-16 12:35:33,I,2.626,25.29,23.61
6d963da5,2026-09-16 12:35:33,I,2.714,25.66,23.48
6d963da5,2026-09-16 12:35:33,I,2.802,25.29,23.21
6d963da5,2026-09-16 12:35:33,I,2.889,25.83,22.84
6d963da5,2026-09-16 12:35:33,I,2.977,25.55,22.84
6d963da5,2026-09-16 12:35:33,I,3.064,25.54,22.53
6d963da5,2026-09-16 12:35:33,I,3.153,25.45,22.01
6d963da5,2026-09-16 12:35:33,I,3.24,25.54,21.75
6d963da5,2026-09-16 12:35:33,I,3.328,25.45,21.53
6d963da5,2026-09-16 12:35:33,I,3.415,25.64,21.1
6d963da5,2026-09-16 12:35:33,I,3.503,25.5,20.82
6d963da5,2026-09-16 12:35:33,I,3.59,25.47,20.54
6d963da5,2026-09-16 12:35:33,I,3.678,25.56,20.23
6d963da5,2026-09-16 12:35:33,I,3.766,25.79,20.13
6d963da5,2026-09-16 12:35:33,I,3.854,25.66,20.07
6d963da5,2026-09-16 12:35:33,I,3.942,26.12,19.57
6d963da5,2026-09-16 12:35:33,I,4.029,26.46,18.86
6d963da5,2026-09-16 12:35:33,I,4.117,26.33,18.59
6d963da5,2026-09-16 12:35:33,I,4.207,26.29,18.41
6d963da5,2026-09-16 12:35:33,I,4.296,26.2,18.28
4b4f12f6,2026-09-16 12:35:45,I,0.0,26.25,21.63
4b4f12f6,2026-09-16 12:35:45,I,0.087,26.35,23.4
4b4f12f6,2026-09-16 12:35:45,I,0.174,26.04,23.84
4b4f12f6,2026-09-16 12:35:45,I,0.262,25.7,24.35
4b4f12f6,2026-09-16 12:35:45,I,0.352,25.42,26.6
4b4f12f6,2026-09-16 12:35:45,I,0.438,25.38,26.74
4b4f12f6,2026-09-16 12:35:45,I,0.524,25.29,26.74
4b4f12f6,2026-09-16 12:35:45,I,0.613,25.16,26.84
4b4f12f6,2026-09-16 12:35:45,I,0.701,25.38,26.8
4b4f12f6,2026-09-16 12:35:45,I,0.788,25.72,26.8
4b4f12f6,2026-09-16 12:35:45,I,0.875,25.92,26.48
4b4f12f6,2026-09-16 12:35:45,I,0.963,25.41,26.0
4b4f12f6,2026-09-16 12:35:45,I,1.051,25.03,25.73
4b4f12f6,2026-09-16 12:35:45,I,1.139,24.99,25.73
4b4f12f6,2026-09-16 12:35:45,I,1.226,24.99,25.73
4b4f12f6,2026-09-16 12:35:45,I,1.314,24.99,25.73
4b4f12f6,2026-09-16 12:35:45,I,1.401,24.99,25.18
4b4f12f6,2026-09-16 12:35:45,I,1.489,25.31,25.08
4b4f12f6,2026-09-16 12:35:45,I,1.577,25.56,25.18
4b4f12f6,2026-09-16 12:35:45,I,1.665,25.38,25.13
4b4f12f6,2026-09-16 12:35:45,I,1.754,25.38,25.13
4b4f12f6,2026-09-16 12:35:45,I,1.841,25.29,23.9
4b4f12f6,2026-09-16 12:35:45,I,1.929,25.16,23.61
4b4f12f6,2026-09-16 12:35:45,I,2.019,24.86,23.41
4b4f12f6,2026-09-16 12:35:45,I,2.104,25.13,22.58
4b4f12f6,2026-09-16 12:35:45,I,2.192,25.6,22.53
4b4f12f6,2026-09-16 12:35:45,I,2.279,25.47,22.17
4b4f12f6,2026-09-16 12:35:45,I,2.368,25.1,21.74
4b4f12f6,2026-09-16 12:35:45,I,2.455,25.1,21.39
4b4f12f6,2026-09-16 12:35:45,I,2.545,24.83,20.14
4b4f12f6,2026-09-16 12:35:45,I,2.637,24.83,20.14
4b4f12f6,2026-09-16 12:35:45,I,2.722,25.12,19.43
4b4f12f6,2026-09-16 12:35:45,I,2.811,25.26,19.43
4b4f12f6,2026-09-16 12:35:45,I,2.901,25.51,19.43
4b4f12f6,2026-09-16 12:35:45,I,2.989,25.71,19.37
4b4f12f6,2026-09-16 12:35:45,I,3.078,25.71,17.65
4b4f12f6,2026-09-16 12:35:45,I,3.169,25.89,17.65
4b4f12f6,2026-09-16 12:35:45,I,3.258,26.15,17.56
4b4f12f6,2026-09-16 12:35:45,I,3.438,26.15,17.25
4b4f12f6,2026-09-16 12:35:45,I,3.705,28.26,16.7
4b4f12f6,2026-09-16 12:35:45,I,3.794,28.26,16.58
4b4f12f6,2026-09-16 12:35:45,I,3.886,28.26,16.15
25dc4cb4,2026-09-16 12:36:41,I,0.0,25.4,16.62
25dc4cb4,2026-09-16 12:36:41,I,0.088,25.28,16.68
25dc4cb4,2026-09-16 12:36:41,I,0.177,25.03,17.55
25dc4cb4,2026-09-16 12:36:41,I,0.263,24.25,18.5
25dc4cb4,2026-09-16 12:36:41,I,0.351,24.25,18.8
25dc4cb4,2026-09-16 12:36:41,I,0.438,25.07,19.46
25dc4cb4,2026-09-16 12:36:41,I,0.527,25.21,19.74
25dc4cb4,2026-09-16 12:36:41,I,0.614,25.15,19.9
25dc4cb4,2026-09-16 12:36:41,I,0.701,24.59,20.0
25dc4cb4,2026-09-16 12:36:41,I,0.79,24.59,20.48
25dc4cb4,2026-09-16 12:36:41,I,0.877,24.5,21.21
25dc4cb4,2026-09-16 12:36:41,I,0.965,24.63,21.7
25dc4cb4,2026-09-16 12:36:41,I,1.052,24.0,21.85
25dc4cb4,2026-09-16 12:36:41,I,1.14,23.91,22.5
25dc4cb4,2026-09-16 12:36:41,I,1.227,23.74,23.05
25dc4cb4,2026-09-16 12:36:41,I,1.315,23.74,23.83
25dc4cb4,2026-09-16 12:36:41,I,1.402,23.74,24.01
25dc4cb4,2026-09-16 12:36:41,I,1.493,24.15,25.64
25dc4cb4,2026-09-16 12:36:41,I,1.578,24.03,25.97
25dc4cb4,2026-09-16 12:36:41,I,1.665,24.03,26.02
25dc4cb4,2026-09-16 12:36:41,I,1.753,24.03,26.38
25dc4cb4,2026-09-16 12:36:41,I,1.841,24.19,26.48
25dc4cb4,2026-09-16 12:36:41,I,1.928,24.19,26.47
25dc4cb4,2026-09-16 12:36:41,I,2.015,24.19,27.22
25dc4cb4,2026-09-16 12:36:41,I,2.103,24.19,27.64
25dc4cb4,2026-09-16 12:36:41,I,2.191,23.8,27.76
25dc4cb4,2026-09-16 12:36:41,I,2.278,23.75,27.97
25dc4cb4,2026-09-16 12:36:41,I,2.365,23.75,28.08
25dc4cb4,2026-09-16 12:36:41,I,2.453,23.66,28.28
25dc4cb4,2026-09-16 12:36:41,I,2.541,23.38,28.45
25dc4cb4,2026-09-16 12:36:41,I,2.63,23.38,29.14
25dc4cb4,2026-09-16 12:36:41,I,2.716,23.87,29.7
25dc4cb4,2026-09-16 12:36:41,I,2.804,23.87,29.81
25dc4cb4,2026-09-16 12:36:41,I,2.892,23.74,29.98
25dc4cb4,2026-09-16 12:36:41,I,2.98,23.87,30.24
25dc4cb4,2026-09-16 12:36:41,I,3.067,23.87,30.18
25dc4cb4,2026-09-16 12:36:41,I,3.155,23.87,30.07
25dc4cb4,2026-09-16 12:36:41,I,3.243,23.87,30.46
25dc4cb4,2026-09-16 12:36:41,I,3.33,23.77,30.66
25dc4cb4,2026-09-16 12:36:41,I,3.418,23.81,30.82
25dc4cb4,2026-09-16 12:36:41,I,3.505,23.59,30.98
25dc4cb4,2026-09-16 12:36:41,I,3.594,23.59,31.28
25dc4cb4,2026-09-16 12:36:41,I,3.681,23.71,31.45
25dc4cb4,2026-09-16 12:36:41,I,3.774,21.39,31.69
25dc4cb4,2026-09-16 12:36:41,I,3.866,21.39,32.72
369dd7c1,2026-09-16 12:36:58,I,0.0,23.9,20.06
369dd7c1,2026-09-16 12:36:58,I,0.089,22.47,20.35
369dd7c1,2026-09-16 12:36:58,I,0.176,21.15,20.41
369dd7c1,2026-09-16 12:36:58,I,0.264,22.38,20.66
369dd7c1,2026-09-16 12:36:58,I,0.352,23.55,20.65
369dd7c1,2026-09-16 12:36:58,I,0.439,23.55,20.82
369dd7c1,2026-09-16 12:36:58,I,0.526,23.73,20.65
369dd7c1,2026-09-16 12:36:58,I,0.615,23.73,21.21
369dd7c1,2026-09-16 12:36:58,I,0.703,23.91,20.59
369dd7c1,2026-09-16 12:36:58,I,0.791,23.99,20.48
369dd7c1,2026-09-16 12:36:58,I,0.878,24.18,20.23
369dd7c1,2026-09-16 12:36:58,I,0.966,23.4,20.18
369dd7c1,2026-09-16 12:36:58,I,1.053,24.13,20.18
369dd7c1,2026-09-16 12:36:58,I,1.141,24.13,20.23
369dd7c1,2026-09-16 12:36:58,I,1.229,24.04,20.54
369dd7c1,2026-09-16 12:36:58,I,1.316,23.89,21.04
369dd7c1,2026-09-16 12:36:58,I,1.404,24.18,21.43
369dd7c1,2026-09-16 12:36:58,I,1.491,24.18,21.54
369dd7c1,2026-09-16 12:36:58,I,1.579,23.76,21.77
369dd7c1,2026-09-16 12:36:58,I,1.667,23.83,22.18
369dd7c1,2026-09-16 12:36:58,I,1.755,23.83,22.58
369dd7c1,2026-09-16 12:36:58,I,1.843,23.61,23.12
369dd7c1,2026-09-16 12:36:58,I,1.929,23.61,23.61
369dd7c1,2026-09-16 12:36:58,I,2.018,23.61,23.99
369dd7c1,2026-09-16 12:36:58,I,2.105,23.61,25.31
369dd7c1,2026-09-16 12:36:58,I,2.193,23.49,25.59
369dd7c1,2026-09-16 12:36:58,I,2.28,22.63,25.83
369dd7c1,2026-09-16 12:36:58,I,2.369,22.55,26.44
369dd7c1,2026-09-16 12:36:58,I,2.457,23.08,27.11
369dd7c1,2026-09-16 12:36:58,I,2.544,22.19,28.26
369dd7c1,2026-09-16 12:36:58,I,2.632,21.88,28.57
369dd7c1,2026-09-16 12:36:58,I,2.719,22.65,28.98
369dd7c1,2026-09-16 12:36:58,I,2.808,22.65,29.35
369dd7c1,2026-09-16 12:36:58,I,2.897,21.88,29.59
369dd7c1,2026-09-16 12:36:58,I,2.982,22.46,30.07
369dd7c1,2026-09-16 12:36:58,I,3.069,22.34,30.85
369dd7c1,2026-09-16 12:36:58,I,3.157,22.08,31.36
369dd7c1,2026-09-16 12:36:58,I,3.245,22.08,31.53
369dd7c1,2026-09-16 12:36:58,I,3.333,22.2,31.53
369dd7c1,2026-09-16 12:36:58,I,3.42,22.15,31.92
369dd7c1,2026-09-16 12:36:58,I,3.509,22.14,31.79
369dd7c1,2026-09-16 12:36:58,I,3.596,20.68,31.79
369dd7c1,2026-09-16 12:36:58,I,3.684,20.8,32.17
369dd7c1,2026-09-16 12:36:58,I,3.772,20.93,32.75
369dd7c1,2026-09-16 12:36:58,I,3.86,20.54,33.33
369dd7c1,2026-09-16 12:36:58,I,3.949,19.94,33.46
369dd7c1,2026-09-16 12:36:58,I,4.037,21.26,34.17
369dd7c1,2026-09-16 12:36:58,I,4.125,20.2,34.37
369dd7c1,2026-09-16 12:36:58,I,4.212,20.51,34.37
369dd7c1,2026-09-16 12:36:58,I,4.3,21.74,34.45
369dd7c1,2026-09-16 12:36:58,I,4.39,22.57,34.45
369dd7c1,2026-09-16 12:36:58,I,4.476,22.57,34.45
369dd7c1,2026-09-16 12:36:58,I,4.564,22.57,34.45
369dd7c1,2026-09-16 12:36:58,I,4.652,22.57,34.45
369dd7c1,2026-09-16 12:36:58,I,4.74,22.57,34.37
369dd7c1,2026-09-16 12:36:58,I,4.831,21.97,34.37
369dd7c1,2026-09-16 12:36:58,I,4.926,21.97,34.9
0a6b186d,2026-09-16 12:37:13,I,0.0,26.35,31.87
0a6b186d,2026-09-16 12:37:13,I,0.086,26.06,31.21
0a6b186d,2026-09-16 12:37:13,I,0.174,25.76,30.9
0a6b186d,2026-09-16 12:37:13,I,0.262,26.06,30.84
0a6b186d,2026-09-16 12:37:13,I,0.35,25.76,30.81
0a6b186d,2026-09-16 12:37:13,I,0.437,25.81,30.58
0a6b186d,2026-09-16 12:37:13,I,0.526,26.06,30.58
0a6b186d,2026-09-16 12:37:13,I,0.614,26.11,30.58
0a6b186d,2026-09-16 12:37:13,I,0.704,26.11,30.84
0a6b186d,2026-09-16 12:37:13,I,0.792,25.97,30.84
0a6b186d,2026-09-16 12:37:13,I,0.88,25.72,30.81
0a6b186d,2026-09-16 12:37:13,I,0.967,26.48,31.1
0a6b186d,2026-09-16 12:37:13,I,1.055,26.09,30.47
0a6b186d,2026-09-16 12:37:13,I,1.142,26.76,30.25
0a6b186d,2026-09-16 12:37:13,I,1.23,26.62,29.8
0a6b186d,2026-09-16 12:37:13,I,1.318,26.57,28.73
0a6b186d,2026-09-16 12:37:13,I,1.406,26.68,28.45
0a6b186d,2026-09-16 12:37:13,I,1.494,26.62,26.92
0a6b186d,2026-09-16 12:37:13,I,1.581,26.62,24.06
0a6b186d,2026-09-16 12:37:13,I,1.668,26.83,23.84
0a6b186d,2026-09-16 12:37:13,I,1.757,27.18,23.97
0a6b186d,2026-09-16 12:37:13,I,1.845,27.34,23.88
0a6b186d,2026-09-16 12:37:13,I,1.933,27.97,23.36
0a6b186d,2026-09-16 12:37:13,I,2.019,28.18,22.95
0a6b186d,2026-09-16 12:37:13,I,2.107,28.18,21.19
0a6b186d,2026-09-16 12:37:13,I,2.196,28.18,20.7
0a6b186d,2026-09-16 12:37:13,I,2.282,27.92,20.48
0a6b186d,2026-09-16 12:37:13,I,2.37,27.81,20.08
0a6b186d,2026-09-16 12:37:13,I,2.458,27.91,19.91
0a6b186d,2026-09-16 12:37:13,I,2.546,28.01,19.01
0a6b186d,2026-09-16 12:37:13,I,2.634,28.07,18.41
0a6b186d,2026-09-16 12:37:13,I,2.722,28.93,18.41
0a6b186d,2026-09-16 12:37:13,I,2.81,29.28,18.07
0a6b186d,2026-09-16 12:37:13,I,2.898,29.16,17.81
0a6b186d,2026-09-16 12:37:13,I,2.986,28.56,17.46
0a6b186d,2026-09-16 12:37:13,I,3.074,29.03,17.05
0a6b186d,2026-09-16 12:37:13,I,3.162,28.73,16.99
0a6b186d,2026-09-16 12:37:13,I,3.251,28.61,16.31
0a6b186d,2026-09-16 12:37:13,I,3.34,28.61,15.99
0a6b186d,2026-09-16 12:37:13,I,3.43,28.73,15.77
0a6b186d,2026-09-16 12:37:13,I,3.518,28.6,15.77
0a6b186d,2026-09-16 12:37:13,I,3.608,28.6,15.58
1c1a3a93,2026-09-16 12:37:29,I,0.0,25.26,16.44
1c1a3a93,2026-09-16 12:37:29,I,0.089,24.1,17.43
1c1a3a93,2026-09-16 12:37:29,I,0.177,25.41,18.38
1c1a3a93,2026-09-16 12:37:29,I,0.265,25.31,19.02
1c1a3a93,2026-09-16 12:37:29,I,0.352,24.97,19.47
1c1a3a93,2026-09-16 12:37:29,I,0.44,24.64,19.96
1c1a3a93,2026-09-16 12:37:29,I,0.527,24.86,20.13
1c1a3a93,2026-09-16 12:37:29,I,0.615,24.86,20.13
1c1a3a93,2026-09-16 12:37:29,I,0.702,25.0,19.96
1c1a3a93,2026-09-16 12:37:29,I,0.79,25.0,19.96
1c1a3a93,2026-09-16 12:37:29,I,0.878,25.2,19.69
1c1a3a93,2026-09-16 12:37:29,I,0.966,25.11,19.57
1c1a3a93,2026-09-16 12:37:29,I,1.055,25.06,19.47
1c1a3a93,2026-09-16 12:37:29,I,1.143,25.41,18.99
1c1a3a93,2026-09-16 12:37:29,I,1.232,25.41,18.86
1c1a3a93,2026-09-16 12:37:29,I,1.32,25.68,19.47
1c1a3a93,2026-09-16 12:37:29,I,1.407,25.81,19.47
1c1a3a93,2026-09-16 12:37:29,I,1.495,25.94,19.67
1c1a3a93,2026-09-16 12:37:29,I,1.583,25.98,20.48
1c1a3a93,2026-09-16 12:37:29,I,1.67,25.31,21.09
1c1a3a93,2026-09-16 12:37:29,I,1.759,25.12,21.09
1c1a3a93,2026-09-16 12:37:29,I,1.845,25.03,21.15
1c1a3a93,2026-09-16 12:37:29,I,1.933,24.9,21.59
1c1a3a93,2026-09-16 12:37:29,I,2.021,24.9,22.38
1c1a3a93,2026-09-16 12:37:29,I,2.11,24.76,22.6
1c1a3a93,2026-09-16 12:37:29,I,2.2,24.05,23.29
1c1a3a93,2026-09-16 12:37:29,I,2.286,24.05,23.86
1c1a3a93,2026-09-16 12:37:29,I,2.374,23.65,23.86
1c1a3a93,2026-09-16 12:37:29,I,2.463,23.65,24.42
1c1a3a93,2026-09-16 12:37:29,I,2.55,23.65,24.61
1c1a3a93,2026-09-16 12:37:29,I,2.638,24.02,25.36
1c1a3a93,2026-09-16 12:37:29,I,2.724,24.1,25.45
1c1a3a93,2026-09-16 12:37:29,I,2.812,24.15,25.55
1c1a3a93,2026-09-16 12:37:29,I,2.9,24.28,25.68
1c1a3a93,2026-09-16 12:37:29,I,2.987,24.28,26.0
1c1a3a93,2026-09-16 12:37:29,I,3.075,24.28,26.15
1c1a3a93,2026-09-16 12:37:29,I,3.162,24.07,26.81
1c1a3a93,2026-09-16 12:37:29,I,3.25,23.89,27.37
1c1a3a93,2026-09-16 12:37:29,I,3.338,23.75,27.69
1c1a3a93,2026-09-16 12:37:29,I,3.425,23.52,27.79
1c1a3a93,2026-09-16 12:37:29,I,3.513,23.47,27.92
1c1a3a93,2026-09-16 12:37:29,I,3.6,23.47,28.32
1c1a3a93,2026-09-16 12:37:29,I,3.688,23.47,29.09
1c1a3a93,2026-09-16 12:37:29,I,3.776,23.74,29.46
1c1a3a93,2026-09-16 12:37:29,I,3.863,23.73,29.85
1c1a3a93,2026-09-16 12:37:29,I,3.952,23.87,29.65
1c1a3a93,2026-09-16 12:37:29,I,4.038,24.01,29.79
1c1a3a93,2026-09-16 12:37:29,I,4.125,23.74,30.07
1c1a3a93,2026-09-16 12:37:29,I,4.214,23.74,30.29
1c1a3a93,2026-09-16 12:37:29,I,4.301,23.74,30.34
1c1a3a93,2026-09-16 12:37:29,I,4.389,23.74,30.86
1c1a3a93,2026-09-16 12:37:29,I,4.476,23.6,30.95
1c1a3a93,2026-09-16 12:37:29,I,4.564,23.48,31.17
1c1a3a93,2026-09-16 12:37:29,I,4.652,23.48,31.17
1c1a3a93,2026-09-16 12:37:29,I,4.74,23.48,31.34
1c1a3a93,2026-09-16 12:37:29,I,4.828,23.33,32.32
1c1a3a93,2026-09-16 12:37:29,I,4.915,23.42,33.12
1c1a3a93,2026-09-16 12:37:29,I,5.003,23.42,33.12
1c1a3a93,2026-09-16 12:37:29,I,5.091,23.42,33.16
1c1a3a93,2026-09-16 12:37:29,I,5.179,23.42,33.34
1c1a3a93,2026-09-16 12:37:29,I,5.267,23.27,33.34
1c1a3a93,2026-09-16 12:37:29,I,5.355,23.4,33.46
1c1a3a93,2026-09-16 12:37:29,I,5.442,23.45,33.46
1c1a3a93,2026-09-16 12:37:29,I,5.53,23.45,33.55
1c1a3a93,2026-09-16 12:37:29,I,5.618,23.45,33.53
1c1a3a93,2026-09-16 12:37:29,I,5.706,22.6,33.59
1c1a3a93,2026-09-16 12:37:29,I,5.795,21.88,33.91
1c1a3a93,2026-09-16 12:37:29,I,5.884,21.88,33.91
1c1a3a93,2026-09-16 12:37:29,I,5.97,22.6,33.74
1c1a3a93,2026-09-16 12:37:29,I,6.058,22.55,33.71
1c1a3a93,2026-09-16 12:37:29,I,6.147,22.76,33.33
1c1a3a93,2026-09-16 12:37:29,I,6.24,22.76,33.15
ceb56f62,2026-09-16 12:37:59,I,0.0,22.94,24.2
ceb56f62,2026-09-16 12:37:59,I,0.087,22.91,24.56
ceb56f62,2026-09-16 12:37:59,I,0.175,22.82,24.92
ceb56f62,2026-09-16 12:37:59,I,0.263,22.91,25.27
ceb56f62,2026-09-16 12:37:59,I,0.35,22.9,25.32
ceb56f62,2026-09-16 12:37:59,I,0.438,21.72,25.55
ceb56f62,2026-09-16 12:37:59,I,0.525,21.76,25.73
ceb56f62,2026-09-16 12:37:59,I,0.613,22.8,26.02
ceb56f62,2026-09-16 12:37:59,I,0.701,22.01,26.12
ceb56f62,2026-09-16 12:37:59,I,0.789,22.79,25.98
ceb56f62,2026-09-16 12:37:59,I,0.877,23.08,26.3
ceb56f62,2026-09-16 12:37:59,I,0.964,23.21,26.16
ceb56f62,2026-09-16 12:37:59,I,1.052,23.49,26.16
ceb56f62,2026-09-16 12:37:59,I,1.139,23.61,26.16
ceb56f62,2026-09-16 12:37:59,I,1.227,23.66,26.16
ceb56f62,2026-09-16 12:37:59,I,1.315,23.61,26.16
ceb56f62,2026-09-16 12:37:59,I,1.402,23.87,26.44
ceb56f62,2026-09-16 12:37:59,I,1.49,23.87,26.68
ceb56f62,2026-09-16 12:37:59,I,1.578,23.87,26.53
ceb56f62,2026-09-16 12:37:59,I,1.666,23.87,26.15
ceb56f62,2026-09-16 12:37:59,I,1.753,24.1,26.53
ceb56f62,2026-09-16 12:37:59,I,1.841,24.02,25.59
ceb56f62,2026-09-16 12:37:59,I,1.928,24.06,25.22
ceb56f62,2026-09-16 12:37:59,I,2.016,24.41,25.22
ceb56f62,2026-09-16 12:37:59,I,2.104,24.41,25.18
ceb56f62,2026-09-16 12:37:59,I,2.192,24.72,24.99
ceb56f62,2026-09-16 12:37:59,I,2.28,24.85,24.51
ceb56f62,2026-09-16 12:37:59,I,2.367,24.59,24.32
ceb56f62,2026-09-16 12:37:59,I,2.454,24.72,24.09
ceb56f62,2026-09-16 12:37:59,I,2.542,24.94,23.61
ceb56f62,2026-09-16 12:37:59,I,2.632,24.85,23.19
ceb56f62,2026-09-16 12:37:59,I,2.719,24.94,22.58
ceb56f62,2026-09-16 12:37:59,I,2.807,25.98,22.04
ceb56f62,2026-09-16 12:37:59,I,2.895,25.83,20.5
ceb56f62,2026-09-16 12:37:59,I,2.983,25.83,19.9
ceb56f62,2026-09-16 12:37:59,I,3.071,25.83,19.53
ceb56f62,2026-09-16 12:37:59,I,3.159,25.74,18.65
ceb56f62,2026-09-16 12:37:59,I,3.25,25.28,18.54
ceb56f62,2026-09-16 12:37:59,I,3.338,25.24,18.54
ceb56f62,2026-09-16 12:37:59,I,3.516,25.46,15.52
ceb56f62,2026-09-16 12:37:59,I,3.605,25.46,15.33
ceb56f62,2026-09-16 12:37:59,I,3.694,26.24,15.33
ceb56f62,2026-09-16 12:37:59,I,3.784,26.95,15.37
ceb56f62,2026-09-16 12:37:59,I,3.871,27.93,15.92
ceb56f62,2026-09-16 12:37:59,I,3.96,27.88,16.25
ceb56f62,2026-09-16 12:37:59,I,4.051,27.79,16.1
8c85e1cb,2026-09-16 12:38:25,I,0.0,25.98,28.03
8c85e1cb,2026-09-16 12:38:25,I,0.087,25.02,27.64
8c85e1cb,2026-09-16 12:38:25,I,0.175,24.98,27.07
8c85e1cb,2026-09-16 12:38:25,I,0.262,25.02,26.82
8c85e1cb,2026-09-16 12:38:25,I,0.35,25.02,26.55
8c85e1cb,2026-09-16 12:38:25,I,0.439,24.72,25.46
8c85e1cb,2026-09-16 12:38:25,I,0.527,24.73,24.04
8c85e1cb,2026-09-16 12:38:25,I,0.615,24.87,22.2
8c85e1cb,2026-09-16 12:38:25,I,0.703,25.15,21.86
8c85e1cb,2026-09-16 12:38:25,I,0.791,25.06,21.86
8c85e1cb,2026-09-16 12:38:25,I,0.88,25.06,15.39
8c85e1cb,2026-09-16 12:38:25,I,0.968,25.06,16.66
8c85e1cb,2026-09-16 12:38:25,I,1.055,25.25,17.85
8c85e1cb,2026-09-16 12:38:25,I,1.144,25.69,17.69
8c85e1cb,2026-09-16 12:38:25,I,1.231,25.84,17.62
8c85e1cb,2026-09-16 12:38:25,I,1.321,25.84,17.53
8c85e1cb,2026-09-16 12:38:25,I,1.407,26.31,17.37
8c85e1cb,2026-09-16 12:38:25,I,1.495,26.03,16.65
8c85e1cb,2026-09-16 12:38:25,I,1.584,26.03,16.52
8c85e1cb,2026-09-16 12:38:25,I,1.673,25.67,16.39
8c85e1cb,2026-09-16 12:38:25,I,1.76,25.67,16.52
8c85e1cb,2026-09-16 12:38:25,I,1.853,25.67,16.52
8c85e1cb,2026-09-16 12:38:25,I,1.947,25.67,16.52
209a8fa9,2026-09-16 12:38:35,I,0.0,25.41,17.84
209a8fa9,2026-09-16 12:38:35,I,0.092,24.55,17.81
209a8fa9,2026-09-16 12:38:35,I,0.178,23.72,18.59
209a8fa9,2026-09-16 12:38:35,I,0.266,23.72,18.77
209a8fa9,2026-09-16 12:38:35,I,0.355,23.72,18.68
209a8fa9,2026-09-16 12:38:35,I,0.443,25.57,18.37
209a8fa9,2026-09-16 12:38:35,I,0.531,25.72,17.88
209a8fa9,2026-09-16 12:38:35,I,0.621,25.72,17.48
209a8fa9,2026-09-16 12:38:35,I,0.71,25.72,17.29
209a8fa9,2026-09-16 12:38:35,I,1.245,25.83,17.56
209a8fa9,2026-09-16 12:38:35,I,1.333,26.19,17.56
209a8fa9,2026-09-16 12:38:35,I,1.42,25.87,17.88
209a8fa9,2026-09-16 12:38:35,I,1.509,25.61,18.63
209a8fa9,2026-09-16 12:38:35,I,1.597,25.3,19.33
209a8fa9,2026-09-16 12:38:35,I,1.683,25.21,19.86
209a8fa9,2026-09-16 12:38:35,I,1.77,25.43,20.41
209a8fa9,2026-09-16 12:38:35,I,1.858,25.1,20.87
209a8fa9,2026-09-16 12:38:35,I,1.946,25.13,21.81
209a8fa9,2026-09-16 12:38:35,I,2.033,25.22,22.58
209a8fa9,2026-09-16 12:38:35,I,2.121,25.5,23.14
209a8fa9,2026-09-16 12:38:35,I,2.209,25.22,23.77
209a8fa9,2026-09-16 12:38:35,I,2.296,25.16,24.63
209a8fa9,2026-09-16 12:38:35,I,2.384,25.16,26.04
209a8fa9,2026-09-16 12:38:35,I,2.472,24.94,26.73
209a8fa9,2026-09-16 12:38:35,I,2.56,24.85,27.21
209a8fa9,2026-09-16 12:38:35,I,2.648,24.94,27.5
209a8fa9,2026-09-16 12:38:35,I,2.735,24.59,28.54
209a8fa9,2026-09-16 12:38:35,I,2.823,24.59,28.7
209a8fa9,2026-09-16 12:38:35,I,2.91,24.85,29.9
209a8fa9,2026-09-16 12:38:35,I,2.998,24.85,30.09
209a8fa9,2026-09-16 12:38:35,I,3.087,24.5,30.52
209a8fa9,2026-09-16 12:38:35,I,3.173,24.59,30.85
209a8fa9,2026-09-16 12:38:35,I,3.261,24.59,31.81
209a8fa9,2026-09-16 12:38:35,I,3.349,24.87,32.03
209a8fa9,2026-09-16 12:38:35,I,3.438,24.02,32.13
209a8fa9,2026-09-16 12:38:35,I,3.525,24.02,32.29
209a8fa9,2026-09-16 12:38:35,I,3.612,24.02,32.32
209a8fa9,2026-09-16 12:38:35,I,3.7,24.16,32.32
209a8fa9,2026-09-16 12:38:35,I,3.788,24.78,32.04
209a8fa9,2026-09-16 12:38:35,I,3.877,25.02,32.04
209a8fa9,2026-09-16 12:38:35,I,3.965,24.78,32.22
209a8fa9,2026-09-16 12:38:35,I,4.058,24.78,32.28
209a8fa9,2026-09-16 12:38:35,I,4.155,24.78,32.28
a2f7011d,2026-09-16 12:38:58,I,0.0,26.05,17.97
a2f7011d,2026-09-16 12:38:58,I,0.087,25.94,18.13
a2f7011d,2026-09-16 12:38:58,I,0.174,25.64,18.38
a2f7011d,2026-09-16 12:38:58,I,0.262,25.48,19.47
a2f7011d,2026-09-16 12:38:58,I,0.349,25.56,19.63
a2f7011d,2026-09-16 12:38:58,I,0.437,25.42,20.06
a2f7011d,2026-09-16 12:38:58,I,0.525,25.45,20.2
a2f7011d,2026-09-16 12:38:58,I,0.613,25.58,20.98
a2f7011d,2026-09-16 12:38:58,I,0.7,25.58,21.53
a2f7011d,2026-09-16 12:38:58,I,0.788,26.04,22.72
a2f7011d,2026-09-16 12:38:58,I,0.875,26.21,23.18
a2f7011d,2026-09-16 12:38:58,I,0.963,26.21,24.08
a2f7011d,2026-09-16 12:38:58,I,1.051,25.65,25.31
a2f7011d,2026-09-16 12:38:58,I,1.138,25.61,26.35
a2f7011d,2026-09-16 12:38:58,I,1.227,25.28,27.13
a2f7011d,2026-09-16 12:38:58,I,1.314,25.33,29.01
a2f7011d,2026-09-16 12:38:58,I,1.403,25.33,29.69
a2f7011d,2026-09-16 12:38:58,I,1.492,25.52,29.73
a2f7011d,2026-09-16 12:38:58,I,1.58,25.44,30.56
a2f7011d,2026-09-16 12:38:58,I,1.668,25.13,30.79
a2f7011d,2026-09-16 12:38:58,I,1.756,25.13,30.55
a2f7011d,2026-09-16 12:38:58,I,1.846,25.09,30.55
a2f7011d,2026-09-16 12:38:58,I,1.934,25.13,31.16
a2f7011d,2026-09-16 12:38:58,I,2.021,25.1,31.14
a2f7011d,2026-09-16 12:38:58,I,2.109,25.14,30.8
a2f7011d,2026-09-16 12:38:58,I,2.198,25.06,30.9
a2f7011d,2026-09-16 12:38:58,I,2.285,25.11,30.9
a2f7011d,2026-09-16 12:38:58,I,2.372,25.43,31.12
a2f7011d,2026-09-16 12:38:58,I,2.462,25.43,31.18
a2f7011d,2026-09-16 12:38:58,I,2.548,25.16,31.34
a2f7011d,2026-09-16 12:38:58,I,2.641,25.16,31.63
a2f7011d,2026-09-16 12:38:58,I,2.734,25.16,31.98
02032d6b,2026-09-16 12:39:23,J,0.0,24.28,27.12
02032d6b,2026-09-16 12:39:23,J,0.087,24.02,27.67
02032d6b,2026-09-16 12:39:23,J,0.176,23.97,28.12
02032d6b,2026-09-16 12:39:23,J,0.263,24.01,29.94
02032d6b,2026-09-16 12:39:23,J,0.35,23.83,30.44
02032d6b,2026-09-16 12:39:23,J,0.44,24.05,30.58
02032d6b,2026-09-16 12:39:23,J,0.526,23.81,30.81
02032d6b,2026-09-16 12:39:23,J,0.614,23.55,30.91
02032d6b,2026-09-16 12:39:23,J,0.701,23.51,30.91
02032d6b,2026-09-16 12:39:23,J,0.789,23.59,30.73
02032d6b,2026-09-16 12:39:23,J,0.876,23.87,30.28
02032d6b,2026-09-16 12:39:23,J,0.964,24.19,30.28
02032d6b,2026-09-16 12:39:23,J,1.052,24.32,29.7
02032d6b,2026-09-16 12:39:23,J,1.14,24.46,29.47
02032d6b,2026-09-16 12:39:23,J,1.227,24.59,28.65
02032d6b,2026-09-16 12:39:23,J,1.314,24.99,28.49
02032d6b,2026-09-16 12:39:23,J,1.403,24.9,27.47
02032d6b,2026-09-16 12:39:23,J,1.493,24.9,27.08
02032d6b,2026-09-16 12:39:23,J,1.58,24.9,26.71
02032d6b,2026-09-16 12:39:23,J,1.668,24.9,26.4
02032d6b,2026-09-16 12:39:23,J,1.758,24.9,26.12
02032d6b,2026-09-16 12:39:23,J,1.847,25.41,25.46
02032d6b,2026-09-16 12:39:23,J,2.024,25.64,20.93
02032d6b,2026-09-16 12:39:23,J,2.112,26.02,20.64
02032d6b,2026-09-16 12:39:23,J,2.202,25.94,19.89
02032d6b,2026-09-16 12:39:23,J,2.29,25.89,19.54
02032d6b,2026-09-16 12:39:23,J,3.551,27.64,13.85
02032d6b,2026-09-16 12:39:23,J,3.641,27.09,14.14
02032d6b,2026-09-16 12:39:23,J,3.732,27.09,14.61
02032d6b,2026-09-16 12:39:23,J,4.811,20.4,18.44
02032d6b,2026-09-16 12:39:23,J,4.898,21.01,18.44
02032d6b,2026-09-16 12:39:23,J,4.986,20.51,18.29
02032d6b,2026-09-16 12:39:23,J,5.075,20.35,18.39
02032d6b,2026-09-16 12:39:23,J,5.162,20.57,18.39
02032d6b,2026-09-16 12:39:23,J,5.251,20.47,18.39
02032d6b,2026-09-16 12:39:23,J,5.339,20.53,17.69
02032d6b,2026-09-16 12:39:23,J,5.427,19.58,17.69
02032d6b,2026-09-16 12:39:23,J,5.515,20.3,18.5
02032d6b,2026-09-16 12:39:23,J,5.603,19.64,18.74
02032d6b,2026-09-16 12:39:23,J,5.69,20.3,19.84
02032d6b,2026-09-16 12:39:23,J,5.779,20.11,20.24
02032d6b,2026-09-16 12:39:23,J,5.866,20.78,20.53
02032d6b,2026-09-16 12:39:23,J,5.954,20.78,20.42
02032d6b,2026-09-16 12:39:23,J,6.042,20.83,20.42
02032d6b,2026-09-16 12:39:23,J,6.13,20.78,20.7
02032d6b,2026-09-16 12:39:23,J,6.219,20.89,20.76
02032d6b,2026-09-16 12:39:23,J,6.305,20.89,20.76
02032d6b,2026-09-16 12:39:23,J,6.393,21.38,20.76
02032d6b,2026-09-16 12:39:23,J,6.481,21.15,20.76
02032d6b,2026-09-16 12:39:23,J,6.569,21.31,20.53
02032d6b,2026-09-16 12:39:23,J,6.656,21.15,20.53
02032d6b,2026-09-16 12:39:23,J,6.744,21.0,21.41
02032d6b,2026-09-16 12:39:23,J,6.831,20.89,21.77
02032d6b,2026-09-16 12:39:23,J,6.919,20.89,21.88
02032d6b,2026-09-16 12:39:23,J,7.007,20.62,22.05
02032d6b,2026-09-16 12:39:23,J,7.094,20.62,22.1
02032d6b,2026-09-16 12:39:23,J,7.182,20.94,22.05
02032d6b,2026-09-16 12:39:23,J,7.27,21.04,22.58
02032d6b,2026-09-16 12:39:23,J,7.358,20.62,22.58
02032d6b,2026-09-16 12:39:23,J,7.445,20.35,22.58
02032d6b,2026-09-16 12:39:23,J,7.535,20.02,22.22
02032d6b,2026-09-16 12:39:23,J,7.626,20.02,22.64
f4c348f7,2026-09-16 12:39:45,J,0.0,26.78,23.28
f4c348f7,2026-09-16 12:39:45,J,0.088,26.1,23.86
f4c348f7,2026-09-16 12:39:45,J,0.175,25.85,24.46
f4c348f7,2026-09-16 12:39:45,J,0.263,25.3,24.21
f4c348f7,2026-09-16 12:39:45,J,0.351,25.25,24.14
f4c348f7,2026-09-16 12:39:45,J,0.44,24.89,24.14
f4c348f7,2026-09-16 12:39:45,J,0.528,24.19,24.14
f4c348f7,2026-09-16 12:39:45,J,0.616,24.19,23.4
f4c348f7,2026-09-16 12:39:45,J,0.704,23.79,23.26
f4c348f7,2026-09-16 12:39:45,J,0.791,23.74,24.38
f4c348f7,2026-09-16 12:39:45,J,0.879,23.79,24.48
f4c348f7,2026-09-16 12:39:45,J,0.966,23.88,24.38
f4c348f7,2026-09-16 12:39:45,J,1.054,23.96,24.38
f4c348f7,2026-09-16 12:39:45,J,1.142,24.19,24.38
f4c348f7,2026-09-16 12:39:45,J,1.229,24.36,23.91
f4c348f7,2026-09-16 12:39:45,J,1.316,24.36,23.73
f4c348f7,2026-09-16 12:39:45,J,1.404,24.59,23.63
f4c348f7,2026-09-16 12:39:45,J,1.492,24.59,22.38
f4c348f7,2026-09-16 12:39:45,J,1.58,24.59,21.45
f4c348f7,2026-09-16 12:39:45,J,1.668,24.59,20.97
f4c348f7,2026-09-16 12:39:45,J,1.757,24.73,20.32
f4c348f7,2026-09-16 12:39:45,J,1.845,24.64,20.24
f4c348f7,2026-09-16 12:39:45,J,1.933,24.64,20.06
f4c348f7,2026-09-16 12:39:45,J,2.022,24.73,19.95
f4c348f7,2026-09-16 12:39:45,J,2.112,24.59,19.29
f4c348f7,2026-09-16 12:39:45,J,2.203,24.59,18.75
f4c348f7,2026-09-16 12:39:45,J,3.834,27.87,11.59
f4c348f7,2026-09-16 12:39:45,J,3.923,26.92,11.94
f4c348f7,2026-09-16 12:39:45,J,4.012,26.87,14.04
f4c348f7,2026-09-16 12:39:45,J,4.1,25.9,14.34
f4c348f7,2026-09-16 12:39:45,J,4.188,25.49,15.98
f4c348f7,2026-09-16 12:39:45,J,4.275,25.89,19.29
f4c348f7,2026-09-16 12:39:45,J,4.363,25.28,19.57
f4c348f7,2026-09-16 12:39:45,J,4.45,25.28,20.13
f4c348f7,2026-09-16 12:39:45,J,4.538,25.28,20.13
f4c348f7,2026-09-16 12:39:45,J,4.626,25.66,19.79
f4c348f7,2026-09-16 12:39:45,J,4.713,26.06,19.57
f4c348f7,2026-09-16 12:39:45,J,4.803,25.84,19.57
f4c348f7,2026-09-16 12:39:45,J,4.891,25.86,19.01
f4c348f7,2026-09-16 12:39:45,J,4.979,25.96,18.8
f4c348f7,2026-09-16 12:39:45,J,5.069,25.69,16.06
f4c348f7,2026-09-16 12:39:45,J,5.158,25.54,15.65
5d0ef4f4,2026-09-16 12:40:02,J,0.0,26.45,18.56
5d0ef4f4,2026-09-16 12:40:02,J,0.089,26.55,18.74
5d0ef4f4,2026-09-16 12:40:02,J,0.177,26.49,18.99
5d0ef4f4,2026-09-16 12:40:02,J,0.265,26.55,19.51
5d0ef4f4,2026-09-16 12:40:02,J,0.354,26.55,19.86
5d0ef4f4,2026-09-16 12:40:02,J,0.442,26.49,20.13
5d0ef4f4,2026-09-16 12:40:02,J,0.532,26.49,20.13
5d0ef4f4,2026-09-16 12:40:02,J,0.622,26.49,20.13
5d0ef4f4,2026-09-16 12:40:02,J,0.888,24.68,20.66
5d0ef4f4,2026-09-16 12:40:02,J,0.979,24.68,20.66
5d0ef4f4,2026-09-16 12:40:02,J,1.069,24.68,20.66
5d0ef4f4,2026-09-16 12:40:02,J,1.336,24.32,20.73
5d0ef4f4,2026-09-16 12:40:02,J,1.424,24.32,20.59
5d0ef4f4,2026-09-16 12:40:02,J,1.513,24.32,20.59
5d0ef4f4,2026-09-16 12:40:02,J,1.603,24.32,20.24
5d0ef4f4,2026-09-16 12:40:02,J,1.689,24.23,20.24
5d0ef4f4,2026-09-16 12:40:02,J,1.777,24.32,20.24
5d0ef4f4,2026-09-16 12:40:02,J,1.865,24.32,20.42
5d0ef4f4,2026-09-16 12:40:02,J,1.953,24.18,20.14
5d0ef4f4,2026-09-16 12:40:02,J,2.04,24.32,20.42
5d0ef4f4,2026-09-16 12:40:02,J,2.128,24.55,20.14
5d0ef4f4,2026-09-16 12:40:02,J,2.216,24.41,20.48
5d0ef4f4,2026-09-16 12:40:02,J,2.306,24.32,20.32
5d0ef4f4,2026-09-16 12:40:02,J,2.393,23.84,20.18
5d0ef4f4,2026-09-16 12:40:02,J,2.483,23.84,20.18
5d0ef4f4,2026-09-16 12:40:02,J,2.572,23.84,19.88
5d0ef4f4,2026-09-16 12:40:02,J,2.66,23.58,19.75
5d0ef4f4,2026-09-16 12:40:02,J,2.749,23.16,19.75
5d0ef4f4,2026-09-16 12:40:02,J,2.839,23.84,19.56
5d0ef4f4,2026-09-16 12:40:02,J,2.926,23.19,18.38
5d0ef4f4,2026-09-16 12:40:02,J,3.015,23.19,17.28
5d0ef4f4,2026-09-16 12:40:02,J,3.104,23.94,17.11
5d0ef4f4,2026-09-16 12:40:02,J,5.166,25.26,14.98
5d0ef4f4,2026-09-16 12:40:02,J,5.255,25.7,15.42
5d0ef4f4,2026-09-16 12:40:02,J,5.343,26.03,16.36
5d0ef4f4,2026-09-16 12:40:02,J,5.43,26.87,17.37
5d0ef4f4,2026-09-16 12:40:02,J,5.52,26.87,18.07
5d0ef4f4,2026-09-16 12:40:02,J,5.609,26.95,20.07
5d0ef4f4,2026-09-16 12:40:02,J,5.697,27.0,20.18
5d0ef4f4,2026-09-16 12:40:02,J,5.784,26.95,20.48
5d0ef4f4,2026-09-16 12:40:02,J,5.872,26.34,20.93
5d0ef4f4,2026-09-16 12:40:02,J,5.96,26.22,21.53
5d0ef4f4,2026-09-16 12:40:02,J,6.047,26.22,22.54
5d0ef4f4,2026-09-16 12:40:02,J,6.136,26.22,23.05
5d0ef4f4,2026-09-16 12:40:02,J,6.224,26.09,22.69
5d0ef4f4,2026-09-16 12:40:02,J,6.311,26.34,23.96
5d0ef4f4,2026-09-16 12:40:02,J,6.401,26.34,23.96
5d0ef4f4,2026-09-16 12:40:02,J,6.488,26.34,24.56
5d0ef4f4,2026-09-16 12:40:02,J,6.576,26.05,26.41
5d0ef4f4,2026-09-16 12:40:02,J,6.666,25.95,26.41
5d0ef4f4,2026-09-16 12:40:02,J,6.756,25.59,26.57
5d0ef4f4,2026-09-16 12:40:02,J,6.845,25.7,26.57
5d0ef4f4,2026-09-16 12:40:02,J,6.933,25.42,27.23
5d0ef4f4,2026-09-16 12:40:02,J,7.022,25.3,25.5
5d0ef4f4,2026-09-16 12:40:02,J,7.11,24.86,25.67
5d0ef4f4,2026-09-16 12:40:02,J,7.199,24.73,25.67
5d0ef4f4,2026-09-16 12:40:02,J,7.289,24.73,25.67
5d0ef4f4,2026-09-16 12:40:02,J,7.379,24.73,25.67
5d0ef4f4,2026-09-16 12:40:02,J,7.467,24.59,31.14
5d0ef4f4,2026-09-16 12:40:02,J,7.555,24.26,30.91
5d0ef4f4,2026-09-16 12:40:02,J,7.645,24.31,30.74
5d0ef4f4,2026-09-16 12:40:02,J,7.734,24.26,30.74
5d0ef4f4,2026-09-16 12:40:02,J,8.088,22.7,31.55
5d0ef4f4,2026-09-16 12:40:02,J,8.176,23.45,31.55
5d0ef4f4,2026-09-16 12:40:02,J,8.263,24.16,31.55
5d0ef4f4,2026-09-16 12:40:02,J,8.352,24.02,31.43
5d0ef4f4,2026-09-16 12:40:02,J,8.441,24.02,31.55
5d0ef4f4,2026-09-16 12:40:02,J,8.531,24.73,31.43
6904a851,2026-09-16 12:40:25,J,0.0,25.13,22.49
6904a851,2026-09-16 12:40:25,J,0.086,25.04,23.58
6904a851,2026-09-16 12:40:25,J,0.174,24.86,23.88
6904a851,2026-09-16 12:40:25,J,0.261,24.63,24.9
6904a851,2026-09-16 12:40:25,J,0.349,24.77,24.95
6904a851,2026-09-16 12:40:25,J,0.436,25.08,25.41
6904a851,2026-09-16 12:40:25,J,0.524,24.86,25.73
6904a851,2026-09-16 12:40:25,J,0.612,24.89,25.41
6904a851,2026-09-16 12:40:25,J,0.7,25.16,25.41
6904a851,2026-09-16 12:40:25,J,0.787,24.99,26.42
6904a851,2026-09-16 12:40:25,J,0.875,24.46,25.97
6904a851,2026-09-16 12:40:25,J,0.962,24.67,26.37
6904a851,2026-09-16 12:40:25,J,1.051,24.67,26.37
6904a851,2026-09-16 12:40:25,J,1.137,24.76,26.42
6904a851,2026-09-16 12:40:25,J,1.225,24.71,26.63
6904a851,2026-09-16 12:40:25,J,1.312,24.71,26.93
6904a851,2026-09-16 12:40:25,J,1.4,24.54,27.39
6904a851,2026-09-16 12:40:25,J,1.487,24.32,27.39
6904a851,2026-09-16 12:40:25,J,1.575,24.46,28.16
6904a851,2026-09-16 12:40:25,J,1.663,24.32,29.04
6904a851,2026-09-16 12:40:25,J,1.75,24.32,29.04
6904a851,2026-09-16 12:40:25,J,1.838,24.32,29.48
6904a851,2026-09-16 12:40:25,J,1.925,24.32,29.9
6904a851,2026-09-16 12:40:25,J,2.014,24.32,30.07
6904a851,2026-09-16 12:40:25,J,2.101,24.05,30.93
6904a851,2026-09-16 12:40:25,J,2.188,24.05,30.98
6904a851,2026-09-16 12:40:25,J,2.276,24.05,31.08
6904a851,2026-09-16 12:40:25,J,2.364,23.91,31.18
6904a851,2026-09-16 12:40:25,J,2.452,23.91,31.77
6904a851,2026-09-16 12:40:25,J,2.539,23.77,31.8
6904a851,2026-09-16 12:40:25,J,2.627,23.9,32.04
6904a851,2026-09-16 12:40:25,J,2.715,24.03,32.04
6904a851,2026-09-16 12:40:25,J,2.802,24.03,32.59
6904a851,2026-09-16 12:40:25,J,2.89,23.95,31.71
6904a851,2026-09-16 12:40:25,J,2.978,24.04,31.65
6904a851,2026-09-16 12:40:25,J,3.065,24.04,31.53
6904a851,2026-09-16 12:40:25,J,3.153,23.91,30.8
6904a851,2026-09-16 12:40:25,J,3.241,24.19,30.56
6904a851,2026-09-16 12:40:25,J,3.329,24.59,30.35
6904a851,2026-09-16 12:40:25,J,3.415,24.72,29.75
6904a851,2026-09-16 12:40:25,J,3.503,24.89,28.89
6904a851,2026-09-16 12:40:25,J,3.591,25.16,28.08
6904a851,2026-09-16 12:40:25,J,3.678,25.16,27.53
6904a851,2026-09-16 12:40:25,J,3.766,25.16,26.2
6904a851,2026-09-16 12:40:25,J,3.854,25.16,24.47
6904a851,2026-09-16 12:40:25,J,3.941,25.16,24.09
6904a851,2026-09-16 12:40:25,J,4.03,25.25,23.96
6904a851,2026-09-16 12:40:25,J,4.119,25.29,23.71
6904a851,2026-09-16 12:40:25,J,4.207,25.29,23.28
6904a851,2026-09-16 12:40:25,J,4.296,25.29,22.95
6904a851,2026-09-16 12:40:25,J,4.384,25.09,21.92
6904a851,2026-09-16 12:40:25,J,4.471,25.28,21.42
6904a851,2026-09-16 12:40:25,J,4.56,25.19,21.25
6904a851,2026-09-16 12:40:25,J,4.647,25.47,20.87
6904a851,2026-09-16 12:40:25,J,4.737,25.47,19.96
6904a851,2026-09-16 12:40:25,J,4.825,25.47,19.1
6904a851,2026-09-16 12:40:25,J,5.272,25.67,16.37
6904a851,2026-09-16 12:40:25,J,5.36,24.18,16.37
6904a851,2026-09-16 12:40:25,J,5.449,23.76,16.63
6904a851,2026-09-16 12:40:25,J,5.536,24.25,16.63
6904a851,2026-09-16 12:40:25,J,5.626,24.15,16.97
6904a851,2026-09-16 12:40:25,J,5.715,23.63,17.27
6904a851,2026-09-16 12:40:25,J,5.803,23.63,17.49
6904a851,2026-09-16 12:40:25,J,5.891,23.58,17.75
6904a851,2026-09-16 12:40:25,J,5.98,23.38,18.07
6904a851,2026-09-16 12:40:25,J,6.07,23.38,18.38
6904a851,2026-09-16 12:40:25,J,6.158,23.22,18.56
6904a851,2026-09-16 12:40:25,J,6.246,22.92,18.62
6904a851,2026-09-16 12:40:25,J,6.334,22.82,18.68
6904a851,2026-09-16 12:40:25,J,6.421,21.67,18.93
6904a851,2026-09-16 12:40:25,J,6.513,21.67,19.17
6904a851,2026-09-16 12:40:25,J,6.601,21.67,19.27
6904a851,2026-09-16 12:40:25,J,6.688,21.53,19.27
6904a851,2026-09-16 12:40:25,J,6.777,21.67,19.37
6904a851,2026-09-16 12:40:25,J,6.867,22.86,19.37
6904a851,2026-09-16 12:40:25,J,6.955,22.93,19.49
6904a851,2026-09-16 12:40:25,J,7.042,22.8,19.73
6904a851,2026-09-16 12:40:25,J,7.13,22.95,20.03
6904a851,2026-09-16 12:40:25,J,7.218,22.95,20.14
6904a851,2026-09-16 12:40:25,J,7.306,22.65,20.25
6904a851,2026-09-16 12:40:25,J,7.393,22.6,20.14
6904a851,2026-09-16 12:40:25,J,7.481,22.65,20.48
6904a851,2026-09-16 12:40:25,J,7.569,22.6,20.53
6904a851,2026-09-16 12:40:25,J,7.656,22.6,20.53
6904a851,2026-09-16 12:40:25,J,7.744,22.6,20.59
6904a851,2026-09-16 12:40:25,J,7.832,22.6,20.53
6904a851,2026-09-16 12:40:25,J,7.92,22.6,20.53
6904a851,2026-09-16 12:40:25,J,8.008,22.35,20.42
6904a851,2026-09-16 12:40:25,J,8.097,21.83,20.31
6904a851,2026-09-16 12:40:25,J,8.187,21.83,20.42
247257f6,2026-09-16 12:41:00,J,0.0,22.3,37.26
247257f6,2026-09-16 12:41:00,J,0.088,23.45,37.11
247257f6,2026-09-16 12:41:00,J,0.176,23.3,36.86
247257f6,2026-09-16 12:41:00,J,0.265,23.3,35.85
247257f6,2026-09-16 12:41:00,J,0.351,23.62,35.48
247257f6,2026-09-16 12:41:00,J,0.439,24.35,34.58
247257f6,2026-09-16 12:41:00,J,0.527,24.84,33.61
247257f6,2026-09-16 12:41:00,J,0.615,24.6,33.46
247257f6,2026-09-16 12:41:00,J,0.703,24.59,32.17
247257f6,2026-09-16 12:41:00,J,0.79,24.87,31.87
247257f6,2026-09-16 12:41:00,J,0.877,25.42,31.63
247257f6,2026-09-16 12:41:00,J,0.965,25.46,31.28
247257f6,2026-09-16 12:41:00,J,1.053,25.55,30.97
247257f6,2026-09-16 12:41:00,J,1.14,25.55,30.01
247257f6,2026-09-16 12:41:00,J,1.228,25.16,29.53
247257f6,2026-09-16 12:41:00,J,1.315,25.29,29.15
247257f6,2026-09-16 12:41:00,J,1.403,25.33,28.84
247257f6,2026-09-16 12:41:00,J,1.492,25.41,28.28
247257f6,2026-09-16 12:41:00,J,1.579,25.47,27.68
247257f6,2026-09-16 12:41:00,J,1.666,25.47,27.44
247257f6,2026-09-16 12:41:00,J,1.754,25.79,27.16
247257f6,2026-09-16 12:41:00,J,1.843,25.79,27.01
247257f6,2026-09-16 12:41:00,J,1.932,25.79,26.71
247257f6,2026-09-16 12:41:00,J,2.11,25.67,25.79
247257f6,2026-09-16 12:41:00,J,2.199,25.57,25.05
247257f6,2026-09-16 12:41:00,J,2.287,26.45,23.41
247257f6,2026-09-16 12:41:00,J,2.375,25.7,23.52
247257f6,2026-09-16 12:41:00,J,2.463,25.7,22.87
247257f6,2026-09-16 12:41:00,J,2.55,25.83,22.49
247257f6,2026-09-16 12:41:00,J,2.638,25.83,22.26
247257f6,2026-09-16 12:41:00,J,2.726,25.83,22.1
247257f6,2026-09-16 12:41:00,J,2.815,25.83,21.74
247257f6,2026-09-16 12:41:00,J,2.904,25.45,21.59
247257f6,2026-09-16 12:41:00,J,3.261,27.24,19.37
247257f6,2026-09-16 12:41:00,J,3.349,27.96,19.27
247257f6,2026-09-16 12:41:00,J,3.438,28.13,19.27
247257f6,2026-09-16 12:41:00,J,3.526,27.7,18.8
247257f6,2026-09-16 12:41:00,J,3.616,26.06,19.04
247257f6,2026-09-16 12:41:00,J,3.704,26.12,18.86
247257f6,2026-09-16 12:41:00,J,3.795,25.97,18.62
247257f6,2026-09-16 12:41:00,J,3.884,25.79,18.86
247257f6,2026-09-16 12:41:00,J,3.972,25.52,19.08
247257f6,2026-09-16 12:41:00,J,4.06,25.28,18.9
247257f6,2026-09-16 12:41:00,J,4.148,24.98,19.04
247257f6,2026-09-16 12:41:00,J,4.239,24.98,19.1
247257f6,2026-09-16 12:41:00,J,4.331,24.84,19.16
247257f6,2026-09-16 12:41:00,J,4.509,24.6,19.07
247257f6,2026-09-16 12:41:00,J,4.599,24.02,19.25
247257f6,2026-09-16 12:41:00,J,4.687,23.59,19.25
247257f6,2026-09-16 12:41:00,J,4.777,23.59,19.07
247257f6,2026-09-16 12:41:00,J,4.864,23.87,19.07
247257f6,2026-09-16 12:41:00,J,4.954,23.44,19.25
247257f6,2026-09-16 12:41:00,J,5.047,23.44,19.07
247257f6,2026-09-16 12:41:00,J,5.226,23.29,19.39
247257f6,2026-09-16 12:41:00,J,5.315,22.64,19.43
247257f6,2026-09-16 12:41:00,J,6.037,20.89,20.56
247257f6,2026-09-16 12:41:00,J,6.124,20.78,21.1
247257f6,2026-09-16 12:41:00,J,6.212,20.66,20.97
247257f6,2026-09-16 12:41:00,J,6.303,20.83,20.97
247257f6,2026-09-16 12:41:00,J,6.393,20.88,20.97
247257f6,2026-09-16 12:41:00,J,6.923,19.92,23.46
247257f6,2026-09-16 12:41:00,J,7.013,20.57,23.58
247257f6,2026-09-16 12:41:00,J,7.1,20.67,23.43
247257f6,2026-09-16 12:41:00,J,7.188,20.78,23.7
247257f6,2026-09-16 12:41:00,J,7.277,20.83,23.75
247257f6,2026-09-16 12:41:00,J,7.365,20.78,23.6
247257f6,2026-09-16 12:41:00,J,7.453,20.43,23.49
247257f6,2026-09-16 12:41:00,J,7.54,19.95,23.53
247257f6,2026-09-16 12:41:00,J,7.628,19.45,23.77
247257f6,2026-09-16 12:41:00,J,7.716,18.35,23.82
247257f6,2026-09-16 12:41:00,J,7.803,18.35,24.95
247257f6,2026-09-16 12:41:00,J,7.892,18.35,25.18
247257f6,2026-09-16 12:41:00,J,7.979,18.35,25.27
247257f6,2026-09-16 12:41:00,J,8.067,20.3,25.73
247257f6,2026-09-16 12:41:00,J,8.155,20.3,25.45
247257f6,2026-09-16 12:41:00,J,8.242,20.3,25.59
247257f6,2026-09-16 12:41:00,J,8.331,20.3,26.15
247257f6,2026-09-16 12:41:00,J,8.418,20.57,26.15
247257f6,2026-09-16 12:41:00,J,8.505,20.17,26.62
247257f6,2026-09-16 12:41:00,J,8.593,20.17,26.48
247257f6,2026-09-16 12:41:00,J,8.684,19.84,26.19
247257f6,2026-09-16 12:41:00,J,8.779,19.84,26.19
099f9326,2026-09-16 12:41:19,J,0.0,24.23,36.26
099f9326,2026-09-16 12:41:19,J,0.088,24.13,35.48
099f9326,2026-09-16 12:41:19,J,0.176,24.13,34.85
099f9326,2026-09-16 12:41:19,J,0.264,24.29,34.34
099f9326,2026-09-16 12:41:19,J,0.351,24.61,33.98
099f9326,2026-09-16 12:41:19,J,0.439,26.2,33.46
099f9326,2026-09-16 12:41:19,J,0.528,26.49,33.33
099f9326,2026-09-16 12:41:19,J,0.615,26.49,33.33
099f9326,2026-09-16 12:41:19,J,0.703,25.49,32.81
099f9326,2026-09-16 12:41:19,J,0.791,25.54,32.53
099f9326,2026-09-16 12:41:19,J,0.879,25.49,32.53
099f9326,2026-09-16 12:41:19,J,0.966,25.59,32.1
099f9326,2026-09-16 12:41:19,J,1.054,25.68,31.72
099f9326,2026-09-16 12:41:19,J,1.141,26.11,31.61
099f9326,2026-09-16 12:41:19,J,1.23,25.96,31.55
099f9326,2026-09-16 12:41:19,J,1.317,25.91,31.16
099f9326,2026-09-16 12:41:19,J,1.404,25.99,31.05
099f9326,2026-09-16 12:41:19,J,1.492,26.16,31.02
099f9326,2026-09-16 12:41:19,J,1.58,26.16,30.35
099f9326,2026-09-16 12:41:19,J,1.667,26.48,30.24
099f9326,2026-09-16 12:41:19,J,1.755,26.48,29.98
099f9326,2026-09-16 12:41:19,J,1.843,26.48,30.04
099f9326,2026-09-16 12:41:19,J,1.93,26.48,29.92
099f9326,2026-09-16 12:41:19,J,2.018,26.48,29.76
099f9326,2026-09-16 12:41:19,J,2.106,26.09,29.74
099f9326,2026-09-16 12:41:19,J,2.194,26.48,28.08
099f9326,2026-09-16 12:41:19,J,2.284,27.25,27.82
099f9326,2026-09-16 12:41:19,J,2.371,27.53,27.27
099f9326,2026-09-16 12:41:19,J,2.459,26.47,26.81
099f9326,2026-09-16 12:41:19,J,2.548,27.53,26.66
099f9326,2026-09-16 12:41:19,J,2.636,27.53,26.3
099f9326,2026-09-16 12:41:19,J,2.725,27.67,25.87
099f9326,2026-09-16 12:41:19,J,2.814,28.14,25.87
099f9326,2026-09-16 12:41:19,J,3.17,27.11,24.12
099f9326,2026-09-16 12:41:19,J,3.257,27.06,24.27
099f9326,2026-09-16 12:41:19,J,3.345,27.06,23.81
099f9326,2026-09-16 12:41:19,J,3.433,26.96,23.72
099f9326,2026-09-16 12:41:19,J,3.52,26.96,23.81
099f9326,2026-09-16 12:41:19,J,3.609,26.96,23.71
099f9326,2026-09-16 12:41:19,J,3.696,27.21,23.51
099f9326,2026-09-16 12:41:19,J,3.783,27.21,23.25
099f9326,2026-09-16 12:41:19,J,3.871,27.21,23.15
099f9326,2026-09-16 12:41:19,J,3.959,27.21,20.99
099f9326,2026-09-16 12:41:19,J,4.049,27.41,20.91
099f9326,2026-09-16 12:41:19,J,4.138,27.49,20.79
099f9326,2026-09-16 12:41:19,J,4.856,28.57,15.47
099f9326,2026-09-16 12:41:19,J,4.946,28.18,16.97
099f9326,2026-09-16 12:41:19,J,5.036,28.86,18.25
099f9326,2026-09-16 12:41:19,J,5.215,28.82,18.16
099f9326,2026-09-16 12:41:19,J,5.306,28.6,18.16
099f9326,2026-09-16 12:41:19,J,5.399,28.6,18.16
099f9326,2026-09-16 12:41:19,J,6.966,24.0,17.27
099f9326,2026-09-16 12:41:19,J,7.056,23.39,17.78
099f9326,2026-09-16 12:41:19,J,7.145,23.49,18.41
099f9326,2026-09-16 12:41:19,J,7.233,23.75,18.51
099f9326,2026-09-16 12:41:19,J,7.325,22.22,18.51
099f9326,2026-09-16 12:41:19,J,7.775,20.86,19.79
099f9326,2026-09-16 12:41:19,J,7.865,20.86,19.67
099f9326,2026-09-16 12:41:19,J,7.953,20.78,19.89
099f9326,2026-09-16 12:41:19,J,8.041,20.62,20.41
099f9326,2026-09-16 12:41:19,J,8.13,20.78,21.2
099f9326,2026-09-16 12:41:19,J,8.219,22.0,21.41
099f9326,2026-09-16 12:41:19,J,8.307,22.1,21.47
099f9326,2026-09-16 12:41:19,J,8.395,22.25,22.58
099f9326,2026-09-16 12:41:19,J,8.482,22.25,22.58
099f9326,2026-09-16 12:41:19,J,8.57,22.3,22.89
099f9326,2026-09-16 12:41:19,J,8.658,22.25,22.94
099f9326,2026-09-16 12:41:19,J,8.747,22.13,22.94
099f9326,2026-09-16 12:41:19,J,8.836,22.18,23.07
099f9326,2026-09-16 12:41:19,J,9.192,22.16,24.42
099f9326,2026-09-16 12:41:19,J,9.28,21.77,24.51
099f9326,2026-09-16 12:41:19,J,9.368,21.56,24.56
099f9326,2026-09-16 12:41:19,J,9.457,21.56,24.51
099f9326,2026-09-16 12:41:19,J,9.548,20.22,24.56
2f190f8b,2026-09-16 12:41:33,J,0.0,22.47,29.32
2f190f8b,2026-09-16 12:41:33,J,0.087,22.58,29.29
2f190f8b,2026-09-16 12:41:33,J,0.175,22.52,29.81
2f190f8b,2026-09-16 12:41:33,J,0.262,22.43,29.98
2f190f8b,2026-09-16 12:41:33,J,0.35,22.77,30.73
2f190f8b,2026-09-16 12:41:33,J,0.437,22.77,31.03
2f190f8b,2026-09-16 12:41:33,J,0.525,22.92,31.08
2f190f8b,2026-09-16 12:41:33,J,0.613,23.04,31.18
2f190f8b,2026-09-16 12:41:33,J,0.701,22.92,31.18
2f190f8b,2026-09-16 12:41:33,J,0.788,22.92,31.18
2f190f8b,2026-09-16 12:41:33,J,0.875,22.92,30.97
2f190f8b,2026-09-16 12:41:33,J,0.964,22.97,30.97
2f190f8b,2026-09-16 12:41:33,J,1.051,22.62,30.73
2f190f8b,2026-09-16 12:41:33,J,1.138,23.21,30.18
2f190f8b,2026-09-16 12:41:33,J,1.226,23.35,29.42
2f190f8b,2026-09-16 12:41:33,J,1.313,23.49,28.81
2f190f8b,2026-09-16 12:41:33,J,1.401,23.36,27.84
2f190f8b,2026-09-16 12:41:33,J,1.489,23.55,26.73
2f190f8b,2026-09-16 12:41:33,J,1.577,23.76,26.68
2f190f8b,2026-09-16 12:41:33,J,1.664,23.76,26.68
2f190f8b,2026-09-16 12:41:33,J,1.751,23.76,25.96
2f190f8b,2026-09-16 12:41:33,J,1.839,23.76,25.73
2f190f8b,2026-09-16 12:41:33,J,1.926,23.88,25.59
2f190f8b,2026-09-16 12:41:33,J,2.014,23.88,24.81
2f190f8b,2026-09-16 12:41:33,J,2.102,23.88,24.76
2f190f8b,2026-09-16 12:41:33,J,2.189,23.88,24.34
2f190f8b,2026-09-16 12:41:33,J,2.277,24.02,23.73
2f190f8b,2026-09-16 12:41:33,J,2.364,24.02,23.51
2f190f8b,2026-09-16 12:41:33,J,2.452,23.88,23.14
2f190f8b,2026-09-16 12:41:33,J,2.54,24.01,22.21
2f190f8b,2026-09-16 12:41:33,J,2.629,24.15,22.21
2f190f8b,2026-09-16 12:41:33,J,2.718,24.15,22.21
2f190f8b,2026-09-16 12:41:33,J,2.895,24.46,20.79
2f190f8b,2026-09-16 12:41:33,J,2.983,24.04,20.36
2f190f8b,2026-09-16 12:41:33,J,3.071,24.18,20.31
2f190f8b,2026-09-16 12:41:33,J,3.159,24.27,20.14
2f190f8b,2026-09-16 12:41:33,J,3.247,24.4,20.03
2f190f8b,2026-09-16 12:41:33,J,3.334,24.97,19.47
2f190f8b,2026-09-16 12:41:33,J,3.422,26.03,19.23
2f190f8b,2026-09-16 12:41:33,J,3.51,25.26,18.98
2f190f8b,2026-09-16 12:41:33,J,3.598,25.11,18.86
2f190f8b,2026-09-16 12:41:33,J,3.686,25.26,18.59
2f190f8b,2026-09-16 12:41:33,J,3.774,25.67,18.28
2f190f8b,2026-09-16 12:41:33,J,3.863,25.67,17.59
2f190f8b,2026-09-16 12:41:33,J,3.953,25.67,16.88
2f190f8b,2026-09-16 12:41:33,J,4.312,24.88,14.66
2f190f8b,2026-09-16 12:41:33,J,4.852,23.15,17.25
2f190f8b,2026-09-16 12:41:33,J,4.941,23.15,17.88
2f190f8b,2026-09-16 12:41:33,J,5.031,23.04,18.11
2f190f8b,2026-09-16 12:41:33,J,5.119,22.37,18.79
2f190f8b,2026-09-16 12:41:33,J,5.207,22.73,18.79
2f190f8b,2026-09-16 12:41:33,J,5.296,22.77,18.79
2f190f8b,2026-09-16 12:41:33,J,5.385,22.41,18.69
2f190f8b,2026-09-16 12:41:33,J,6.007,21.06,20.3
2f190f8b,2026-09-16 12:41:33,J,6.095,19.04,20.47
2f190f8b,2026-09-16 12:41:33,J,6.183,19.04,20.64
2f190f8b,2026-09-16 12:41:33,J,6.271,21.38,20.48
2f190f8b,2026-09-16 12:41:33,J,6.358,19.16,20.53
2f190f8b,2026-09-16 12:41:33,J,6.447,21.31,20.53
2f190f8b,2026-09-16 12:41:33,J,6.535,21.31,20.59
2f190f8b,2026-09-16 12:41:33,J,6.622,21.31,21.04
2f190f8b,2026-09-16 12:41:33,J,6.71,20.05,21.19
2f190f8b,2026-09-16 12:41:33,J,6.802,20.05,21.19
2f190f8b,2026-09-16 12:41:33,J,6.893,19.58,21.19
ee2a332f,2026-09-16 12:42:10,J,0.0,23.72,36.61
ee2a332f,2026-09-16 12:42:10,J,0.087,23.56,36.61
ee2a332f,2026-09-16 12:42:10,J,0.176,22.21,36.51
ee2a332f,2026-09-16 12:42:10,J,0.264,23.56,36.42
ee2a332f,2026-09-16 12:42:10,J,0.351,23.43,36.23
ee2a332f,2026-09-16 12:42:10,J,0.439,23.07,36.02
ee2a332f,2026-09-16 12:42:10,J,0.527,23.4,35.68
ee2a332f,2026-09-16 12:42:10,J,0.616,23.4,35.61
ee2a332f,2026-09-16 12:42:10,J,0.704,23.4,35.3
ee2a332f,2026-09-16 12:42:10,J,0.791,23.96,34.86
ee2a332f,2026-09-16 12:42:10,J,0.879,23.78,34.7
ee2a332f,2026-09-16 12:42:10,J,0.968,23.78,34.38
ee2a332f,2026-09-16 12:42:10,J,1.055,23.78,33.93
ee2a332f,2026-09-16 12:42:10,J,1.143,23.78,33.65
ee2a332f,2026-09-16 12:42:10,J,1.231,23.58,33.44
ee2a332f,2026-09-16 12:42:10,J,1.319,23.3,33.03
ee2a332f,2026-09-16 12:42:10,J,1.406,23.3,32.87
ee2a332f,2026-09-16 12:42:10,J,1.494,24.18,32.37
ee2a332f,2026-09-16 12:42:10,J,1.581,24.5,32.32
ee2a332f,2026-09-16 12:42:10,J,1.669,24.59,32.04
ee2a332f,2026-09-16 12:42:10,J,1.757,24.64,31.83
ee2a332f,2026-09-16 12:42:10,J,1.844,24.73,31.41
ee2a332f,2026-09-16 12:42:10,J,1.933,24.73,31.31
ee2a332f,2026-09-16 12:42:10,J,2.02,24.59,30.91
ee2a332f,2026-09-16 12:42:10,J,2.107,24.68,30.81
ee2a332f,2026-09-16 12:42:10,J,2.195,24.68,30.81
ee2a332f,2026-09-16 12:42:10,J,2.283,24.85,30.38
ee2a332f,2026-09-16 12:42:10,J,2.371,24.85,29.97
ee2a332f,2026-09-16 12:42:10,J,2.46,24.85,29.97
ee2a332f,2026-09-16 12:42:10,J,2.547,25.02,30.03
ee2a332f,2026-09-16 12:42:10,J,2.637,25.02,29.62
ee2a332f,2026-09-16 12:42:10,J,2.726,25.16,29.45
ee2a332f,2026-09-16 12:42:10,J,2.903,25.16,29.61
ee2a332f,2026-09-16 12:42:10,J,2.992,25.03,29.52
ee2a332f,2026-09-16 12:42:10,J,3.081,25.03,29.17
ee2a332f,2026-09-16 12:42:10,J,3.168,24.99,28.86
ee2a332f,2026-09-16 12:42:10,J,3.257,24.9,28.72
ee2a332f,2026-09-16 12:42:10,J,3.347,25.02,28.72
ee2a332f,2026-09-16 12:42:10,J,5.41,25.86,18.95
ee2a332f,2026-09-16 12:42:10,J,5.5,25.56,18.95
ee2a332f,2026-09-16 12:42:10,J,5.589,25.69,18.77
ee2a332f,2026-09-16 12:42:10,J,5.68,25.69,18.47
ee2a332f,2026-09-16 12:42:10,J,5.77,25.69,18.28
ee2a332f,2026-09-16 12:42:10,J,5.857,25.84,16.57
ee2a332f,2026-09-16 12:42:10,J,5.947,25.84,15.49
ee2a332f,2026-09-16 12:42:10,J,6.036,25.84,15.2
ee2a332f,2026-09-16 12:42:10,J,6.127,25.84,15.2
ee2a332f,2026-09-16 12:42:10,J,6.218,25.57,15.2
ee2a332f,2026-09-16 12:42:10,J,6.304,25.57,15.4
ee2a332f,2026-09-16 12:42:10,J,6.391,25.57,15.47
ee2a332f,2026-09-16 12:42:10,J,6.48,25.14,15.47
ee2a332f,2026-09-16 12:42:10,J,6.569,25.05,18.38
ee2a332f,2026-09-16 12:42:10,J,6.659,24.7,18.56
ee2a332f,2026-09-16 12:42:10,J,6.747,24.16,18.85
ee2a332f,2026-09-16 12:42:10,J,6.836,23.88,18.91
ee2a332f,2026-09-16 12:42:10,J,6.926,23.39,19.57
ee2a332f,2026-09-16 12:42:10,J,7.014,22.88,19.67
ee2a332f,2026-09-16 12:42:10,J,7.104,20.84,19.67
ee2a332f,2026-09-16 12:42:10,J,7.194,20.54,19.67
ee2a332f,2026-09-16 12:42:10,J,7.284,19.52,19.67
ee2a332f,2026-09-16 12:42:10,J,7.372,19.7,20.81
ee2a332f,2026-09-16 12:42:10,J,7.459,20.0,20.81
ee2a332f,2026-09-16 12:42:10,J,7.548,19.88,21.7
ee2a332f,2026-09-16 12:42:10,J,7.635,20.92,22.04
ee2a332f,2026-09-16 12:42:10,J,7.723,22.0,22.11
ee2a332f,2026-09-16 12:42:10,J,7.811,21.79,22.63
ee2a332f,2026-09-16 12:42:10,J,7.9,21.79,22.79
ee2a332f,2026-09-16 12:42:10,J,7.987,21.79,22.9
ee2a332f,2026-09-16 12:42:10,J,8.074,21.79,23.07
ee2a332f,2026-09-16 12:42:10,J,8.163,21.68,23.07
ee2a332f,2026-09-16 12:42:10,J,8.251,21.79,22.58
ee2a332f,2026-09-16 12:42:10,J,8.341,22.15,22.58
ee2a332f,2026-09-16 12:42:10,J,8.434,22.15,22.58
62c828db,2026-09-16 12:42:30,J,0.0,25.3,30.07
62c828db,2026-09-16 12:42:30,J,0.088,25.56,29.85
62c828db,2026-09-16 12:42:30,J,0.175,25.83,29.74
62c828db,2026-09-16 12:42:30,J,0.263,25.95,29.67
62c828db,2026-09-16 12:42:30,J,0.352,26.09,29.37
62c828db,2026-09-16 12:42:30,J,0.439,26.09,29.09
62c828db,2026-09-16 12:42:30,J,0.526,26.09,29.09
62c828db,2026-09-16 12:42:30,J,0.613,26.22,28.88
62c828db,2026-09-16 12:42:30,J,0.701,26.13,28.71
62c828db,2026-09-16 12:42:30,J,0.789,26.09,28.61
62c828db,2026-09-16 12:42:30,J,0.876,26.17,28.25
62c828db,2026-09-16 12:42:30,J,0.964,26.22,28.13
62c828db,2026-09-16 12:42:30,J,1.051,26.24,27.96
62c828db,2026-09-16 12:42:30,J,1.139,26.76,27.09
62c828db,2026-09-16 12:42:30,J,1.227,26.76,26.34
62c828db,2026-09-16 12:42:30,J,1.314,27.0,26.25
62c828db,2026-09-16 12:42:30,J,1.403,26.88,25.32
62c828db,2026-09-16 12:42:30,J,1.49,27.0,25.18
62c828db,2026-09-16 12:42:30,J,1.578,27.26,23.96
62c828db,2026-09-16 12:42:30,J,1.666,27.14,21.65
62c828db,2026-09-16 12:42:30,J,1.754,27.36,21.24
62c828db,2026-09-16 12:42:30,J,1.841,27.66,20.91
62c828db,2026-09-16 12:42:30,J,1.929,27.67,20.5
62c828db,2026-09-16 12:42:30,J,2.018,27.91,20.5
62c828db,2026-09-16 12:42:30,J,2.106,28.02,20.35
62c828db,2026-09-16 12:42:30,J,2.194,28.02,20.24
62c828db,2026-09-16 12:42:30,J,2.282,28.03,20.13
62c828db,2026-09-16 12:42:30,J,2.37,28.03,19.98
62c828db,2026-09-16 12:42:30,J,2.459,28.35,19.57
62c828db,2026-09-16 12:42:30,J,2.546,28.63,18.69
62c828db,2026-09-16 12:42:30,J,2.634,29.49,18.59
62c828db,2026-09-16 12:42:30,J,2.722,29.56,18.59
62c828db,2026-09-16 12:42:30,J,2.81,29.28,17.78
62c828db,2026-09-16 12:42:30,J,2.898,29.16,17.27
62c828db,2026-09-16 12:42:30,J,2.988,29.16,17.27
62c828db,2026-09-16 12:42:30,J,3.077,29.07,17.23
62c828db,2026-09-16 12:42:30,J,3.523,28.85,14.21
62c828db,2026-09-16 12:42:30,J,3.612,28.97,14.43
62c828db,2026-09-16 12:42:30,J,3.701,28.97,14.21
62c828db,2026-09-16 12:42:30,J,3.791,28.97,13.94
62c828db,2026-09-16 12:42:30,J,6.838,24.2,15.07
62c828db,2026-09-16 12:42:30,J,6.925,23.86,16.73
62c828db,2026-09-16 12:42:30,J,7.013,23.72,17.44
62c828db,2026-09-16 12:42:30,J,7.103,24.07,18.19
62c828db,2026-09-16 12:42:30,J,7.192,23.97,18.32
62c828db,2026-09-16 12:42:30,J,7.282,23.58,18.32
62c828db,2026-09-16 12:42:30,J,7.461,23.58,14.59
62c828db,2026-09-16 12:42:30,J,7.549,22.11,15.2
62c828db,2026-09-16 12:42:30,J,7.637,21.97,15.63
62c828db,2026-09-16 12:42:30,J,7.725,24.18,16.6
62c828db,2026-09-16 12:42:30,J,7.812,23.77,17.46
62c828db,2026-09-16 12:42:30,J,7.9,23.77,18.61
62c828db,2026-09-16 12:42:30,J,7.988,24.26,19.67
62c828db,2026-09-16 12:42:30,J,8.076,24.26,19.83
62c828db,2026-09-16 12:42:30,J,8.163,23.77,19.97
62c828db,2026-09-16 12:42:30,J,8.251,23.31,20.03
62c828db,2026-09-16 12:42:30,J,8.339,22.88,20.03
62c828db,2026-09-16 12:42:30,J,8.427,23.32,20.03
62c828db,2026-09-16 12:42:30,J,8.515,23.45,20.14
62c828db,2026-09-16 12:42:30,J,8.602,23.76,20.25
62c828db,2026-09-16 12:42:30,J,8.69,23.45,20.14
62c828db,2026-09-16 12:42:30,J,8.777,23.45,20.36
62c828db,2026-09-16 12:42:30,J,8.866,23.11,20.7
62c828db,2026-09-16 12:42:30,J,8.953,23.21,21.31
62c828db,2026-09-16 12:42:30,J,9.041,23.25,21.65
62c828db,2026-09-16 12:42:30,J,9.13,23.25,22.0
62c828db,2026-09-16 12:42:30,J,9.224,23.25,22.0
aa43032f,2026-09-16 12:42:53,J,0.0,22.76,35.3
aa43032f,2026-09-16 12:42:53,J,0.089,21.74,35.89
aa43032f,2026-09-16 12:42:53,J,0.176,21.74,36.95
aa43032f,2026-09-16 12:42:53,J,0.264,21.74,37.04
aa43032f,2026-09-16 12:42:53,J,0.352,21.79,37.12
aa43032f,2026-09-16 12:42:53,J,0.44,22.65,37.7
aa43032f,2026-09-16 12:42:53,J,0.53,22.7,36.95
aa43032f,2026-09-16 12:42:53,J,0.619,22.7,36.95
aa43032f,2026-09-16 12:42:53,J,0.707,23.05,36.82
aa43032f,2026-09-16 12:42:53,J,0.795,23.43,35.75
aa43032f,2026-09-16 12:42:53,J,0.883,23.6,35.42
aa43032f,2026-09-16 12:42:53,J,0.971,23.97,34.7
aa43032f,2026-09-16 12:42:53,J,1.059,23.88,33.74
aa43032f,2026-09-16 12:42:53,J,1.148,23.74,33.21
aa43032f,2026-09-16 12:42:53,J,1.233,24.08,32.5
aa43032f,2026-09-16 12:42:53,J,1.321,24.19,31.63
aa43032f,2026-09-16 12:42:53,J,1.409,24.19,31.18
aa43032f,2026-09-16 12:42:53,J,1.497,24.5,30.73
aa43032f,2026-09-16 12:42:53,J,1.584,24.59,30.58
aa43032f,2026-09-16 12:42:53,J,1.672,24.59,29.82
aa43032f,2026-09-16 12:42:53,J,1.759,24.86,29.35
aa43032f,2026-09-16 12:42:53,J,1.847,25.16,28.62
aa43032f,2026-09-16 12:42:53,J,1.935,25.16,27.98
aa43032f,2026-09-16 12:42:53,J,2.022,25.39,27.24
aa43032f,2026-09-16 12:42:53,J,2.11,25.38,26.56
aa43032f,2026-09-16 12:42:53,J,2.2,25.56,25.86
aa43032f,2026-09-16 12:42:53,J,2.288,25.76,24.81
aa43032f,2026-09-16 12:42:53,J,2.376,25.8,22.44
aa43032f,2026-09-16 12:42:53,J,2.463,25.94,22.4
aa43032f,2026-09-16 12:42:53,J,2.55,26.05,22.23
aa43032f,2026-09-16 12:42:53,J,2.638,26.24,22.99
aa43032f,2026-09-16 12:42:53,J,2.726,26.21,22.95
aa43032f,2026-09-16 12:42:53,J,2.815,26.21,22.86
aa43032f,2026-09-16 12:42:53,J,2.901,26.21,22.58
aa43032f,2026-09-16 12:42:53,J,2.989,26.21,22.3
aa43032f,2026-09-16 12:42:53,J,3.077,26.21,21.02
aa43032f,2026-09-16 12:42:53,J,3.165,26.26,21.32
aa43032f,2026-09-16 12:42:53,J,3.253,26.06,20.75
aa43032f,2026-09-16 12:42:53,J,3.341,25.49,20.75
aa43032f,2026-09-16 12:42:53,J,3.43,25.36,20.75
aa43032f,2026-09-16 12:42:53,J,3.518,24.31,20.81
aa43032f,2026-09-16 12:42:53,J,3.607,24.04,20.81
aa43032f,2026-09-16 12:42:53,J,3.695,24.04,20.79
aa43032f,2026-09-16 12:42:53,J,3.785,24.04,20.99
aa43032f,2026-09-16 12:42:53,J,3.872,23.69,21.03
aa43032f,2026-09-16 12:42:53,J,3.961,23.35,21.03
aa43032f,2026-09-16 12:42:53,J,4.049,23.22,21.93
aa43032f,2026-09-16 12:42:53,J,4.137,22.27,22.62
aa43032f,2026-09-16 12:42:53,J,4.224,22.11,25.21
aa43032f,2026-09-16 12:42:53,J,4.314,19.28,26.15
aa43032f,2026-09-16 12:42:53,J,4.401,19.16,27.16
aa43032f,2026-09-16 12:42:53,J,4.489,19.16,27.21
aa43032f,2026-09-16 12:42:53,J,4.578,19.28,28.17
aa43032f,2026-09-16 12:42:53,J,4.665,19.04,27.97
aa43032f,2026-09-16 12:42:53,J,4.752,19.04,27.97
aa43032f,2026-09-16 12:42:53,J,4.839,21.26,27.92
aa43032f,2026-09-16 12:42:53,J,4.928,19.88,27.57
aa43032f,2026-09-16 12:42:53,J,5.02,19.88,27.27
aa43032f,2026-09-16 12:42:53,J,5.115,19.88,27.27
69171417,2026-09-16 12:43:06,J,0.0,24.87,35.55
69171417,2026-09-16 12:43:06,J,0.088,24.55,35.58
69171417,2026-09-16 12:43:06,J,0.176,24.81,35.89
69171417,2026-09-16 12:43:06,J,0.264,24.77,35.98
69171417,2026-09-16 12:43:06,J,0.352,24.61,35.98
69171417,2026-09-16 12:43:06,J,0.441,24.5,35.98
69171417,2026-09-16 12:43:06,J,0.529,23.94,35.89
69171417,2026-09-16 12:43:06,J,0.616,23.94,35.89
69171417,2026-09-16 12:43:06,J,0.705,24.1,35.68
69171417,2026-09-16 12:43:06,J,0.793,23.95,35.58
69171417,2026-09-16 12:43:06,J,0.88,24.5,35.22
69171417,2026-09-16 12:43:06,J,0.967,24.6,34.34
69171417,2026-09-16 12:43:06,J,1.055,24.45,33.74
69171417,2026-09-16 12:43:06,J,1.144,24.31,33.42
69171417,2026-09-16 12:43:06,J,1.231,24.5,32.66
69171417,2026-09-16 12:43:06,J,1.318,24.36,31.75
69171417,2026-09-16 12:43:06,J,1.406,24.32,31.43
69171417,2026-09-16 12:43:06,J,1.494,24.23,31.31
69171417,2026-09-16 12:43:06,J,1.581,24.19,30.94
69171417,2026-09-16 12:43:06,J,1.668,24.19,30.24
69171417,2026-09-16 12:43:06,J,1.757,24.82,29.85
69171417,2026-09-16 12:43:06,J,1.844,25.22,28.42
69171417,2026-09-16 12:43:06,J,1.931,25.26,28.04
69171417,2026-09-16 12:43:06,J,2.019,25.39,27.09
69171417,2026-09-16 12:43:06,J,2.107,25.39,27.09
69171417,2026-09-16 12:43:06,J,2.194,25.15,26.96
69171417,2026-09-16 12:43:06,J,2.281,25.38,25.59
69171417,2026-09-16 12:43:06,J,2.369,25.38,25.27
69171417,2026-09-16 12:43:06,J,2.458,25.38,25.23
69171417,2026-09-16 12:43:06,J,2.545,25.81,24.55
69171417,2026-09-16 12:43:06,J,2.634,25.81,24.55
69171417,2026-09-16 12:43:06,J,2.722,25.9,23.73
69171417,2026-09-16 12:43:06,J,2.81,25.9,23.36
69171417,2026-09-16 12:43:06,J,2.898,25.78,21.65
69171417,2026-09-16 12:43:06,J,2.985,25.78,21.37
69171417,2026-09-16 12:43:06,J,3.075,25.66,21.37
69171417,2026-09-16 12:43:06,J,3.163,25.58,21.37
69171417,2026-09-16 12:43:06,J,3.429,24.87,20.14
69171417,2026-09-16 12:43:06,J,3.517,24.68,19.65
69171417,2026-09-16 12:43:06,J,3.605,24.45,20.0
69171417,2026-09-16 12:43:06,J,3.693,24.31,20.06
69171417,2026-09-16 12:43:06,J,3.78,24.22,20.06
69171417,2026-09-16 12:43:06,J,3.868,23.81,20.2
69171417,2026-09-16 12:43:06,J,3.956,23.43,20.87
69171417,2026-09-16 12:43:06,J,4.044,22.92,20.87
69171417,2026-09-16 12:43:06,J,4.132,22.46,20.87
69171417,2026-09-16 12:43:06,J,4.219,21.77,21.36
69171417,2026-09-16 12:43:06,J,4.309,21.73,21.72
69171417,2026-09-16 12:43:06,J,4.395,21.65,22.49
69171417,2026-09-16 12:43:06,J,4.482,21.52,23.21
69171417,2026-09-16 12:43:06,J,4.572,21.26,23.21
69171417,2026-09-16 12:43:06,J,4.662,21.41,23.33
69171417,2026-09-16 12:43:06,J,4.838,21.87,24.48
69171417,2026-09-16 12:43:06,J,4.926,21.87,23.82
69171417,2026-09-16 12:43:06,J,5.014,22.1,24.98
69171417,2026-09-16 12:43:06,J,5.101,22.13,25.5
69171417,2026-09-16 12:43:06,J,5.189,21.87,24.98
69171417,2026-09-16 12:43:06,J,5.277,21.72,25.21
69171417,2026-09-16 12:43:06,J,5.368,21.31,25.4
69171417,2026-09-16 12:43:06,J,5.461,21.31,25.21
00d24c45,2026-09-16 12:43:31,L,0.0,24.0,33.98
00d24c45,2026-09-16 12:43:31,L,0.088,24.45,33.98
00d24c45,2026-09-16 12:43:31,L,0.177,24.45,34.06
00d24c45,2026-09-16 12:43:31,L,0.263,24.45,34.45
00d24c45,2026-09-16 12:43:31,L,0.351,24.35,34.37
00d24c45,2026-09-16 12:43:31,L,0.439,23.72,34.37
00d24c45,2026-09-16 12:43:31,L,0.528,23.44,34.17
00d24c45,2026-09-16 12:43:31,L,0.615,23.59,34.11
00d24c45,2026-09-16 12:43:31,L,0.703,23.44,33.4
00d24c45,2026-09-16 12:43:31,L,0.791,25.23,33.03
00d24c45,2026-09-16 12:43:31,L,0.878,25.37,32.59
00d24c45,2026-09-16 12:43:31,L,0.966,24.78,32.04
00d24c45,2026-09-16 12:43:31,L,1.054,24.87,31.92
00d24c45,2026-09-16 12:43:31,L,1.142,24.87,31.77
00d24c45,2026-09-16 12:43:31,L,1.229,25.05,31.25
00d24c45,2026-09-16 12:43:31,L,1.316,25.31,30.87
00d24c45,2026-09-16 12:43:31,L,1.404,25.56,30.56
00d24c45,2026-09-16 12:43:31,L,1.493,25.56,30.35
00d24c45,2026-09-16 12:43:31,L,1.579,25.81,30.13
00d24c45,2026-09-16 12:43:31,L,1.667,26.31,29.43
00d24c45,2026-09-16 12:43:31,L,1.754,26.17,29.43
00d24c45,2026-09-16 12:43:31,L,1.842,26.31,28.81
00d24c45,2026-09-16 12:43:31,L,1.929,26.56,28.19
00d24c45,2026-09-16 12:43:31,L,2.017,26.73,27.37
00d24c45,2026-09-16 12:43:31,L,2.105,26.96,26.7
00d24c45,2026-09-16 12:43:31,L,2.192,26.96,25.9
00d24c45,2026-09-16 12:43:31,L,2.28,26.96,25.59
00d24c45,2026-09-16 12:43:31,L,2.367,26.96,25.45
00d24c45,2026-09-16 12:43:31,L,2.455,26.57,25.09
00d24c45,2026-09-16 12:43:31,L,2.542,26.57,24.9
00d24c45,2026-09-16 12:43:31,L,2.63,26.71,24.82
00d24c45,2026-09-16 12:43:31,L,2.717,26.44,24.45
00d24c45,2026-09-16 12:43:31,L,2.805,26.83,24.16
00d24c45,2026-09-16 12:43:31,L,2.893,26.83,24.07
00d24c45,2026-09-16 12:43:31,L,2.98,26.88,23.27
00d24c45,2026-09-16 12:43:31,L,3.07,26.88,23.27
00d24c45,2026-09-16 12:43:31,L,3.158,27.0,23.27
00d24c45,2026-09-16 12:43:31,L,3.246,27.0,23.02
00d24c45,2026-09-16 12:43:31,L,3.334,26.76,22.42
00d24c45,2026-09-16 12:43:31,L,3.422,26.76,21.84
00d24c45,2026-09-16 12:43:31,L,3.511,28.07,21.03
00d24c45,2026-09-16 12:43:31,L,3.599,28.07,20.73
00d24c45,2026-09-16 12:43:31,L,3.687,28.07,20.58
00d24c45,2026-09-16 12:43:31,L,3.775,27.22,20.35
00d24c45,2026-09-16 12:43:31,L,3.863,27.17,20.24
00d24c45,2026-09-16 12:43:31,L,3.95,27.06,20.53
00d24c45,2026-09-16 12:43:31,L,4.037,27.01,20.42
00d24c45,2026-09-16 12:43:31,L,4.125,27.06,20.06
00d24c45,2026-09-16 12:43:31,L,4.213,27.16,19.63
00d24c45,2026-09-16 12:43:31,L,4.301,27.32,19.4
00d24c45,2026-09-16 12:43:31,L,4.388,27.32,19.4
00d24c45,2026-09-16 12:43:31,L,4.476,27.11,19.47
00d24c45,2026-09-16 12:43:31,L,4.564,27.28,19.29
00d24c45,2026-09-16 12:43:31,L,4.652,27.23,19.29
00d24c45,2026-09-16 12:43:31,L,4.74,28.57,19.11
00d24c45,2026-09-16 12:43:31,L,4.828,28.61,18.69
00d24c45,2026-09-16 12:43:31,L,4.915,27.49,18.32
00d24c45,2026-09-16 12:43:31,L,5.004,28.57,18.2
00d24c45,2026-09-16 12:43:31,L,5.093,27.79,18.11
00d24c45,2026-09-16 12:43:31,L,5.181,27.79,18.01
00d24c45,2026-09-16 12:43:31,L,5.271,28.61,18.01
00d24c45,2026-09-16 12:43:31,L,5.894,28.86,16.41
00d24c45,2026-09-16 12:43:31,L,5.984,28.9,16.68
00d24c45,2026-09-16 12:43:31,L,6.074,29.26,16.94
00d24c45,2026-09-16 12:43:31,L,6.161,29.26,17.2
00d24c45,2026-09-16 12:43:31,L,6.249,29.49,17.79
00d24c45,2026-09-16 12:43:31,L,6.338,30.34,17.79
00d24c45,2026-09-16 12:43:31,L,6.427,30.55,17.79
00d24c45,2026-09-16 12:43:31,L,6.516,30.55,17.49
00d24c45,2026-09-16 12:43:31,L,7.147,35.91,16.94
8855bba9,2026-09-16 12:43:43,L,0.0,23.49,25.65
8855bba9,2026-09-16 12:43:43,L,0.089,23.39,25.74
8855bba9,2026-09-16 12:43:43,L,0.175,23.21,25.26
8855bba9,2026-09-16 12:43:43,L,0.263,23.3,24.94
8855bba9,2026-09-16 12:43:43,L,0.35,23.21,25.03
8855bba9,2026-09-16 12:43:43,L,0.437,22.96,25.22
8855bba9,2026-09-16 12:43:43,L,0.526,23.1,25.5
8855bba9,2026-09-16 12:43:43,L,0.613,23.1,25.87
8855bba9,2026-09-16 12:43:43,L,0.701,22.53,25.87
8855bba9,2026-09-16 12:43:43,L,0.789,23.06,25.91
8855bba9,2026-09-16 12:43:43,L,0.876,23.06,25.87
8855bba9,2026-09-16 12:43:43,L,0.963,22.78,25.55
8855bba9,2026-09-16 12:43:43,L,1.051,23.49,25.18
8855bba9,2026-09-16 12:43:43,L,1.139,23.49,25.32
8855bba9,2026-09-16 12:43:43,L,1.226,23.49,25.32
8855bba9,2026-09-16 12:43:43,L,1.314,23.49,25.36
8855bba9,2026-09-16 12:43:43,L,1.401,23.87,25.14
8855bba9,2026-09-16 12:43:43,L,1.489,23.92,25.09
8855bba9,2026-09-16 12:43:43,L,1.577,24.01,24.55
8855bba9,2026-09-16 12:43:43,L,1.664,24.01,23.83
8855bba9,2026-09-16 12:43:43,L,1.751,24.01,23.46
8855bba9,2026-09-16 12:43:43,L,1.84,24.01,22.68
8855bba9,2026-09-16 12:43:43,L,1.928,24.32,20.81
8855bba9,2026-09-16 12:43:43,L,2.015,23.94,20.35
8855bba9,2026-09-16 12:43:43,L,2.103,24.08,20.03
8855bba9,2026-09-16 12:43:43,L,2.191,24.59,19.79
8855bba9,2026-09-16 12:43:43,L,2.278,25.1,19.59
8855bba9,2026-09-16 12:43:43,L,2.366,26.92,19.59
8855bba9,2026-09-16 12:43:43,L,2.454,28.4,19.67
8855bba9,2026-09-16 12:43:43,L,2.542,29.03,19.49
8855bba9,2026-09-16 12:43:43,L,2.63,29.03,19.37
8855bba9,2026-09-16 12:43:43,L,2.717,29.86,19.19
8855bba9,2026-09-16 12:43:43,L,2.805,29.86,19.05
8855bba9,2026-09-16 12:43:43,L,2.893,29.97,19.05
8855bba9,2026-09-16 12:43:43,L,2.981,29.86,19.05
8855bba9,2026-09-16 12:43:43,L,3.069,29.86,19.12
8855bba9,2026-09-16 12:43:43,L,3.159,29.86,19.48
8855bba9,2026-09-16 12:43:43,L,3.253,29.86,19.48
17252312,2026-09-16 12:43:53,L,0.0,24.09,22.62
17252312,2026-09-16 12:43:53,L,0.088,22.9,23.68
17252312,2026-09-16 12:43:53,L,0.176,23.91,24.06
17252312,2026-09-16 12:43:53,L,0.263,22.94,24.48
17252312,2026-09-16 12:43:53,L,0.351,23.36,25.5
17252312,2026-09-16 12:43:53,L,0.439,23.36,25.5
17252312,2026-09-16 12:43:53,L,0.526,23.36,26.25
17252312,2026-09-16 12:43:53,L,0.614,23.36,26.84
17252312,2026-09-16 12:43:53,L,0.702,23.36,26.84
17252312,2026-09-16 12:43:53,L,0.789,23.45,26.84
17252312,2026-09-16 12:43:53,L,0.877,23.49,26.84
17252312,2026-09-16 12:43:53,L,0.964,23.61,26.58
17252312,2026-09-16 12:43:53,L,1.053,23.33,26.43
17252312,2026-09-16 12:43:53,L,1.14,23.61,25.17
17252312,2026-09-16 12:43:53,L,1.227,23.33,24.94
17252312,2026-09-16 12:43:53,L,1.315,23.33,24.67
17252312,2026-09-16 12:43:53,L,1.403,23.46,24.03
17252312,2026-09-16 12:43:53,L,1.492,23.46,23.49
17252312,2026-09-16 12:43:53,L,1.58,23.77,22.02
17252312,2026-09-16 12:43:53,L,1.668,23.48,20.53
17252312,2026-09-16 12:43:53,L,1.756,23.46,19.83
17252312,2026-09-16 12:43:53,L,1.845,23.46,19.57
17252312,2026-09-16 12:43:53,L,1.933,23.6,18.91
17252312,2026-09-16 12:43:53,L,2.021,23.73,18.38
17252312,2026-09-16 12:43:53,L,2.11,23.73,18.28
17252312,2026-09-16 12:43:53,L,2.198,24.02,18.28
17252312,2026-09-16 12:43:53,L,2.287,24.7,17.97
17252312,2026-09-16 12:43:53,L,2.376,25.91,17.97
17252312,2026-09-16 12:43:53,L,2.463,26.39,17.97
17252312,2026-09-16 12:43:53,L,2.551,27.53,16.61
17252312,2026-09-16 12:43:53,L,2.64,29.86,15.16
17252312,2026-09-16 12:43:53,L,2.728,29.86,15.16
17252312,2026-09-16 12:43:53,L,2.816,29.98,14.86
17252312,2026-09-16 12:43:53,L,2.904,30.36,14.86
17252312,2026-09-16 12:43:53,L,2.994,30.36,14.78
17252312,2026-09-16 12:43:53,L,3.082,29.56,14.86
17252312,2026-09-16 12:43:53,L,3.169,29.56,14.86
17252312,2026-09-16 12:43:53,L,3.261,29.56,17.69
17252312,2026-09-16 12:43:53,L,3.355,29.56,17.69
e1824165,2026-09-16 12:44:00,L,0.0,22.82,26.24
e1824165,2026-09-16 12:44:00,L,0.088,23.35,26.42
e1824165,2026-09-16 12:44:00,L,0.175,23.35,26.52
e1824165,2026-09-16 12:44:00,L,0.262,23.6,26.86
e1824165,2026-09-16 12:44:00,L,0.35,23.35,26.52
e1824165,2026-09-16 12:44:00,L,0.438,23.49,26.52
e1824165,2026-09-16 12:44:00,L,0.525,23.49,26.42
e1824165,2026-09-16 12:44:00,L,0.613,23.49,26.23
e1824165,2026-09-16 12:44:00,L,0.701,22.77,25.91
e1824165,2026-09-16 12:44:00,L,0.788,23.49,25.91
e1824165,2026-09-16 12:44:00,L,0.876,23.45,26.14
e1824165,2026-09-16 12:44:00,L,0.964,23.45,25.31
e1824165,2026-09-16 12:44:00,L,1.051,23.49,25.27
e1824165,2026-09-16 12:44:00,L,1.139,23.79,23.09
e1824165,2026-09-16 12:44:00,L,1.226,23.88,22.56
e1824165,2026-09-16 12:44:00,L,1.315,24.05,20.93
e1824165,2026-09-16 12:44:00,L,1.404,24.41,20.81
e1824165,2026-09-16 12:44:00,L,1.495,24.41,20.59
e1824165,2026-09-16 12:44:00,L,1.763,24.86,19.39
e1824165,2026-09-16 12:44:00,L,1.85,26.76,19.51
e1824165,2026-09-16 12:44:00,L,1.938,29.56,19.67
e1824165,2026-09-16 12:44:00,L,2.025,29.85,19.41
e1824165,2026-09-16 12:44:00,L,2.113,29.85,19.57
e1824165,2026-09-16 12:44:00,L,2.202,29.91,19.67
e1824165,2026-09-16 12:44:00,L,2.289,29.97,19.49
e1824165,2026-09-16 12:44:00,L,2.377,30.01,19.39
e1824165,2026-09-16 12:44:00,L,2.465,30.02,19.67
e1824165,2026-09-16 12:44:00,L,2.553,29.71,19.67
e1824165,2026-09-16 12:44:00,L,2.646,29.71,19.67
e1824165,2026-09-16 12:44:00,L,2.741,29.71,19.67
64314e0f,2026-09-16 12:44:09,L,0.0,23.47,26.33
64314e0f,2026-09-16 12:44:09,L,0.088,23.12,27.06
64314e0f,2026-09-16 12:44:09,L,0.175,23.06,27.59
64314e0f,2026-09-16 12:44:09,L,0.263,23.41,28.1
64314e0f,2026-09-16 12:44:09,L,0.351,23.89,28.44
64314e0f,2026-09-16 12:44:09,L,0.438,23.76,28.44
64314e0f,2026-09-16 12:44:09,L,0.525,23.76,28.27
64314e0f,2026-09-16 12:44:09,L,0.613,23.76,26.22
64314e0f,2026-09-16 12:44:09,L,0.701,23.9,26.13
64314e0f,2026-09-16 12:44:09,L,0.788,23.9,25.73
64314e0f,2026-09-16 12:44:09,L,0.875,23.9,25.36
64314e0f,2026-09-16 12:44:09,L,0.963,24.03,25.32
64314e0f,2026-09-16 12:44:09,L,1.051,23.9,25.18
64314e0f,2026-09-16 12:44:09,L,1.138,24.03,24.04
64314e0f,2026-09-16 12:44:09,L,1.227,24.41,23.86
64314e0f,2026-09-16 12:44:09,L,1.314,24.72,23.61
64314e0f,2026-09-16 12:44:09,L,1.403,24.45,23.36
64314e0f,2026-09-16 12:44:09,L,1.49,24.59,21.65
64314e0f,2026-09-16 12:44:09,L,1.579,24.59,20.42
64314e0f,2026-09-16 12:44:09,L,1.666,24.59,19.79
64314e0f,2026-09-16 12:44:09,L,1.754,24.64,19.57
64314e0f,2026-09-16 12:44:09,L,1.842,24.64,19.39
64314e0f,2026-09-16 12:44:09,L,1.933,24.64,19.23
64314e0f,2026-09-16 12:44:09,L,2.02,25.31,18.47
64314e0f,2026-09-16 12:44:09,L,2.197,30.83,18.25
64314e0f,2026-09-16 12:44:09,L,2.286,31.4,18.25
64314e0f,2026-09-16 12:44:09,L,2.375,31.53,18.79
64314e0f,2026-09-16 12:44:09,L,2.73,30.55,18.89
64314e0f,2026-09-16 12:44:09,L,2.822,30.55,19.01
64314e0f,2026-09-16 12:44:09,L,2.916,30.55,19.01
5c7034bc,2026-09-16 12:44:19,L,0.0,22.54,25.64
5c7034bc,2026-09-16 12:44:19,L,0.086,22.99,25.45
5c7034bc,2026-09-16 12:44:19,L,0.174,23.35,25.41
5c7034bc,2026-09-16 12:44:19,L,0.261,23.49,25.45
5c7034bc,2026-09-16 12:44:19,L,0.349,23.53,25.41
5c7034bc,2026-09-16 12:44:19,L,0.436,23.49,25.32
5c7034bc,2026-09-16 12:44:19,L,0.523,23.49,25.09
5c7034bc,2026-09-16 12:44:19,L,0.611,23.53,25.09
5c7034bc,2026-09-16 12:44:19,L,0.699,23.63,25.09
5c7034bc,2026-09-16 12:44:19,L,0.787,23.75,25.09
5c7034bc,2026-09-16 12:44:19,L,0.874,23.75,25.09
5c7034bc,2026-09-16 12:44:19,L,0.962,23.75,24.96
5c7034bc,2026-09-16 12:44:19,L,1.049,23.61,24.49
5c7034bc,2026-09-16 12:44:19,L,1.137,23.61,24.1
5c7034bc,2026-09-16 12:44:19,L,1.225,23.74,23.04
5c7034bc,2026-09-16 12:44:19,L,1.312,24.01,22.21
5c7034bc,2026-09-16 12:44:19,L,1.401,24.01,21.15
5c7034bc,2026-09-16 12:44:19,L,1.488,24.27,21.15
5c7034bc,2026-09-16 12:44:19,L,1.577,24.18,20.03
5c7034bc,2026-09-16 12:44:19,L,1.664,25.27,19.73
5c7034bc,2026-09-16 12:44:19,L,1.752,25.27,19.51
5c7034bc,2026-09-16 12:44:19,L,1.84,25.27,19.17
5c7034bc,2026-09-16 12:44:19,L,1.929,25.27,19.11
5c7034bc,2026-09-16 12:44:19,L,2.019,25.27,18.99
5c7034bc,2026-09-16 12:44:19,L,2.107,25.54,18.81
5c7034bc,2026-09-16 12:44:19,L,2.194,26.24,18.81
5c7034bc,2026-09-16 12:44:19,L,2.283,28.91,18.69
5c7034bc,2026-09-16 12:44:19,L,2.37,29.44,18.69
5c7034bc,2026-09-16 12:44:19,L,2.46,29.56,18.69
5c7034bc,2026-09-16 12:44:19,L,2.548,29.56,18.69
5c7034bc,2026-09-16 12:44:19,L,2.903,30.11,18.2
5c7034bc,2026-09-16 12:44:19,L,2.994,30.05,18.51
5c7034bc,2026-09-16 12:44:19,L,3.088,30.05,18.51
48bf81eb,2026-09-16 12:44:28,L,0.0,24.99,24.26
48bf81eb,2026-09-16 12:44:28,L,0.087,24.9,24.53
48bf81eb,2026-09-16 12:44:28,L,0.175,25.42,25.14
48bf81eb,2026-09-16 12:44:28,L,0.262,25.42,25.14
48bf81eb,2026-09-16 12:44:28,L,0.35,25.42,25.0
48bf81eb,2026-09-16 12:44:28,L,0.439,25.52,25.05
48bf81eb,2026-09-16 12:44:28,L,0.526,25.43,24.9
48bf81eb,2026-09-16 12:44:28,L,0.613,25.26,24.9
48bf81eb,2026-09-16 12:44:28,L,0.701,24.94,24.81
48bf81eb,2026-09-16 12:44:28,L,0.788,25.64,24.81
48bf81eb,2026-09-16 12:44:28,L,0.876,25.34,24.85
48bf81eb,2026-09-16 12:44:28,L,0.965,25.77,24.67
48bf81eb,2026-09-16 12:44:28,L,1.051,25.77,24.31
48bf81eb,2026-09-16 12:44:28,L,1.139,25.89,24.11
48bf81eb,2026-09-16 12:44:28,L,1.227,26.09,23.58
48bf81eb,2026-09-16 12:44:28,L,1.314,25.96,21.25
48bf81eb,2026-09-16 12:44:28,L,1.404,25.88,21.21
48bf81eb,2026-09-16 12:44:28,L,1.491,25.79,20.98
48bf81eb,2026-09-16 12:44:28,L,1.579,25.74,20.48
48bf81eb,2026-09-16 12:44:28,L,1.669,25.66,19.91
48bf81eb,2026-09-16 12:44:28,L,1.757,25.7,19.33
48bf81eb,2026-09-16 12:44:28,L,1.845,26.31,17.91
48bf81eb,2026-09-16 12:44:28,L,1.933,26.71,15.53
48bf81eb,2026-09-16 12:44:28,L,2.022,26.81,15.39
48bf81eb,2026-09-16 12:44:28,L,2.109,26.81,15.39
48bf81eb,2026-09-16 12:44:28,L,2.197,27.24,15.19
48bf81eb,2026-09-16 12:44:28,L,2.286,27.29,14.81
48bf81eb,2026-09-16 12:44:28,L,2.375,27.29,14.88
48bf81eb,2026-09-16 12:44:28,L,2.465,27.79,14.88
48bf81eb,2026-09-16 12:44:28,L,2.644,32.22,15.09
48bf81eb,2026-09-16 12:44:28,L,2.732,32.26,15.16
48bf81eb,2026-09-16 12:44:28,L,2.821,32.26,15.26
48bf81eb,2026-09-16 12:44:28,L,2.91,32.26,16.6
48bf81eb,2026-09-16 12:44:28,L,3.176,31.08,16.6
48bf81eb,2026-09-16 12:44:28,L,3.27,31.08,16.73
48bf81eb,2026-09-16 12:44:28,L,3.364,31.08,16.73
8a2a9d16,2026-09-16 12:44:38,L,0.0,22.44,26.43
8a2a9d16,2026-09-16 12:44:38,L,0.087,22.61,26.49
8a2a9d16,2026-09-16 12:44:38,L,0.176,22.13,26.7
8a2a9d16,2026-09-16 12:44:38,L,0.264,21.74,27.12
8a2a9d16,2026-09-16 12:44:38,L,0.351,21.74,27.02
8a2a9d16,2026-09-16 12:44:38,L,0.438,22.77,26.87
8a2a9d16,2026-09-16 12:44:38,L,0.526,23.53,26.97
8a2a9d16,2026-09-16 12:44:38,L,0.614,23.53,26.97
8a2a9d16,2026-09-16 12:44:38,L,0.7,23.67,26.83
8a2a9d16,2026-09-16 12:44:38,L,0.788,23.39,26.83
8a2a9d16,2026-09-16 12:44:38,L,0.875,23.63,26.68
8a2a9d16,2026-09-16 12:44:38,L,0.963,23.49,26.42
8a2a9d16,2026-09-16 12:44:38,L,1.051,23.59,25.88
8a2a9d16,2026-09-16 12:44:38,L,1.138,23.59,25.55
8a2a9d16,2026-09-16 12:44:38,L,1.226,23.53,23.88
8a2a9d16,2026-09-16 12:44:38,L,1.314,24.02,22.72
8a2a9d16,2026-09-16 12:44:38,L,1.401,24.06,22.6
8a2a9d16,2026-09-16 12:44:38,L,1.489,24.19,22.5
8a2a9d16,2026-09-16 12:44:38,L,1.576,24.64,22.34
8a2a9d16,2026-09-16 12:44:38,L,1.664,24.86,22.22
8a2a9d16,2026-09-16 12:44:38,L,1.751,25.0,21.8
8a2a9d16,2026-09-16 12:44:38,L,1.842,26.1,21.48
8a2a9d16,2026-09-16 12:44:38,L,1.927,27.76,21.43
8a2a9d16,2026-09-16 12:44:38,L,2.016,28.13,21.43
8a2a9d16,2026-09-16 12:44:38,L,2.105,30.09,20.7
8a2a9d16,2026-09-16 12:44:38,L,2.195,30.09,20.41
8a2a9d16,2026-09-16 12:44:38,L,2.282,30.09,20.05
8a2a9d16,2026-09-16 12:44:38,L,2.637,30.95,20.42
8a2a9d16,2026-09-16 12:44:38,L,2.725,29.95,20.42
8a2a9d16,2026-09-16 12:44:38,L,2.815,29.95,20.99
8a2a9d16,2026-09-16 12:44:38,L,2.91,29.95,20.99
ec2b2146,2026-09-16 12:44:56,L,0.0,24.5,25.18
ec2b2146,2026-09-16 12:44:56,L,0.088,24.46,25.18
ec2b2146,2026-09-16 12:44:56,L,0.175,24.46,25.18
ec2b2146,2026-09-16 12:44:56,L,0.263,24.46,25.18
ec2b2146,2026-09-16 12:44:56,L,0.351,24.41,24.8
ec2b2146,2026-09-16 12:44:56,L,0.439,24.41,25.08
ec2b2146,2026-09-16 12:44:56,L,0.526,24.02,25.73
ec2b2146,2026-09-16 12:44:56,L,0.614,24.02,26.15
ec2b2146,2026-09-16 12:44:56,L,0.702,24.02,26.15
ec2b2146,2026-09-16 12:44:56,L,0.789,24.1,25.59
ec2b2146,2026-09-16 12:44:56,L,0.877,24.1,25.41
ec2b2146,2026-09-16 12:44:56,L,0.964,23.97,25.45
ec2b2146,2026-09-16 12:44:56,L,1.052,23.75,25.41
ec2b2146,2026-09-16 12:44:56,L,1.139,23.75,25.45
ec2b2146,2026-09-16 12:44:56,L,1.226,23.75,25.87
ec2b2146,2026-09-16 12:44:56,L,1.314,23.75,25.91
ec2b2146,2026-09-16 12:44:56,L,1.402,23.75,25.87
ec2b2146,2026-09-16 12:44:56,L,1.49,23.75,25.55
ec2b2146,2026-09-16 12:44:56,L,1.579,23.8,24.96
ec2b2146,2026-09-16 12:44:56,L,1.666,23.88,24.52
ec2b2146,2026-09-16 12:44:56,L,1.754,24.54,22.42
ec2b2146,2026-09-16 12:44:56,L,1.842,24.86,22.09
ec2b2146,2026-09-16 12:44:56,L,1.929,24.59,21.21
ec2b2146,2026-09-16 12:44:56,L,2.019,24.45,21.1
ec2b2146,2026-09-16 12:44:56,L,2.109,24.59,21.1
ec2b2146,2026-09-16 12:44:56,L,2.287,25.28,20.14
ec2b2146,2026-09-16 12:44:56,L,2.375,25.89,19.96
ec2b2146,2026-09-16 12:44:56,L,2.462,26.91,20.14
ec2b2146,2026-09-16 12:44:56,L,2.553,28.35,19.89
ec2b2146,2026-09-16 12:44:56,L,2.641,28.8,20.03
ec2b2146,2026-09-16 12:44:56,L,2.729,29.14,19.85
ec2b2146,2026-09-16 12:44:56,L,2.819,29.17,19.85
ec2b2146,2026-09-16 12:44:56,L,2.908,29.17,19.85
ec2b2146,2026-09-16 12:44:56,L,3.262,29.98,19.83
ec2b2146,2026-09-16 12:44:56,L,3.35,29.98,20.18
ec2b2146,2026-09-16 12:44:56,L,3.441,29.98,20.66
ec2b2146,2026-09-16 12:44:56,L,3.536,29.98,20.66
10190467,2026-09-16 12:45:04,L,0.0,23.89,23.98
10190467,2026-09-16 12:45:04,L,0.088,23.61,22.96
10190467,2026-09-16 12:45:04,L,0.175,23.75,22.96
10190467,2026-09-16 12:45:04,L,0.263,23.79,23.68
10190467,2026-09-16 12:45:04,L,0.351,23.74,24.01
10190467,2026-09-16 12:45:04,L,0.438,23.69,24.01
10190467,2026-09-16 12:45:04,L,0.526,23.69,24.07
10190467,2026-09-16 12:45:04,L,0.614,23.6,24.11
10190467,2026-09-16 12:45:04,L,0.701,23.93,24.17
10190467,2026-09-16 12:45:04,L,0.789,23.93,24.17
10190467,2026-09-16 12:45:04,L,0.877,24.02,24.07
10190467,2026-09-16 12:45:04,L,0.967,24.15,24.07
10190467,2026-09-16 12:45:04,L,1.054,24.32,22.67
10190467,2026-09-16 12:45:04,L,1.141,24.55,21.74
10190467,2026-09-16 12:45:04,L,1.229,24.68,20.53
10190467,2026-09-16 12:45:04,L,1.319,24.73,19.96
10190467,2026-09-16 12:45:04,L,1.409,24.73,19.86
10190467,2026-09-16 12:45:04,L,1.499,24.59,19.29
10190467,2026-09-16 12:45:04,L,2.038,29.4,17.36
10190467,2026-09-16 12:45:04,L,2.577,30.09,18.31
10190467,2026-09-16 12:45:04,L,2.669,30.09,18.74
10190467,2026-09-16 12:45:04,L,2.764,30.09,18.74
5ced9537,2026-09-16 12:45:22,L,0.0,24.82,21.8
5ced9537,2026-09-16 12:45:22,L,0.085,24.59,22.62
5ced9537,2026-09-16 12:45:22,L,0.173,24.1,22.95
5ced9537,2026-09-16 12:45:22,L,0.26,23.21,23.53
5ced9537,2026-09-16 12:45:22,L,0.35,22.88,24.16
5ced9537,2026-09-16 12:45:22,L,0.435,22.8,24.12
5ced9537,2026-09-16 12:45:22,L,0.523,22.8,24.17
5ced9537,2026-09-16 12:45:22,L,0.61,22.8,24.17
5ced9537,2026-09-16 12:45:22,L,0.698,23.63,23.98
5ced9537,2026-09-16 12:45:22,L,0.786,23.63,23.98
5ced9537,2026-09-16 12:45:22,L,0.873,23.71,23.86
5ced9537,2026-09-16 12:45:22,L,0.961,23.62,23.86
5ced9537,2026-09-16 12:45:22,L,1.049,23.66,23.86
5ced9537,2026-09-16 12:45:22,L,1.136,23.79,23.9
5ced9537,2026-09-16 12:45:22,L,1.224,23.74,23.86
5ced9537,2026-09-16 12:45:22,L,1.312,23.74,23.86
5ced9537,2026-09-16 12:45:22,L,1.399,23.91,23.61
5ced9537,2026-09-16 12:45:22,L,1.487,23.91,23.73
5ced9537,2026-09-16 12:45:22,L,1.574,23.87,23.73
5ced9537,2026-09-16 12:45:22,L,1.663,23.68,23.32
5ced9537,2026-09-16 12:45:22,L,1.75,23.68,22.87
5ced9537,2026-09-16 12:45:22,L,1.837,24.32,22.49
5ced9537,2026-09-16 12:45:22,L,1.925,24.59,21.15
5ced9537,2026-09-16 12:45:22,L,2.014,25.58,20.66
5ced9537,2026-09-16 12:45:22,L,2.102,25.58,20.18
5ced9537,2026-09-16 12:45:22,L,2.189,25.53,19.86
5ced9537,2026-09-16 12:45:22,L,2.277,25.43,19.51
5ced9537,2026-09-16 12:45:22,L,2.366,25.13,19.51
5ced9537,2026-09-16 12:45:22,L,2.455,25.13,19.41
5ced9537,2026-09-16 12:45:22,L,2.634,25.68,18.28
5ced9537,2026-09-16 12:45:22,L,2.723,25.68,18.28
5ced9537,2026-09-16 12:45:22,L,2.901,29.8,17.36
5ced9537,2026-09-16 12:45:22,L,2.991,29.8,17.79
5ced9537,2026-09-16 12:45:22,L,3.081,30.61,17.46
480cbfdf,2026-09-16 12:45:47,M,0.0,22.58,23.38
480cbfdf,2026-09-16 12:45:47,M,0.087,22.44,23.48
480cbfdf,2026-09-16 12:45:47,M,0.177,22.43,23.58
480cbfdf,2026-09-16 12:45:47,M,0.264,22.34,23.35
480cbfdf,2026-09-16 12:45:47,M,0.351,22.39,23.46
480cbfdf,2026-09-16 12:45:47,M,0.439,22.13,23.83
480cbfdf,2026-09-16 12:45:47,M,0.526,21.87,23.71
480cbfdf,2026-09-16 12:45:47,M,0.613,21.92,23.61
480cbfdf,2026-09-16 12:45:47,M,0.701,21.92,23.48
480cbfdf,2026-09-16 12:45:47,M,0.788,22.07,23.4
480cbfdf,2026-09-16 12:45:47,M,0.877,22.28,22.61
480cbfdf,2026-09-16 12:45:47,M,0.964,22.39,23.16
480cbfdf,2026-09-16 12:45:47,M,1.051,22.56,22.89
480cbfdf,2026-09-16 12:45:47,M,1.139,22.64,22.85
480cbfdf,2026-09-16 12:45:47,M,1.227,22.63,22.68
480cbfdf,2026-09-16 12:45:47,M,1.314,22.63,22.68
480cbfdf,2026-09-16 12:45:47,M,1.402,22.63,22.53
480cbfdf,2026-09-16 12:45:47,M,1.491,21.88,22.53
480cbfdf,2026-09-16 12:45:47,M,1.578,22.01,22.42
480cbfdf,2026-09-16 12:45:47,M,1.666,21.6,21.86
480cbfdf,2026-09-16 12:45:47,M,1.753,21.68,21.75
480cbfdf,2026-09-16 12:45:47,M,1.841,22.98,21.75
480cbfdf,2026-09-16 12:45:47,M,1.929,23.13,21.74
480cbfdf,2026-09-16 12:45:47,M,2.016,23.04,21.55
480cbfdf,2026-09-16 12:45:47,M,2.104,23.09,21.74
480cbfdf,2026-09-16 12:45:47,M,2.193,23.04,21.41
480cbfdf,2026-09-16 12:45:47,M,2.28,23.04,21.13
480cbfdf,2026-09-16 12:45:47,M,2.368,22.29,20.87
480cbfdf,2026-09-16 12:45:47,M,2.455,22.29,21.41
480cbfdf,2026-09-16 12:45:47,M,2.544,21.87,21.47
480cbfdf,2026-09-16 12:45:47,M,2.63,21.46,22.14
480cbfdf,2026-09-16 12:45:47,M,2.718,22.22,23.0
480cbfdf,2026-09-16 12:45:47,M,2.806,22.18,24.81
480cbfdf,2026-09-16 12:45:47,M,2.893,22.1,25.74
480cbfdf,2026-09-16 12:45:47,M,2.981,22.3,26.78
480cbfdf,2026-09-16 12:45:47,M,3.068,22.37,26.78
480cbfdf,2026-09-16 12:45:47,M,3.156,23.35,26.54
480cbfdf,2026-09-16 12:45:47,M,3.244,23.86,25.37
480cbfdf,2026-09-16 12:45:47,M,3.331,24.46,23.98
480cbfdf,2026-09-16 12:45:47,M,3.419,24.86,21.7
480cbfdf,2026-09-16 12:45:47,M,3.508,25.44,20.96
480cbfdf,2026-09-16 12:45:47,M,3.594,25.96,20.96
480cbfdf,2026-09-16 12:45:47,M,3.682,26.05,21.58
480cbfdf,2026-09-16 12:45:47,M,3.77,26.86,23.1
480cbfdf,2026-09-16 12:45:47,M,3.86,27.09,24.7
480cbfdf,2026-09-16 12:45:47,M,3.945,27.71,26.66
480cbfdf,2026-09-16 12:45:47,M,4.032,28.29,26.66
480cbfdf,2026-09-16 12:45:47,M,4.12,28.66,26.66
480cbfdf,2026-09-16 12:45:47,M,4.208,28.88,24.67
480cbfdf,2026-09-16 12:45:47,M,4.297,28.88,23.46
480cbfdf,2026-09-16 12:45:47,M,4.385,29.04,21.48
480cbfdf,2026-09-16 12:45:47,M,4.472,29.87,19.67
480cbfdf,2026-09-16 12:45:47,M,4.563,29.87,18.28
480cbfdf,2026-09-16 12:45:47,M,4.651,29.38,17.14
480cbfdf,2026-09-16 12:45:47,M,4.829,29.64,15.07
480cbfdf,2026-09-16 12:45:47,M,4.918,29.04,15.16
480cbfdf,2026-09-16 12:45:47,M,5.011,29.04,15.26
254b1aac,2026-09-16 12:45:58,M,0.0,22.88,21.92
254b1aac,2026-09-16 12:45:58,M,0.088,22.51,21.92
254b1aac,2026-09-16 12:45:58,M,0.175,22.15,22.55
254b1aac,2026-09-16 12:45:58,M,0.264,21.9,22.68
254b1aac,2026-09-16 12:45:58,M,0.351,21.79,22.26
254b1aac,2026-09-16 12:45:58,M,0.438,21.6,22.53
254b1aac,2026-09-16 12:45:58,M,0.526,21.49,22.17
254b1aac,2026-09-16 12:45:58,M,0.614,21.49,22.3
254b1aac,2026-09-16 12:45:58,M,0.702,21.64,21.97
254b1aac,2026-09-16 12:45:58,M,0.789,21.42,21.85
254b1aac,2026-09-16 12:45:58,M,0.878,21.52,21.58
254b1aac,2026-09-16 12:45:58,M,0.965,21.42,21.47
254b1aac,2026-09-16 12:45:58,M,1.052,21.52,21.59
254b1aac,2026-09-16 12:45:58,M,1.141,21.83,21.81
254b1aac,2026-09-16 12:45:58,M,1.228,21.83,22.46
254b1aac,2026-09-16 12:45:58,M,1.316,21.56,23.38
254b1aac,2026-09-16 12:45:58,M,1.403,21.56,24.99
254b1aac,2026-09-16 12:45:58,M,1.491,21.56,26.8
254b1aac,2026-09-16 12:45:58,M,1.578,21.68,26.99
254b1aac,2026-09-16 12:45:58,M,1.665,22.57,26.99
254b1aac,2026-09-16 12:45:58,M,1.754,23.06,26.86
254b1aac,2026-09-16 12:45:58,M,1.841,23.64,24.94
254b1aac,2026-09-16 12:45:58,M,1.928,24.41,23.62
254b1aac,2026-09-16 12:45:58,M,2.016,26.13,22.26
254b1aac,2026-09-16 12:45:58,M,2.104,26.39,22.14
254b1aac,2026-09-16 12:45:58,M,2.193,26.86,22.46
254b1aac,2026-09-16 12:45:58,M,2.28,27.27,22.46
254b1aac,2026-09-16 12:45:58,M,2.367,27.31,22.68
254b1aac,2026-09-16 12:45:58,M,2.456,27.23,23.38
254b1aac,2026-09-16 12:45:58,M,2.543,27.28,23.87
254b1aac,2026-09-16 12:45:58,M,2.631,27.48,25.82
254b1aac,2026-09-16 12:45:58,M,2.719,27.18,26.23
254b1aac,2026-09-16 12:45:58,M,2.807,27.75,26.23
254b1aac,2026-09-16 12:45:58,M,2.894,27.76,26.23
254b1aac,2026-09-16 12:45:58,M,2.981,28.47,24.96
254b1aac,2026-09-16 12:45:58,M,3.069,28.47,23.83
254b1aac,2026-09-16 12:45:58,M,3.157,28.63,22.58
254b1aac,2026-09-16 12:45:58,M,3.245,28.63,20.32
254b1aac,2026-09-16 12:45:58,M,3.332,28.8,20.06
254b1aac,2026-09-16 12:45:58,M,3.42,29.61,19.33
254b1aac,2026-09-16 12:45:58,M,3.509,29.85,19.33
254b1aac,2026-09-16 12:45:58,M,3.597,29.85,19.27
254b1aac,2026-09-16 12:45:58,M,3.684,29.76,18.99
254b1aac,2026-09-16 12:45:58,M,3.771,29.87,18.86
254b1aac,2026-09-16 12:45:58,M,3.859,30.04,18.86
254b1aac,2026-09-16 12:45:58,M,3.947,30.07,19.09
254b1aac,2026-09-16 12:45:58,M,4.034,30.35,19.09
254b1aac,2026-09-16 12:45:58,M,4.126,30.35,19.3
254b1aac,2026-09-16 12:45:58,M,4.219,30.35,19.3
6f507a58,2026-09-16 12:46:12,M,0.0,21.23,21.77
6f507a58,2026-09-16 12:46:12,M,0.087,20.43,21.63
6f507a58,2026-09-16 12:46:12,M,0.175,20.72,21.6
6f507a58,2026-09-16 12:46:12,M,0.263,20.64,22.22
6f507a58,2026-09-16 12:46:12,M,0.35,20.57,22.71
6f507a58,2026-09-16 12:46:12,M,0.438,18.51,22.71
6f507a58,2026-09-16 12:46:12,M,0.527,20.14,22.71
6f507a58,2026-09-16 12:46:12,M,0.613,20.12,22.55
6f507a58,2026-09-16 12:46:12,M,0.702,20.12,22.5
6f507a58,2026-09-16 12:46:12,M,0.789,20.3,22.26
6f507a58,2026-09-16 12:46:12,M,0.877,20.3,22.26
6f507a58,2026-09-16 12:46:12,M,0.965,20.3,22.26
6f507a58,2026-09-16 12:46:12,M,1.052,20.3,22.22
6f507a58,2026-09-16 12:46:12,M,1.14,20.13,22.06
6f507a58,2026-09-16 12:46:12,M,1.228,20.51,21.65
6f507a58,2026-09-16 12:46:12,M,1.316,20.51,21.53
6f507a58,2026-09-16 12:46:12,M,1.403,20.62,21.53
6f507a58,2026-09-16 12:46:12,M,1.491,20.67,21.53
6f507a58,2026-09-16 12:46:12,M,1.581,20.57,22.26
6f507a58,2026-09-16 12:46:12,M,1.667,20.41,22.94
6f507a58,2026-09-16 12:46:12,M,1.754,20.51,23.99
6f507a58,2026-09-16 12:46:12,M,1.842,20.17,24.44
6f507a58,2026-09-16 12:46:12,M,1.93,20.17,25.55
6f507a58,2026-09-16 12:46:12,M,2.017,20.17,26.62
6f507a58,2026-09-16 12:46:12,M,2.105,20.09,26.71
6f507a58,2026-09-16 12:46:12,M,2.193,20.43,27.3
6f507a58,2026-09-16 12:46:12,M,2.28,20.57,27.82
6f507a58,2026-09-16 12:46:12,M,2.367,20.62,28.14
6f507a58,2026-09-16 12:46:12,M,2.455,20.62,28.26
6f507a58,2026-09-16 12:46:12,M,2.542,20.78,28.26
6f507a58,2026-09-16 12:46:12,M,2.63,20.83,28.26
6f507a58,2026-09-16 12:46:12,M,2.717,20.99,27.37
6f507a58,2026-09-16 12:46:12,M,2.805,21.41,26.97
6f507a58,2026-09-16 12:46:12,M,2.893,21.68,25.97
6f507a58,2026-09-16 12:46:12,M,2.981,21.98,24.47
6f507a58,2026-09-16 12:46:12,M,3.068,22.25,24.38
6f507a58,2026-09-16 12:46:12,M,3.156,22.39,23.71
6f507a58,2026-09-16 12:46:12,M,3.244,22.72,22.69
6f507a58,2026-09-16 12:46:12,M,3.334,22.97,22.29
6f507a58,2026-09-16 12:46:12,M,3.419,22.97,21.85
6f507a58,2026-09-16 12:46:12,M,3.507,23.32,21.85
6f507a58,2026-09-16 12:46:12,M,3.595,23.36,21.59
6f507a58,2026-09-16 12:46:12,M,3.682,23.06,21.64
6f507a58,2026-09-16 12:46:12,M,3.769,23.11,21.64
6f507a58,2026-09-16 12:46:12,M,3.857,23.35,22.18
6f507a58,2026-09-16 12:46:12,M,3.944,23.63,22.99
6f507a58,2026-09-16 12:46:12,M,4.032,23.63,23.62
6f507a58,2026-09-16 12:46:12,M,4.12,23.67,24.47
6f507a58,2026-09-16 12:46:12,M,4.208,23.76,25.03
6f507a58,2026-09-16 12:46:12,M,4.295,24.15,25.87
6f507a58,2026-09-16 12:46:12,M,4.382,24.15,26.81
6f507a58,2026-09-16 12:46:12,M,4.47,24.41,26.96
6f507a58,2026-09-16 12:46:12,M,4.558,24.28,27.09
6f507a58,2026-09-16 12:46:12,M,4.645,24.46,27.42
6f507a58,2026-09-16 12:46:12,M,4.733,24.28,27.6
6f507a58,2026-09-16 12:46:12,M,4.82,24.72,28.12
6f507a58,2026-09-16 12:46:12,M,4.907,24.72,28.17
6f507a58,2026-09-16 12:46:12,M,4.996,24.77,28.35
6f507a58,2026-09-16 12:46:12,M,5.083,24.85,28.35
6f507a58,2026-09-16 12:46:12,M,5.17,24.85,28.38
6f507a58,2026-09-16 12:46:12,M,5.258,25.11,28.26
6f507a58,2026-09-16 12:46:12,M,5.346,24.84,27.95
6f507a58,2026-09-16 12:46:12,M,5.433,24.84,26.47
6f507a58,2026-09-16 12:46:12,M,5.521,24.84,25.83
6f507a58,2026-09-16 12:46:12,M,5.609,25.02,23.36
6f507a58,2026-09-16 12:46:12,M,5.696,24.86,22.29
6f507a58,2026-09-16 12:46:12,M,5.783,24.68,20.75
6f507a58,2026-09-16 12:46:12,M,5.871,24.73,20.64
6f507a58,2026-09-16 12:46:12,M,5.96,24.73,19.96
6f507a58,2026-09-16 12:46:12,M,6.048,24.82,19.76
6f507a58,2026-09-16 12:46:12,M,6.136,24.73,19.76
6f507a58,2026-09-16 12:46:12,M,6.224,25.15,19.59
6f507a58,2026-09-16 12:46:12,M,6.313,25.39,19.76
6f507a58,2026-09-16 12:46:12,M,6.405,25.39,19.76
a04cd5ae,2026-09-16 12:47:11,M,0.0,20.96,23.42
a04cd5ae,2026-09-16 12:47:11,M,0.088,21.32,24.21
a04cd5ae,2026-09-16 12:47:11,M,0.175,20.99,24.27
a04cd5ae,2026-09-16 12:47:11,M,0.263,20.64,24.27
a04cd5ae,2026-09-16 12:47:11,M,0.35,20.57,24.27
a04cd5ae,2026-09-16 12:47:11,M,0.439,20.57,24.38
a04cd5ae,2026-09-16 12:47:11,M,0.526,20.46,24.16
a04cd5ae,2026-09-16 12:47:11,M,0.614,20.46,22.92
a04cd5ae,2026-09-16 12:47:11,M,0.701,20.78,22.92
a04cd5ae,2026-09-16 12:47:11,M,0.789,20.78,22.45
a04cd5ae,2026-09-16 12:47:11,M,0.877,20.24,22.18
a04cd5ae,2026-09-16 12:47:11,M,0.965,20.06,21.88
a04cd5ae,2026-09-16 12:47:11,M,1.053,20.06,21.83
a04cd5ae,2026-09-16 12:47:11,M,1.14,20.24,21.83
a04cd5ae,2026-09-16 12:47:11,M,1.228,20.28,21.89
a04cd5ae,2026-09-16 12:47:11,M,1.316,20.55,24.06
a04cd5ae,2026-09-16 12:47:11,M,1.404,20.57,24.06
a04cd5ae,2026-09-16 12:47:11,M,1.491,20.57,25.21
a04cd5ae,2026-09-16 12:47:11,M,1.579,20.67,25.6
a04cd5ae,2026-09-16 12:47:11,M,1.667,20.67,26.9
a04cd5ae,2026-09-16 12:47:11,M,1.755,20.57,27.87
a04cd5ae,2026-09-16 12:47:11,M,1.842,20.51,28.14
a04cd5ae,2026-09-16 12:47:11,M,1.929,20.57,28.56
a04cd5ae,2026-09-16 12:47:11,M,2.017,20.57,28.56
a04cd5ae,2026-09-16 12:47:11,M,2.105,20.83,28.24
a04cd5ae,2026-09-16 12:47:11,M,2.192,21.04,27.85
a04cd5ae,2026-09-16 12:47:11,M,2.28,21.2,27.54
a04cd5ae,2026-09-16 12:47:11,M,2.367,21.62,27.02
a04cd5ae,2026-09-16 12:47:11,M,2.455,22.16,26.05
a04cd5ae,2026-09-16 12:47:11,M,2.542,22.68,24.96
a04cd5ae,2026-09-16 12:47:11,M,2.63,23.08,23.98
a04cd5ae,2026-09-16 12:47:11,M,2.717,23.57,23.2
a04cd5ae,2026-09-16 12:47:11,M,2.805,23.61,22.14
a04cd5ae,2026-09-16 12:47:11,M,2.893,23.88,22.1
a04cd5ae,2026-09-16 12:47:11,M,2.98,23.93,21.69
a04cd5ae,2026-09-16 12:47:11,M,3.068,24.02,21.69
a04cd5ae,2026-09-16 12:47:11,M,3.156,24.46,21.69
a04cd5ae,2026-09-16 12:47:11,M,3.243,24.46,22.04
a04cd5ae,2026-09-16 12:47:11,M,3.331,24.59,22.41
a04cd5ae,2026-09-16 12:47:11,M,3.419,24.81,25.45
a04cd5ae,2026-09-16 12:47:11,M,3.506,24.81,26.42
a04cd5ae,2026-09-16 12:47:11,M,3.594,24.99,26.99
a04cd5ae,2026-09-16 12:47:11,M,3.681,25.16,27.39
a04cd5ae,2026-09-16 12:47:11,M,3.768,25.16,27.6
a04cd5ae,2026-09-16 12:47:11,M,3.857,25.3,28.13
a04cd5ae,2026-09-16 12:47:11,M,3.944,25.64,28.82
a04cd5ae,2026-09-16 12:47:11,M,4.031,25.64,28.82
a04cd5ae,2026-09-16 12:47:11,M,4.119,25.69,28.82
a04cd5ae,2026-09-16 12:47:11,M,4.207,25.69,27.64
a04cd5ae,2026-09-16 12:47:11,M,4.294,25.69,27.29
a04cd5ae,2026-09-16 12:47:11,M,4.382,25.92,27.07
a04cd5ae,2026-09-16 12:47:11,M,4.469,25.97,26.02
a04cd5ae,2026-09-16 12:47:11,M,4.557,25.99,24.82
a04cd5ae,2026-09-16 12:47:11,M,4.645,25.99,23.47
a04cd5ae,2026-09-16 12:47:11,M,4.733,26.04,20.87
a04cd5ae,2026-09-16 12:47:11,M,4.822,25.91,20.49
a04cd5ae,2026-09-16 12:47:11,M,4.911,25.91,20.03
a04cd5ae,2026-09-16 12:47:11,M,5.449,26.02,16.85
a04cd5ae,2026-09-16 12:47:11,M,5.538,26.33,17.05
a04cd5ae,2026-09-16 12:47:11,M,5.627,26.28,18.62
21450340,2026-09-16 12:47:25,M,0.0,19.75,22.57
21450340,2026-09-16 12:47:25,M,0.088,19.9,22.52
21450340,2026-09-16 12:47:25,M,0.175,19.81,22.24
21450340,2026-09-16 12:47:25,M,0.263,19.81,21.98
21450340,2026-09-16 12:47:25,M,0.351,19.81,21.9
21450340,2026-09-16 12:47:25,M,0.439,19.81,21.08
21450340,2026-09-16 12:47:25,M,0.526,19.81,20.96
21450340,2026-09-16 12:47:25,M,0.614,19.81,20.73
21450340,2026-09-16 12:47:25,M,0.702,19.75,20.73
21450340,2026-09-16 12:47:25,M,0.79,20.19,20.73
21450340,2026-09-16 12:47:25,M,0.878,20.19,20.15
21450340,2026-09-16 12:47:25,M,0.966,20.22,20.26
21450340,2026-09-16 12:47:25,M,1.054,20.08,20.26
21450340,2026-09-16 12:47:25,M,1.142,19.98,20.96
21450340,2026-09-16 12:47:25,M,1.229,19.98,22.01
21450340,2026-09-16 12:47:25,M,1.317,19.98,23.44
21450340,2026-09-16 12:47:25,M,1.405,19.77,25.6
21450340,2026-09-16 12:47:25,M,1.492,19.77,26.28
21450340,2026-09-16 12:47:25,M,1.58,20.01,26.92
21450340,2026-09-16 12:47:25,M,1.668,20.01,27.29
21450340,2026-09-16 12:47:25,M,1.756,20.11,27.89
21450340,2026-09-16 12:47:25,M,1.843,20.25,28.19
21450340,2026-09-16 12:47:25,M,1.931,20.11,28.33
21450340,2026-09-16 12:47:25,M,2.019,20.25,28.37
21450340,2026-09-16 12:47:25,M,2.107,20.25,28.45
21450340,2026-09-16 12:47:25,M,2.194,20.67,28.4
21450340,2026-09-16 12:47:25,M,2.281,20.83,28.16
21450340,2026-09-16 12:47:25,M,2.369,22.02,26.1
21450340,2026-09-16 12:47:25,M,2.458,22.5,25.32
21450340,2026-09-16 12:47:25,M,2.546,22.93,24.21
21450340,2026-09-16 12:47:25,M,2.634,23.74,23.58
21450340,2026-09-16 12:47:25,M,2.721,24.64,22.33
21450340,2026-09-16 12:47:25,M,2.81,24.77,21.25
21450340,2026-09-16 12:47:25,M,2.899,25.05,20.54
21450340,2026-09-16 12:47:25,M,2.988,25.28,20.02
21450340,2026-09-16 12:47:25,M,3.077,25.28,20.02
21450340,2026-09-16 12:47:25,M,3.165,25.56,20.24
21450340,2026-09-16 12:47:25,M,3.253,26.34,20.24
21450340,2026-09-16 12:47:25,M,3.341,27.45,21.14
21450340,2026-09-16 12:47:25,M,3.43,27.65,21.86
21450340,2026-09-16 12:47:25,M,3.52,27.76,24.91
21450340,2026-09-16 12:47:25,M,3.786,28.4,25.64
21450340,2026-09-16 12:47:25,M,3.874,29.22,26.7
21450340,2026-09-16 12:47:25,M,3.963,29.43,26.83
21450340,2026-09-16 12:47:25,M,4.052,29.43,27.73
21450340,2026-09-16 12:47:25,M,4.674,28.9,28.19
21450340,2026-09-16 12:47:25,M,4.763,28.9,28.03
21450340,2026-09-16 12:47:25,M,4.851,29.45,27.29
21450340,2026-09-16 12:47:25,M,4.939,30.02,27.0
21450340,2026-09-16 12:47:25,M,5.027,29.68,25.95
21450340,2026-09-16 12:47:25,M,5.115,29.68,24.18
21450340,2026-09-16 12:47:25,M,5.204,29.68,22.62
21450340,2026-09-16 12:47:25,M,5.294,29.68,21.31
21450340,2026-09-16 12:47:25,M,6.815,30.49,23.26
21450340,2026-09-16 12:47:25,M,6.904,30.49,23.26
21450340,2026-09-16 12:47:25,M,6.992,30.67,23.87
21450340,2026-09-16 12:47:25,M,7.08,30.49,24.02
21450340,2026-09-16 12:47:25,M,7.169,30.35,23.4
21450340,2026-09-16 12:47:25,M,7.257,30.53,22.1
21450340,2026-09-16 12:47:25,M,7.344,30.35,21.08
21450340,2026-09-16 12:47:25,M,7.434,30.72,20.81
21450340,2026-09-16 12:47:25,M,7.524,30.61,20.59
21450340,2026-09-16 12:47:25,M,8.247,29.74,17.23
21450340,2026-09-16 12:47:25,M,8.337,29.97,17.23
21450340,2026-09-16 12:47:25,M,8.427,30.19,17.46
21450340,2026-09-16 12:47:25,M,8.605,28.61,19.16
21450340,2026-09-16 12:47:25,M,8.697,29.23,19.16
f9c6a778,2026-09-16 12:47:43,M,0.0,21.44,22.12
f9c6a778,2026-09-16 12:47:43,M,0.088,20.95,21.8
f9c6a778,2026-09-16 12:47:43,M,0.175,20.41,21.6
f9c6a778,2026-09-16 12:47:43,M,0.263,20.15,21.73
f9c6a778,2026-09-16 12:47:43,M,0.351,19.91,22.03
f9c6a778,2026-09-16 12:47:43,M,0.439,19.91,22.51
f9c6a778,2026-09-16 12:47:43,M,0.526,19.67,22.86
f9c6a778,2026-09-16 12:47:43,M,0.614,19.52,22.91
f9c6a778,2026-09-16 12:47:43,M,0.702,19.62,22.86
f9c6a778,2026-09-16 12:47:43,M,0.79,19.45,22.67
f9c6a778,2026-09-16 12:47:43,M,0.878,18.93,22.76
f9c6a778,2026-09-16 12:47:43,M,0.966,18.71,22.8
f9c6a778,2026-09-16 12:47:43,M,1.053,18.83,24.91
f9c6a778,2026-09-16 12:47:43,M,1.141,19.01,26.72
f9c6a778,2026-09-16 12:47:43,M,1.229,19.01,27.29
f9c6a778,2026-09-16 12:47:43,M,1.317,19.01,27.6
f9c6a778,2026-09-16 12:47:43,M,1.405,19.18,27.6
f9c6a778,2026-09-16 12:47:43,M,1.493,19.41,27.54
f9c6a778,2026-09-16 12:47:43,M,1.58,21.31,27.1
f9c6a778,2026-09-16 12:47:43,M,1.667,22.0,24.53
f9c6a778,2026-09-16 12:47:43,M,1.755,22.79,23.46
f9c6a778,2026-09-16 12:47:43,M,1.843,23.61,23.46
f9c6a778,2026-09-16 12:47:43,M,1.93,23.74,23.46
f9c6a778,2026-09-16 12:47:43,M,2.018,24.72,23.93
f9c6a778,2026-09-16 12:47:43,M,2.105,25.16,25.59
f9c6a778,2026-09-16 12:47:43,M,2.193,25.55,26.57
f9c6a778,2026-09-16 12:47:43,M,2.28,25.82,27.22
f9c6a778,2026-09-16 12:47:43,M,2.369,26.36,27.22
f9c6a778,2026-09-16 12:47:43,M,2.456,27.36,27.22
f9c6a778,2026-09-16 12:47:43,M,2.543,27.87,25.87
f9c6a778,2026-09-16 12:47:43,M,2.634,27.87,24.67
f9c6a778,2026-09-16 12:47:43,M,2.723,27.87,22.83
f9c6a778,2026-09-16 12:47:43,M,3.167,28.86,18.32
f9c6a778,2026-09-16 12:47:43,M,3.257,28.63,18.42
f9c6a778,2026-09-16 12:47:43,M,3.349,28.63,18.42
a2e413ee,2026-09-16 12:47:54,M,0.0,19.23,22.21
a2e413ee,2026-09-16 12:47:54,M,0.088,18.7,22.67
a2e413ee,2026-09-16 12:47:54,M,0.175,18.6,23.53
a2e413ee,2026-09-16 12:47:54,M,0.263,18.54,23.32
a2e413ee,2026-09-16 12:47:54,M,0.351,18.66,23.1
a2e413ee,2026-09-16 12:47:54,M,0.439,18.66,23.06
a2e413ee,2026-09-16 12:47:54,M,0.526,19.18,22.8
a2e413ee,2026-09-16 12:47:54,M,0.614,19.18,22.45
a2e413ee,2026-09-16 12:47:54,M,0.702,19.18,21.99
a2e413ee,2026-09-16 12:47:54,M,0.79,19.18,21.77
a2e413ee,2026-09-16 12:47:54,M,0.878,19.41,21.65
a2e413ee,2026-09-16 12:47:54,M,0.966,19.75,21.65
a2e413ee,2026-09-16 12:47:54,M,1.053,19.75,21.65
a2e413ee,2026-09-16 12:47:54,M,1.141,19.75,21.89
a2e413ee,2026-09-16 12:47:54,M,1.229,19.75,22.11
a2e413ee,2026-09-16 12:47:54,M,1.317,19.64,22.89
a2e413ee,2026-09-16 12:47:54,M,1.404,19.35,24.45
a2e413ee,2026-09-16 12:47:54,M,1.493,19.01,26.11
a2e413ee,2026-09-16 12:47:54,M,1.58,18.91,27.78
a2e413ee,2026-09-16 12:47:54,M,1.668,18.91,28.31
a2e413ee,2026-09-16 12:47:54,M,1.755,19.01,28.56
a2e413ee,2026-09-16 12:47:54,M,1.843,19.84,28.45
a2e413ee,2026-09-16 12:47:54,M,1.931,19.95,28.29
a2e413ee,2026-09-16 12:47:54,M,2.019,20.46,27.66
a2e413ee,2026-09-16 12:47:54,M,2.106,20.67,27.36
a2e413ee,2026-09-16 12:47:54,M,2.195,20.83,26.86
a2e413ee,2026-09-16 12:47:54,M,2.281,20.89,25.45
a2e413ee,2026-09-16 12:47:54,M,2.369,20.99,24.65
a2e413ee,2026-09-16 12:47:54,M,2.457,21.92,24.65
a2e413ee,2026-09-16 12:47:54,M,2.544,22.03,24.51
a2e413ee,2026-09-16 12:47:54,M,2.632,22.15,24.9
a2e413ee,2026-09-16 12:47:54,M,2.719,22.15,25.41
a2e413ee,2026-09-16 12:47:54,M,2.807,22.27,26.37
a2e413ee,2026-09-16 12:47:54,M,2.895,22.39,27.57
a2e413ee,2026-09-16 12:47:54,M,2.982,23.33,27.57
a2e413ee,2026-09-16 12:47:54,M,3.07,23.75,27.57
a2e413ee,2026-09-16 12:47:54,M,3.157,24.41,26.28
a2e413ee,2026-09-16 12:47:54,M,3.245,24.67,25.14
a2e413ee,2026-09-16 12:47:54,M,3.332,25.22,24.5
a2e413ee,2026-09-16 12:47:54,M,3.42,25.31,23.3
a2e413ee,2026-09-16 12:47:54,M,3.509,25.41,21.91
a2e413ee,2026-09-16 12:47:54,M,3.596,25.93,21.48
a2e413ee,2026-09-16 12:47:54,M,3.685,26.24,20.24
a2e413ee,2026-09-16 12:47:54,M,3.771,26.55,19.83
a2e413ee,2026-09-16 12:47:54,M,3.859,26.55,19.57
a2e413ee,2026-09-16 12:47:54,M,3.947,26.55,19.57
a2e413ee,2026-09-16 12:47:54,M,4.037,27.41,19.83
a2e413ee,2026-09-16 12:47:54,M,4.128,27.74,19.83
38e5d590,2026-09-16 12:48:05,M,0.0,20.24,23.16
38e5d590,2026-09-16 12:48:05,M,0.088,20.26,24.0
38e5d590,2026-09-16 12:48:05,M,0.175,19.92,23.82
38e5d590,2026-09-16 12:48:05,M,0.263,20.02,23.82
38e5d590,2026-09-16 12:48:05,M,0.351,18.76,23.82
38e5d590,2026-09-16 12:48:05,M,0.439,18.65,23.69
38e5d590,2026-09-16 12:48:05,M,0.526,18.65,23.43
38e5d590,2026-09-16 12:48:05,M,0.614,20.3,23.22
38e5d590,2026-09-16 12:48:05,M,0.702,20.3,22.97
38e5d590,2026-09-16 12:48:05,M,0.79,20.3,22.97
38e5d590,2026-09-16 12:48:05,M,0.877,20.62,22.85
38e5d590,2026-09-16 12:48:05,M,0.965,20.62,22.85
38e5d590,2026-09-16 12:48:05,M,1.053,20.94,22.9
38e5d590,2026-09-16 12:48:05,M,1.14,21.05,23.0
38e5d590,2026-09-16 12:48:05,M,1.228,21.16,23.64
38e5d590,2026-09-16 12:48:05,M,1.316,21.09,23.94
38e5d590,2026-09-16 12:48:05,M,1.403,21.09,24.68
38e5d590,2026-09-16 12:48:05,M,1.491,20.94,26.37
38e5d590,2026-09-16 12:48:05,M,1.578,20.94,27.75
38e5d590,2026-09-16 12:48:05,M,1.666,20.99,28.16
38e5d590,2026-09-16 12:48:05,M,1.754,20.99,28.98
38e5d590,2026-09-16 12:48:05,M,1.841,21.1,29.32
38e5d590,2026-09-16 12:48:05,M,1.929,21.25,29.64
38e5d590,2026-09-16 12:48:05,M,2.017,21.25,29.92
38e5d590,2026-09-16 12:48:05,M,2.104,21.68,30.18
38e5d590,2026-09-16 12:48:05,M,2.192,21.95,30.18
38e5d590,2026-09-16 12:48:05,M,2.279,22.41,29.42
38e5d590,2026-09-16 12:48:05,M,2.367,22.74,28.86
38e5d590,2026-09-16 12:48:05,M,2.454,23.3,28.1
38e5d590,2026-09-16 12:48:05,M,2.542,23.39,27.7
38e5d590,2026-09-16 12:48:05,M,2.63,23.55,26.58
38e5d590,2026-09-16 12:48:05,M,2.717,23.93,25.4
38e5d590,2026-09-16 12:48:05,M,2.805,23.93,25.12
38e5d590,2026-09-16 12:48:05,M,2.892,23.89,24.8
38e5d590,2026-09-16 12:48:05,M,2.98,24.02,24.63
38e5d590,2026-09-16 12:48:05,M,3.068,24.1,24.67
38e5d590,2026-09-16 12:48:05,M,3.155,24.41,24.99
38e5d590,2026-09-16 12:48:05,M,3.242,24.64,25.32
38e5d590,2026-09-16 12:48:05,M,3.33,24.86,26.15
38e5d590,2026-09-16 12:48:05,M,3.418,25.38,26.42
38e5d590,2026-09-16 12:48:05,M,3.506,25.38,27.5
38e5d590,2026-09-16 12:48:05,M,3.593,25.97,28.05
38e5d590,2026-09-16 12:48:05,M,3.681,25.97,29.19
38e5d590,2026-09-16 12:48:05,M,3.769,26.01,29.34
38e5d590,2026-09-16 12:48:05,M,3.856,26.09,29.76
38e5d590,2026-09-16 12:48:05,M,3.944,26.26,29.83
38e5d590,2026-09-16 12:48:05,M,4.031,26.26,29.9
38e5d590,2026-09-16 12:48:05,M,4.119,26.69,30.07
38e5d590,2026-09-16 12:48:05,M,4.207,27.56,30.52
38e5d590,2026-09-16 12:48:05,M,4.294,27.56,30.52
38e5d590,2026-09-16 12:48:05,M,4.382,27.64,30.52
38e5d590,2026-09-16 12:48:05,M,4.47,28.57,30.0
38e5d590,2026-09-16 12:48:05,M,4.557,27.56,28.49
38e5d590,2026-09-16 12:48:05,M,4.645,27.71,27.68
38e5d590,2026-09-16 12:48:05,M,4.733,29.06,26.47
38e5d590,2026-09-16 12:48:05,M,4.822,29.06,25.4
38e5d590,2026-09-16 12:48:05,M,4.911,29.28,22.97
38e5d590,2026-09-16 12:48:05,M,5.088,29.76,21.09
38e5d590,2026-09-16 12:48:05,M,5.176,29.9,20.53
38e5d590,2026-09-16 12:48:05,M,5.263,29.76,20.32
38e5d590,2026-09-16 12:48:05,M,5.353,29.06,20.32
38e5d590,2026-09-16 12:48:05,M,5.445,28.39,20.32
80ea121c,2026-09-16 12:48:16,M,0.0,20.3,23.23
80ea121c,2026-09-16 12:48:16,M,0.088,20.46,23.4
80ea121c,2026-09-16 12:48:16,M,0.175,20.35,23.58
80ea121c,2026-09-16 12:48:16,M,0.263,20.25,23.84
80ea121c,2026-09-16 12:48:16,M,0.351,20.07,23.84
80ea121c,2026-09-16 12:48:16,M,0.438,19.85,23.84
80ea121c,2026-09-16 12:48:16,M,0.526,19.85,23.58
80ea121c,2026-09-16 12:48:16,M,0.614,19.75,23.48
80ea121c,2026-09-16 12:48:16,M,0.703,19.52,23.61
80ea121c,2026-09-16 12:48:16,M,0.789,20.09,23.66
80ea121c,2026-09-16 12:48:16,M,0.877,19.75,23.71
80ea121c,2026-09-16 12:48:16,M,0.965,18.7,24.02
80ea121c,2026-09-16 12:48:16,M,1.053,19.11,24.25
80ea121c,2026-09-16 12:48:16,M,1.141,19.04,25.22
80ea121c,2026-09-16 12:48:16,M,1.228,19.01,25.6
80ea121c,2026-09-16 12:48:16,M,1.316,19.01,26.89
80ea121c,2026-09-16 12:48:16,M,1.403,19.57,26.94
80ea121c,2026-09-16 12:48:16,M,1.491,20.01,28.46
80ea121c,2026-09-16 12:48:16,M,1.578,20.11,28.86
80ea121c,2026-09-16 12:48:16,M,1.666,20.11,29.76
80ea121c,2026-09-16 12:48:16,M,1.754,20.25,29.92
80ea121c,2026-09-16 12:48:16,M,1.842,20.19,30.24
80ea121c,2026-09-16 12:48:16,M,1.929,20.19,30.24
80ea121c,2026-09-16 12:48:16,M,2.017,20.41,30.47
80ea121c,2026-09-16 12:48:16,M,2.104,20.73,30.47
80ea121c,2026-09-16 12:48:16,M,2.192,20.94,29.76
80ea121c,2026-09-16 12:48:16,M,2.279,21.29,28.38
80ea121c,2026-09-16 12:48:16,M,2.367,22.02,27.6
80ea121c,2026-09-16 12:48:16,M,2.454,22.47,27.51
80ea121c,2026-09-16 12:48:16,M,2.542,22.57,26.66
80ea121c,2026-09-16 12:48:16,M,2.629,22.68,26.11
80ea121c,2026-09-16 12:48:16,M,2.717,22.67,25.41
80ea121c,2026-09-16 12:48:16,M,2.804,22.73,25.32
80ea121c,2026-09-16 12:48:16,M,2.892,22.67,25.32
80ea121c,2026-09-16 12:48:16,M,2.98,22.82,25.32
80ea121c,2026-09-16 12:48:16,M,3.067,22.71,25.41
80ea121c,2026-09-16 12:48:16,M,3.155,22.82,26.28
80ea121c,2026-09-16 12:48:16,M,3.242,22.99,27.27
80ea121c,2026-09-16 12:48:16,M,3.33,23.97,27.76
80ea121c,2026-09-16 12:48:16,M,3.417,24.37,28.4
80ea121c,2026-09-16 12:48:16,M,3.505,24.59,29.2
80ea121c,2026-09-16 12:48:16,M,3.593,24.72,29.76
80ea121c,2026-09-16 12:48:16,M,3.68,24.73,30.34
80ea121c,2026-09-16 12:48:16,M,3.768,24.73,30.63
80ea121c,2026-09-16 12:48:16,M,3.856,24.73,30.73
80ea121c,2026-09-16 12:48:16,M,3.944,24.73,30.73
80ea121c,2026-09-16 12:48:16,M,4.031,24.73,30.97
80ea121c,2026-09-16 12:48:16,M,4.119,25.0,31.26
80ea121c,2026-09-16 12:48:16,M,4.207,25.09,30.97
80ea121c,2026-09-16 12:48:16,M,4.294,25.26,30.73
80ea121c,2026-09-16 12:48:16,M,4.382,25.31,30.18
80ea121c,2026-09-16 12:48:16,M,4.469,25.69,29.26
80ea121c,2026-09-16 12:48:16,M,4.557,25.64,28.49
80ea121c,2026-09-16 12:48:16,M,4.644,25.41,27.98
80ea121c,2026-09-16 12:48:16,M,4.732,25.41,25.73
80ea121c,2026-09-16 12:48:16,M,4.82,25.41,25.09
80ea121c,2026-09-16 12:48:16,M,4.908,25.53,23.96
80ea121c,2026-09-16 12:48:16,M,4.995,25.76,22.66
80ea121c,2026-09-16 12:48:16,M,5.082,26.09,22.18
80ea121c,2026-09-16 12:48:16,M,5.17,26.09,22.75
80ea121c,2026-09-16 12:48:16,M,5.259,26.09,22.75
80ea121c,2026-09-16 12:48:16,M,5.347,26.09,22.18
80ea121c,2026-09-16 12:48:16,M,5.434,25.87,22.87
80ea121c,2026-09-16 12:48:16,M,5.524,25.87,22.99
80ea121c,2026-09-16 12:48:16,M,5.617,25.87,24.06
b88ce0e2,2026-09-16 12:48:26,M,0.0,20.11,22.91
b88ce0e2,2026-09-16 12:48:26,M,0.088,19.47,23.19
b88ce0e2,2026-09-16 12:48:26,M,0.176,19.4,23.4
b88ce0e2,2026-09-16 12:48:26,M,0.263,19.81,23.49
b88ce0e2,2026-09-16 12:48:26,M,0.351,19.75,23.19
b88ce0e2,2026-09-16 12:48:26,M,0.439,19.75,23.19
b88ce0e2,2026-09-16 12:48:26,M,0.527,19.75,22.38
b88ce0e2,2026-09-16 12:48:26,M,0.615,19.75,22.38
b88ce0e2,2026-09-16 12:48:26,M,0.703,19.75,22.26
b88ce0e2,2026-09-16 12:48:26,M,0.79,19.81,22.26
b88ce0e2,2026-09-16 12:48:26,M,0.878,19.92,22.55
b88ce0e2,2026-09-16 12:48:26,M,0.966,19.92,24.08
b88ce0e2,2026-09-16 12:48:26,M,1.054,20.14,25.3
b88ce0e2,2026-09-16 12:48:26,M,1.141,20.14,26.25
b88ce0e2,2026-09-16 12:48:26,M,1.229,20.14,27.34
b88ce0e2,2026-09-16 12:48:26,M,1.316,20.14,27.47
b88ce0e2,2026-09-16 12:48:26,M,1.404,20.14,28.12
b88ce0e2,2026-09-16 12:48:26,M,1.492,20.36,28.55
b88ce0e2,2026-09-16 12:48:26,M,1.579,20.14,28.61
b88ce0e2,2026-09-16 12:48:26,M,1.667,20.51,28.5
b88ce0e2,2026-09-16 12:48:26,M,1.754,20.83,28.35
b88ce0e2,2026-09-16 12:48:26,M,1.842,20.94,27.67
b88ce0e2,2026-09-16 12:48:26,M,1.929,21.26,27.57
b88ce0e2,2026-09-16 12:48:26,M,2.017,21.56,26.7
b88ce0e2,2026-09-16 12:48:26,M,2.105,22.02,25.91
b88ce0e2,2026-09-16 12:48:26,M,2.192,22.42,25.31
b88ce0e2,2026-09-16 12:48:26,M,2.28,22.54,24.63
b88ce0e2,2026-09-16 12:48:26,M,2.368,22.03,23.97
b88ce0e2,2026-09-16 12:48:26,M,2.456,23.06,23.49
b88ce0e2,2026-09-16 12:48:26,M,2.543,23.49,22.84
b88ce0e2,2026-09-16 12:48:26,M,2.631,23.67,22.84
b88ce0e2,2026-09-16 12:48:26,M,2.718,23.8,22.74
b88ce0e2,2026-09-16 12:48:26,M,2.805,23.93,23.0
b88ce0e2,2026-09-16 12:48:26,M,2.893,24.02,23.12
b88ce0e2,2026-09-16 12:48:26,M,2.98,24.15,23.18
b88ce0e2,2026-09-16 12:48:26,M,3.068,24.93,23.88
b88ce0e2,2026-09-16 12:48:26,M,3.156,24.93,25.27
b88ce0e2,2026-09-16 12:48:26,M,3.244,25.15,26.36
b88ce0e2,2026-09-16 12:48:26,M,3.331,25.24,26.73
b88ce0e2,2026-09-16 12:48:26,M,3.419,25.56,27.64
b88ce0e2,2026-09-16 12:48:26,M,3.506,25.85,28.66
b88ce0e2,2026-09-16 12:48:26,M,3.594,26.09,28.92
b88ce0e2,2026-09-16 12:48:26,M,3.682,26.09,28.98
b88ce0e2,2026-09-16 12:48:26,M,3.77,26.79,29.02
b88ce0e2,2026-09-16 12:48:26,M,3.857,27.62,29.09
b88ce0e2,2026-09-16 12:48:26,M,3.945,27.83,29.09
b88ce0e2,2026-09-16 12:48:26,M,4.032,27.06,28.54
b88ce0e2,2026-09-16 12:48:26,M,4.12,28.02,27.96
b88ce0e2,2026-09-16 12:48:26,M,4.208,28.52,26.97
b88ce0e2,2026-09-16 12:48:26,M,4.296,27.03,26.41
b88ce0e2,2026-09-16 12:48:26,M,4.383,27.03,25.9
b88ce0e2,2026-09-16 12:48:26,M,4.47,27.34,24.53
b88ce0e2,2026-09-16 12:48:26,M,4.56,27.34,24.05
b88ce0e2,2026-09-16 12:48:26,M,4.648,27.34,22.87
b88ce0e2,2026-09-16 12:48:26,M,4.737,27.34,22.75
b88ce0e2,2026-09-16 12:48:26,M,4.824,27.14,22.07
b88ce0e2,2026-09-16 12:48:26,M,4.913,27.14,21.86
b88ce0e2,2026-09-16 12:48:26,M,5.002,27.14,21.37
b88ce0e2,2026-09-16 12:48:26,M,5.535,28.18,21.08
b88ce0e2,2026-09-16 12:48:26,M,5.623,27.54,21.08
b88ce0e2,2026-09-16 12:48:26,M,5.711,27.18,21.69
b88ce0e2,2026-09-16 12:48:26,M,5.802,27.54,22.07
b88ce0e2,2026-09-16 12:48:26,M,5.896,27.54,22.07
e80527ed,2026-09-16 12:48:51,N,0.0,21.34,19.63
e80527ed,2026-09-16 12:48:51,N,0.088,21.35,19.51
e80527ed,2026-09-16 12:48:51,N,0.176,21.62,20.04
e80527ed,2026-09-16 12:48:51,N,0.263,21.77,20.06
e80527ed,2026-09-16 12:48:51,N,0.35,21.82,20.45
e80527ed,2026-09-16 12:48:51,N,0.438,22.08,20.45
e80527ed,2026-09-16 12:48:51,N,0.526,22.08,20.37
e80527ed,2026-09-16 12:48:51,N,0.614,22.25,20.37
e80527ed,2026-09-16 12:48:51,N,0.702,22.37,20.37
e80527ed,2026-09-16 12:48:51,N,0.789,22.6,20.32
e80527ed,2026-09-16 12:48:51,N,0.877,21.21,20.0
e80527ed,2026-09-16 12:48:51,N,0.965,20.85,19.77
e80527ed,2026-09-16 12:48:51,N,1.053,20.85,19.77
e80527ed,2026-09-16 12:48:51,N,1.141,22.53,20.25
e80527ed,2026-09-16 12:48:51,N,1.229,22.51,20.76
e80527ed,2026-09-16 12:48:51,N,1.315,22.36,21.38
e80527ed,2026-09-16 12:48:51,N,1.403,22.16,22.45
e80527ed,2026-09-16 12:48:51,N,1.49,21.92,23.59
e80527ed,2026-09-16 12:48:51,N,1.578,21.87,24.03
e80527ed,2026-09-16 12:48:51,N,1.666,21.98,24.66
e80527ed,2026-09-16 12:48:51,N,1.754,21.98,25.03
e80527ed,2026-09-16 12:48:51,N,1.841,21.98,25.45
e80527ed,2026-09-16 12:48:51,N,1.928,21.98,25.73
e80527ed,2026-09-16 12:48:51,N,2.017,21.98,26.94
e80527ed,2026-09-16 12:48:51,N,2.104,21.98,26.94
e80527ed,2026-09-16 12:48:51,N,2.191,21.87,26.99
e80527ed,2026-09-16 12:48:51,N,2.279,21.87,27.42
e80527ed,2026-09-16 12:48:51,N,2.367,21.61,27.68
e80527ed,2026-09-16 12:48:51,N,2.455,21.61,27.76
e80527ed,2026-09-16 12:48:51,N,2.542,21.56,29.02
e80527ed,2026-09-16 12:48:51,N,2.63,21.61,28.08
e80527ed,2026-09-16 12:48:51,N,2.717,21.61,28.57
e80527ed,2026-09-16 12:48:51,N,2.804,21.61,28.57
e80527ed,2026-09-16 12:48:51,N,2.892,21.98,28.16
e80527ed,2026-09-16 12:48:51,N,2.98,21.98,28.16
e80527ed,2026-09-16 12:48:51,N,3.067,22.15,28.36
e80527ed,2026-09-16 12:48:51,N,3.154,22.39,28.25
e80527ed,2026-09-16 12:48:51,N,3.242,22.39,28.25
e80527ed,2026-09-16 12:48:51,N,3.33,22.59,27.84
e80527ed,2026-09-16 12:48:51,N,3.417,22.68,27.12
e80527ed,2026-09-16 12:48:51,N,3.505,24.02,26.86
e80527ed,2026-09-16 12:48:51,N,3.592,24.19,24.82
e80527ed,2026-09-16 12:48:51,N,3.68,24.32,24.18
e80527ed,2026-09-16 12:48:51,N,3.768,25.17,23.04
e80527ed,2026-09-16 12:48:51,N,3.856,25.21,21.03
e80527ed,2026-09-16 12:48:51,N,3.943,25.45,20.73
e80527ed,2026-09-16 12:48:51,N,4.032,25.69,20.25
e80527ed,2026-09-16 12:48:51,N,4.12,25.55,20.25
e80527ed,2026-09-16 12:48:51,N,4.207,25.55,20.03
e80527ed,2026-09-16 12:48:51,N,4.297,25.69,19.89
e80527ed,2026-09-16 12:48:51,N,4.385,25.79,15.59
e80527ed,2026-09-16 12:48:51,N,4.472,26.59,15.59
e80527ed,2026-09-16 12:48:51,N,4.56,26.85,15.59
e80527ed,2026-09-16 12:48:51,N,4.648,26.97,19.71
e80527ed,2026-09-16 12:48:51,N,4.735,26.24,20.31
e80527ed,2026-09-16 12:48:51,N,4.823,26.36,21.31
e80527ed,2026-09-16 12:48:51,N,4.91,26.27,22.38
e80527ed,2026-09-16 12:48:51,N,4.998,26.27,24.26
e80527ed,2026-09-16 12:48:51,N,5.086,25.93,26.28
e80527ed,2026-09-16 12:48:51,N,5.174,25.81,27.53
e80527ed,2026-09-16 12:48:51,N,5.262,25.81,27.62
e80527ed,2026-09-16 12:48:51,N,5.35,25.69,29.03
e80527ed,2026-09-16 12:48:51,N,5.437,25.69,29.68
e80527ed,2026-09-16 12:48:51,N,5.524,25.56,29.81
e80527ed,2026-09-16 12:48:51,N,5.612,25.56,29.81
e80527ed,2026-09-16 12:48:51,N,5.699,25.44,30.01
e80527ed,2026-09-16 12:48:51,N,5.787,26.79,30.07
e80527ed,2026-09-16 12:48:51,N,5.875,26.42,30.07
e80527ed,2026-09-16 12:48:51,N,5.963,26.42,29.95
e80527ed,2026-09-16 12:48:51,N,6.05,26.72,30.18
e80527ed,2026-09-16 12:48:51,N,6.138,25.72,30.8
e80527ed,2026-09-16 12:48:51,N,6.225,25.72,30.91
e80527ed,2026-09-16 12:48:51,N,6.313,25.44,30.8
e80527ed,2026-09-16 12:48:51,N,6.404,25.58,30.8
e80527ed,2026-09-16 12:48:51,N,6.498,25.58,30.91
532e76a7,2026-09-16 12:49:00,N,0.0,22.26,23.97
532e76a7,2026-09-16 12:49:00,N,0.088,21.98,23.38
532e76a7,2026-09-16 12:49:00,N,0.175,22.06,22.83
532e76a7,2026-09-16 12:49:00,N,0.263,21.98,23.15
532e76a7,2026-09-16 12:49:00,N,0.35,21.68,23.3
532e76a7,2026-09-16 12:49:00,N,0.439,21.57,23.14
532e76a7,2026-09-16 12:49:00,N,0.526,21.52,22.9
532e76a7,2026-09-16 12:49:00,N,0.614,21.37,22.9
532e76a7,2026-09-16 12:49:00,N,0.701,21.16,23.0
532e76a7,2026-09-16 12:49:00,N,0.789,21.37,23.0
532e76a7,2026-09-16 12:49:00,N,0.876,21.25,23.54
532e76a7,2026-09-16 12:49:00,N,0.964,21.25,24.34
532e76a7,2026-09-16 12:49:00,N,1.051,21.1,25.03
532e76a7,2026-09-16 12:49:00,N,1.14,21.1,26.15
532e76a7,2026-09-16 12:49:00,N,1.227,21.1,27.72
532e76a7,2026-09-16 12:49:00,N,1.314,21.1,28.66
532e76a7,2026-09-16 12:49:00,N,1.402,21.1,28.93
532e76a7,2026-09-16 12:49:00,N,1.49,21.16,29.27
532e76a7,2026-09-16 12:49:00,N,1.577,21.16,30.07
532e76a7,2026-09-16 12:49:00,N,1.665,21.16,30.07
532e76a7,2026-09-16 12:49:00,N,1.752,21.58,29.41
532e76a7,2026-09-16 12:49:00,N,1.84,22.13,28.66
532e76a7,2026-09-16 12:49:00,N,1.927,23.41,28.08
532e76a7,2026-09-16 12:49:00,N,2.015,23.76,26.26
532e76a7,2026-09-16 12:49:00,N,2.102,24.11,24.54
532e76a7,2026-09-16 12:49:00,N,2.19,25.29,23.2
532e76a7,2026-09-16 12:49:00,N,2.277,25.56,22.07
532e76a7,2026-09-16 12:49:00,N,2.365,25.64,22.07
532e76a7,2026-09-16 12:49:00,N,2.452,26.5,22.07
532e76a7,2026-09-16 12:49:00,N,2.541,27.41,24.95
532e76a7,2026-09-16 12:49:00,N,2.628,27.41,27.64
532e76a7,2026-09-16 12:49:00,N,2.716,26.16,29.58
532e76a7,2026-09-16 12:49:00,N,2.804,26.11,30.69
532e76a7,2026-09-16 12:49:00,N,2.891,26.11,30.69
532e76a7,2026-09-16 12:49:00,N,2.979,26.06,30.8
532e76a7,2026-09-16 12:49:00,N,3.067,26.11,30.8
532e76a7,2026-09-16 12:49:00,N,3.155,26.11,30.74
532e76a7,2026-09-16 12:49:00,N,3.244,26.11,30.63
532e76a7,2026-09-16 12:49:00,N,3.336,26.21,30.63
4635ecfd,2026-09-16 12:49:09,N,0.0,20.24,23.21
4635ecfd,2026-09-16 12:49:09,N,0.087,19.68,23.12
4635ecfd,2026-09-16 12:49:09,N,0.176,19.75,23.09
4635ecfd,2026-09-16 12:49:09,N,0.263,19.75,22.85
4635ecfd,2026-09-16 12:49:09,N,0.351,19.75,23.53
4635ecfd,2026-09-16 12:49:09,N,0.439,19.58,23.35
4635ecfd,2026-09-16 12:49:09,N,0.526,19.58,23.35
4635ecfd,2026-09-16 12:49:09,N,0.615,19.28,22.91
4635ecfd,2026-09-16 12:49:09,N,0.702,19.28,22.65
4635ecfd,2026-09-16 12:49:09,N,0.79,18.81,22.22
4635ecfd,2026-09-16 12:49:09,N,0.878,19.28,21.93
4635ecfd,2026-09-16 12:49:09,N,0.965,19.67,21.93
4635ecfd,2026-09-16 12:49:09,N,1.053,19.84,22.21
4635ecfd,2026-09-16 12:49:09,N,1.141,19.84,22.83
4635ecfd,2026-09-16 12:49:09,N,1.229,19.84,23.22
4635ecfd,2026-09-16 12:49:09,N,1.316,19.84,24.92
4635ecfd,2026-09-16 12:49:09,N,1.404,19.84,25.88
4635ecfd,2026-09-16 12:49:09,N,1.491,19.84,26.79
4635ecfd,2026-09-16 12:49:09,N,1.579,19.84,27.5
4635ecfd,2026-09-16 12:49:09,N,1.667,19.84,27.66
4635ecfd,2026-09-16 12:49:09,N,1.754,19.85,29.68
4635ecfd,2026-09-16 12:49:09,N,1.842,19.85,29.25
4635ecfd,2026-09-16 12:49:09,N,1.929,19.85,29.25
4635ecfd,2026-09-16 12:49:09,N,2.017,19.95,29.09
4635ecfd,2026-09-16 12:49:09,N,2.105,19.95,28.81
4635ecfd,2026-09-16 12:49:09,N,2.192,20.3,28.21
4635ecfd,2026-09-16 12:49:09,N,2.28,20.67,26.97
4635ecfd,2026-09-16 12:49:09,N,2.368,20.78,26.41
4635ecfd,2026-09-16 12:49:09,N,2.455,21.69,24.78
4635ecfd,2026-09-16 12:49:09,N,2.543,22.5,24.4
4635ecfd,2026-09-16 12:49:09,N,2.631,22.77,23.46
4635ecfd,2026-09-16 12:49:09,N,2.718,23.25,22.56
4635ecfd,2026-09-16 12:49:09,N,2.806,23.33,22.02
4635ecfd,2026-09-16 12:49:09,N,2.894,23.65,21.15
4635ecfd,2026-09-16 12:49:09,N,2.983,23.65,20.31
4635ecfd,2026-09-16 12:49:09,N,3.072,24.03,20.31
4635ecfd,2026-09-16 12:49:09,N,3.16,24.45,20.31
4635ecfd,2026-09-16 12:49:09,N,3.248,24.73,21.1
4635ecfd,2026-09-16 12:49:09,N,3.335,24.77,21.85
4635ecfd,2026-09-16 12:49:09,N,3.423,24.86,23.63
4635ecfd,2026-09-16 12:49:09,N,3.511,24.82,24.27
4635ecfd,2026-09-16 12:49:09,N,3.598,24.46,25.92
4635ecfd,2026-09-16 12:49:09,N,3.685,24.28,26.94
4635ecfd,2026-09-16 12:49:09,N,3.773,24.06,28.07
4635ecfd,2026-09-16 12:49:09,N,3.861,23.88,28.81
4635ecfd,2026-09-16 12:49:09,N,3.949,23.88,29.21
4635ecfd,2026-09-16 12:49:09,N,4.036,24.32,29.25
4635ecfd,2026-09-16 12:49:09,N,4.124,24.04,30.35
4635ecfd,2026-09-16 12:49:09,N,4.212,23.77,30.38
4635ecfd,2026-09-16 12:49:09,N,4.3,23.83,30.38
4635ecfd,2026-09-16 12:49:09,N,4.389,23.33,30.05
4635ecfd,2026-09-16 12:49:09,N,4.482,23.33,30.05
17bbcbe1,2026-09-16 12:49:19,N,0.0,21.25,22.9
17bbcbe1,2026-09-16 12:49:19,N,0.088,21.09,23.43
17bbcbe1,2026-09-16 12:49:19,N,0.175,20.99,22.87
17bbcbe1,2026-09-16 12:49:19,N,0.263,20.57,22.99
17bbcbe1,2026-09-16 12:49:19,N,0.351,20.14,22.99
17bbcbe1,2026-09-16 12:49:19,N,0.439,20.09,22.3
17bbcbe1,2026-09-16 12:49:19,N,0.526,19.75,21.84
17bbcbe1,2026-09-16 12:49:19,N,0.614,19.96,21.02
17bbcbe1,2026-09-16 12:49:19,N,0.702,19.96,20.79
17bbcbe1,2026-09-16 12:49:19,N,0.79,19.96,20.79
17bbcbe1,2026-09-16 12:49:19,N,0.878,19.96,20.91
17bbcbe1,2026-09-16 12:49:19,N,0.965,19.75,21.03
17bbcbe1,2026-09-16 12:49:19,N,1.053,19.78,21.62
17bbcbe1,2026-09-16 12:49:19,N,1.141,19.78,22.8
17bbcbe1,2026-09-16 12:49:19,N,1.229,19.78,23.75
17bbcbe1,2026-09-16 12:49:19,N,1.316,19.78,25.31
17bbcbe1,2026-09-16 12:49:19,N,1.404,19.84,26.35
17bbcbe1,2026-09-16 12:49:19,N,1.492,19.84,27.32
17bbcbe1,2026-09-16 12:49:19,N,1.58,19.84,28.97
17bbcbe1,2026-09-16 12:49:19,N,1.667,19.47,29.35
17bbcbe1,2026-09-16 12:49:19,N,1.755,20.09,29.35
17bbcbe1,2026-09-16 12:49:19,N,1.844,20.09,29.35
17bbcbe1,2026-09-16 12:49:19,N,1.93,20.19,29.07
17bbcbe1,2026-09-16 12:49:19,N,2.018,20.35,27.27
17bbcbe1,2026-09-16 12:49:19,N,2.105,21.2,26.54
17bbcbe1,2026-09-16 12:49:19,N,2.193,21.81,25.87
17bbcbe1,2026-09-16 12:49:19,N,2.281,22.18,25.18
17bbcbe1,2026-09-16 12:49:19,N,2.369,22.41,24.58
17bbcbe1,2026-09-16 12:49:19,N,2.456,22.78,23.56
17bbcbe1,2026-09-16 12:49:19,N,2.544,23.06,23.05
17bbcbe1,2026-09-16 12:49:19,N,2.631,23.36,22.42
17bbcbe1,2026-09-16 12:49:19,N,2.719,24.0,21.21
17bbcbe1,2026-09-16 12:49:19,N,2.807,24.45,20.59
17bbcbe1,2026-09-16 12:49:19,N,2.896,24.45,20.59
17bbcbe1,2026-09-16 12:49:19,N,2.984,24.59,20.19
17bbcbe1,2026-09-16 12:49:19,N,3.072,24.73,20.42
17bbcbe1,2026-09-16 12:49:19,N,3.159,24.41,20.77
17bbcbe1,2026-09-16 12:49:19,N,3.247,24.32,20.77
17bbcbe1,2026-09-16 12:49:19,N,3.335,24.32,22.49
17bbcbe1,2026-09-16 12:49:19,N,3.422,24.54,24.45
17bbcbe1,2026-09-16 12:49:19,N,3.51,24.46,25.87
17bbcbe1,2026-09-16 12:49:19,N,3.597,24.46,26.61
17bbcbe1,2026-09-16 12:49:19,N,3.685,24.59,27.45
17bbcbe1,2026-09-16 12:49:19,N,3.773,24.46,28.85
17bbcbe1,2026-09-16 12:49:19,N,3.86,24.46,29.09
17bbcbe1,2026-09-16 12:49:19,N,3.948,24.46,28.66
17bbcbe1,2026-09-16 12:49:19,N,4.035,24.86,29.05
17bbcbe1,2026-09-16 12:49:19,N,4.123,24.32,29.0
17bbcbe1,2026-09-16 12:49:19,N,4.21,24.32,28.92
17bbcbe1,2026-09-16 12:49:19,N,4.3,24.46,28.54
17bbcbe1,2026-09-16 12:49:19,N,4.392,24.46,28.54
6984aed3,2026-09-16 12:49:29,N,0.0,20.67,22.21
6984aed3,2026-09-16 12:49:29,N,0.088,20.84,23.46
6984aed3,2026-09-16 12:49:29,N,0.176,21.3,22.72
6984aed3,2026-09-16 12:49:29,N,0.263,21.26,24.18
6984aed3,2026-09-16 12:49:29,N,0.351,21.15,24.05
6984aed3,2026-09-16 12:49:29,N,0.439,21.3,23.25
6984aed3,2026-09-16 12:49:29,N,0.526,21.53,21.82
6984aed3,2026-09-16 12:49:29,N,0.614,21.15,21.37
6984aed3,2026-09-16 12:49:29,N,0.702,21.15,21.37
6984aed3,2026-09-16 12:49:29,N,0.79,20.33,22.46
6984aed3,2026-09-16 12:49:29,N,0.877,20.29,23.25
6984aed3,2026-09-16 12:49:29,N,0.965,20.18,24.99
6984aed3,2026-09-16 12:49:29,N,1.053,21.57,25.69
6984aed3,2026-09-16 12:49:29,N,1.14,21.46,26.58
6984aed3,2026-09-16 12:49:29,N,1.228,21.57,28.05
6984aed3,2026-09-16 12:49:29,N,1.316,21.57,28.09
6984aed3,2026-09-16 12:49:29,N,1.403,21.73,28.09
6984aed3,2026-09-16 12:49:29,N,1.491,21.73,28.33
6984aed3,2026-09-16 12:49:29,N,1.579,21.26,28.59
6984aed3,2026-09-16 12:49:29,N,1.666,21.84,28.09
6984aed3,2026-09-16 12:49:29,N,1.754,22.18,28.28
6984aed3,2026-09-16 12:49:29,N,1.842,22.65,28.03
6984aed3,2026-09-16 12:49:29,N,1.929,23.35,26.68
6984aed3,2026-09-16 12:49:29,N,2.016,23.66,25.09
6984aed3,2026-09-16 12:49:29,N,2.104,24.72,24.21
6984aed3,2026-09-16 12:49:29,N,2.192,24.89,23.52
6984aed3,2026-09-16 12:49:29,N,2.28,25.25,21.88
6984aed3,2026-09-16 12:49:29,N,2.369,25.29,21.04
6984aed3,2026-09-16 12:49:29,N,2.458,25.42,20.23
6984aed3,2026-09-16 12:49:29,N,2.546,26.45,19.96
6984aed3,2026-09-16 12:49:29,N,2.633,26.58,19.96
6984aed3,2026-09-16 12:49:29,N,2.721,27.39,20.06
6984aed3,2026-09-16 12:49:29,N,2.809,27.23,20.37
6984aed3,2026-09-16 12:49:29,N,2.897,26.83,21.64
6984aed3,2026-09-16 12:49:29,N,2.984,26.76,22.71
6984aed3,2026-09-16 12:49:29,N,3.072,26.76,24.66
6984aed3,2026-09-16 12:49:29,N,3.16,26.76,25.16
6984aed3,2026-09-16 12:49:29,N,3.247,26.71,26.36
6984aed3,2026-09-16 12:49:29,N,3.335,26.23,27.8
6984aed3,2026-09-16 12:49:29,N,3.422,25.95,27.93
6984aed3,2026-09-16 12:49:29,N,3.51,25.95,28.86
6984aed3,2026-09-16 12:49:29,N,3.598,25.95,29.3
6984aed3,2026-09-16 12:49:29,N,3.685,25.95,29.41
6984aed3,2026-09-16 12:49:29,N,3.773,25.95,29.64
6984aed3,2026-09-16 12:49:29,N,3.862,25.95,29.0
6984aed3,2026-09-16 12:49:29,N,3.954,25.95,29.0
035b174a,2026-09-16 12:49:38,N,0.0,21.22,24.13
035b174a,2026-09-16 12:49:38,N,0.087,21.15,24.5
035b174a,2026-09-16 12:49:38,N,0.175,21.04,23.45
035b174a,2026-09-16 12:49:38,N,0.263,20.94,24.32
035b174a,2026-09-16 12:49:38,N,0.35,20.62,24.32
035b174a,2026-09-16 12:49:38,N,0.438,20.41,24.28
035b174a,2026-09-16 12:49:38,N,0.526,20.41,24.27
035b174a,2026-09-16 12:49:38,N,0.613,20.46,24.42
035b174a,2026-09-16 12:49:38,N,0.701,20.67,24.23
035b174a,2026-09-16 12:49:38,N,0.789,20.57,24.27
035b174a,2026-09-16 12:49:38,N,0.877,20.46,24.36
035b174a,2026-09-16 12:49:38,N,0.965,20.24,24.56
035b174a,2026-09-16 12:49:38,N,1.052,20.46,25.21
035b174a,2026-09-16 12:49:38,N,1.14,20.46,25.21
035b174a,2026-09-16 12:49:38,N,1.228,20.67,25.6
035b174a,2026-09-16 12:49:38,N,1.315,20.67,26.41
035b174a,2026-09-16 12:49:38,N,1.403,20.67,27.49
035b174a,2026-09-16 12:49:38,N,1.491,20.46,28.33
035b174a,2026-09-16 12:49:38,N,1.579,20.46,28.69
035b174a,2026-09-16 12:49:38,N,1.666,20.29,29.41
035b174a,2026-09-16 12:49:38,N,1.754,20.68,30.43
035b174a,2026-09-16 12:49:38,N,1.841,20.89,30.91
035b174a,2026-09-16 12:49:38,N,1.929,21.09,31.33
035b174a,2026-09-16 12:49:38,N,2.017,21.09,31.33
035b174a,2026-09-16 12:49:38,N,2.105,21.09,31.09
035b174a,2026-09-16 12:49:38,N,2.192,21.06,30.91
035b174a,2026-09-16 12:49:38,N,2.28,21.09,30.28
035b174a,2026-09-16 12:49:38,N,2.367,21.77,29.98
035b174a,2026-09-16 12:49:38,N,2.455,22.16,29.81
035b174a,2026-09-16 12:49:38,N,2.542,22.44,28.72
035b174a,2026-09-16 12:49:38,N,2.63,23.21,27.66
035b174a,2026-09-16 12:49:38,N,2.717,23.49,26.56
035b174a,2026-09-16 12:49:38,N,2.805,23.89,25.59
035b174a,2026-09-16 12:49:38,N,2.892,24.02,25.37
035b174a,2026-09-16 12:49:38,N,2.98,24.72,24.76
035b174a,2026-09-16 12:49:38,N,3.067,24.59,24.31
035b174a,2026-09-16 12:49:38,N,3.155,24.72,24.13
035b174a,2026-09-16 12:49:38,N,3.242,24.85,23.78
035b174a,2026-09-16 12:49:38,N,3.33,24.89,24.03
035b174a,2026-09-16 12:49:38,N,3.418,25.02,24.03
035b174a,2026-09-16 12:49:38,N,3.505,25.42,24.03
035b174a,2026-09-16 12:49:38,N,3.592,25.34,24.77
035b174a,2026-09-16 12:49:38,N,3.68,25.2,25.87
035b174a,2026-09-16 12:49:38,N,3.768,25.16,27.29
035b174a,2026-09-16 12:49:38,N,3.855,24.9,28.23
035b174a,2026-09-16 12:49:38,N,3.943,24.73,29.76
035b174a,2026-09-16 12:49:38,N,4.032,24.73,30.41
035b174a,2026-09-16 12:49:38,N,4.121,24.86,31.49
035b174a,2026-09-16 12:49:38,N,4.209,24.82,31.65
035b174a,2026-09-16 12:49:38,N,4.298,24.78,32.13
035b174a,2026-09-16 12:49:38,N,4.385,24.45,32.29
035b174a,2026-09-16 12:49:38,N,4.473,24.45,32.56
035b174a,2026-09-16 12:49:38,N,4.561,24.65,32.32
035b174a,2026-09-16 12:49:38,N,4.65,24.65,32.02
035b174a,2026-09-16 12:49:38,N,4.74,24.35,31.78
6af8e7b8,2026-09-16 12:49:47,N,0.0,19.88,24.36
6af8e7b8,2026-09-16 12:49:47,N,0.087,20.57,24.22
6af8e7b8,2026-09-16 12:49:47,N,0.175,20.64,24.17
6af8e7b8,2026-09-16 12:49:47,N,0.263,20.57,24.08
6af8e7b8,2026-09-16 12:49:47,N,0.351,20.57,23.75
6af8e7b8,2026-09-16 12:49:47,N,0.438,20.67,23.4
6af8e7b8,2026-09-16 12:49:47,N,0.526,20.89,23.35
6af8e7b8,2026-09-16 12:49:47,N,0.614,20.89,22.85
6af8e7b8,2026-09-16 12:49:47,N,0.701,21.1,22.69
6af8e7b8,2026-09-16 12:49:47,N,0.789,21.1,22.69
6af8e7b8,2026-09-16 12:49:47,N,0.877,21.1,22.81
6af8e7b8,2026-09-16 12:49:47,N,0.965,20.73,23.86
6af8e7b8,2026-09-16 12:49:47,N,1.052,20.51,24.61
6af8e7b8,2026-09-16 12:49:47,N,1.14,20.51,25.94
6af8e7b8,2026-09-16 12:49:47,N,1.228,20.78,26.74
6af8e7b8,2026-09-16 12:49:47,N,1.315,20.83,26.88
6af8e7b8,2026-09-16 12:49:47,N,1.403,20.83,29.1
6af8e7b8,2026-09-16 12:49:47,N,1.49,20.99,29.98
6af8e7b8,2026-09-16 12:49:47,N,1.578,20.99,30.04
6af8e7b8,2026-09-16 12:49:47,N,1.666,20.99,30.51
6af8e7b8,2026-09-16 12:49:47,N,1.753,20.99,30.51
6af8e7b8,2026-09-16 12:49:47,N,1.841,21.25,30.63
6af8e7b8,2026-09-16 12:49:47,N,1.928,21.3,30.41
6af8e7b8,2026-09-16 12:49:47,N,2.016,22.02,29.92
6af8e7b8,2026-09-16 12:49:47,N,2.103,22.57,28.14
6af8e7b8,2026-09-16 12:49:47,N,2.191,23.22,27.29
6af8e7b8,2026-09-16 12:49:47,N,2.278,23.5,26.17
6af8e7b8,2026-09-16 12:49:47,N,2.366,24.85,24.72
6af8e7b8,2026-09-16 12:49:47,N,2.453,25.15,24.11
6af8e7b8,2026-09-16 12:49:47,N,2.541,25.24,23.31
6af8e7b8,2026-09-16 12:49:47,N,2.628,25.24,23.03
6af8e7b8,2026-09-16 12:49:47,N,2.716,25.47,22.92
6af8e7b8,2026-09-16 12:49:47,N,2.804,25.76,22.92
6af8e7b8,2026-09-16 12:49:47,N,2.891,25.88,23.16
6af8e7b8,2026-09-16 12:49:47,N,2.979,25.93,23.73
6af8e7b8,2026-09-16 12:49:47,N,3.066,26.07,25.22
6af8e7b8,2026-09-16 12:49:47,N,3.154,25.83,26.0
6af8e7b8,2026-09-16 12:49:47,N,3.242,25.83,27.14
6af8e7b8,2026-09-16 12:49:47,N,3.33,25.24,28.7
6af8e7b8,2026-09-16 12:49:47,N,3.418,24.97,29.53
6af8e7b8,2026-09-16 12:49:47,N,3.507,25.16,29.59
6af8e7b8,2026-09-16 12:49:47,N,3.595,25.41,30.63
6af8e7b8,2026-09-16 12:49:47,N,3.683,25.41,31.16
6af8e7b8,2026-09-16 12:49:47,N,3.77,25.41,31.16
6af8e7b8,2026-09-16 12:49:47,N,3.858,25.41,31.16
6af8e7b8,2026-09-16 12:49:47,N,3.948,25.41,30.79
6af8e7b8,2026-09-16 12:49:47,N,4.037,25.41,30.79
54325722,2026-09-16 12:49:57,N,0.0,21.07,21.79
54325722,2026-09-16 12:49:57,N,0.088,21.38,22.74
54325722,2026-09-16 12:49:57,N,0.176,21.53,22.42
54325722,2026-09-16 12:49:57,N,0.264,21.56,22.15
54325722,2026-09-16 12:49:57,N,0.351,21.56,22.33
54325722,2026-09-16 12:49:57,N,0.439,21.16,22.71
54325722,2026-09-16 12:49:57,N,0.527,21.41,22.58
54325722,2026-09-16 12:49:57,N,0.614,20.88,22.69
54325722,2026-09-16 12:49:57,N,0.702,21.41,22.69
54325722,2026-09-16 12:49:57,N,0.79,20.73,22.69
54325722,2026-09-16 12:49:57,N,0.878,21.25,22.53
54325722,2026-09-16 12:49:57,N,0.965,21.37,22.53
54325722,2026-09-16 12:49:57,N,1.053,21.31,22.53
54325722,2026-09-16 12:49:57,N,1.141,21.1,22.53
54325722,2026-09-16 12:49:57,N,1.229,21.37,22.53
54325722,2026-09-16 12:49:57,N,1.316,21.2,22.58
54325722,2026-09-16 12:49:57,N,1.404,20.99,24.01
54325722,2026-09-16 12:49:57,N,1.492,20.99,24.85
54325722,2026-09-16 12:49:57,N,1.58,20.99,27.42
54325722,2026-09-16 12:49:57,N,1.667,20.94,28.03
54325722,2026-09-16 12:49:57,N,1.754,20.94,28.49
54325722,2026-09-16 12:49:57,N,1.842,21.05,29.21
54325722,2026-09-16 12:49:57,N,1.93,21.05,29.21
54325722,2026-09-16 12:49:57,N,2.017,21.05,29.21
54325722,2026-09-16 12:49:57,N,2.105,21.46,29.15
54325722,2026-09-16 12:49:57,N,2.192,22.25,28.92
54325722,2026-09-16 12:49:57,N,2.28,22.95,28.58
54325722,2026-09-16 12:49:57,N,2.367,23.5,27.69
54325722,2026-09-16 12:49:57,N,2.455,24.03,26.71
54325722,2026-09-16 12:49:57,N,2.543,24.99,25.22
54325722,2026-09-16 12:49:57,N,2.631,24.99,24.11
54325722,2026-09-16 12:49:57,N,2.717,25.42,23.63
54325722,2026-09-16 12:49:57,N,2.805,25.64,23.51
54325722,2026-09-16 12:49:57,N,2.893,25.78,22.87
54325722,2026-09-16 12:49:57,N,2.981,25.96,21.43
54325722,2026-09-16 12:49:57,N,3.068,25.97,21.43
54325722,2026-09-16 12:49:57,N,3.155,26.02,21.43
54325722,2026-09-16 12:49:57,N,3.243,26.12,21.7
54325722,2026-09-16 12:49:57,N,3.331,26.24,22.01
54325722,2026-09-16 12:49:57,N,3.419,26.51,22.37
54325722,2026-09-16 12:49:57,N,3.507,26.74,22.61
54325722,2026-09-16 12:49:57,N,3.595,26.86,23.43
54325722,2026-09-16 12:49:57,N,3.682,26.86,24.92
54325722,2026-09-16 12:49:57,N,3.769,26.36,26.57
54325722,2026-09-16 12:49:57,N,3.857,26.22,26.96
54325722,2026-09-16 12:49:57,N,3.945,26.12,27.69
54325722,2026-09-16 12:49:57,N,4.032,26.09,28.37
54325722,2026-09-16 12:49:57,N,4.12,25.97,29.42
54325722,2026-09-16 12:49:57,N,4.208,25.97,29.53
54325722,2026-09-16 12:49:57,N,4.295,26.09,29.53
54325722,2026-09-16 12:49:57,N,4.383,26.46,29.76
54325722,2026-09-16 12:49:57,N,4.47,26.46,29.9
54325722,2026-09-16 12:49:57,N,4.558,26.46,30.12
54325722,2026-09-16 12:49:57,N,4.646,26.46,30.46
54325722,2026-09-16 12:49:57,N,4.733,25.99,30.46
54325722,2026-09-16 12:49:57,N,4.821,25.99,30.46
54325722,2026-09-16 12:49:57,N,4.909,25.99,30.35
54325722,2026-09-16 12:49:57,N,4.996,26.24,30.35
54325722,2026-09-16 12:49:57,N,5.084,25.99,30.35
54325722,2026-09-16 12:49:57,N,5.173,25.99,30.35
54325722,2026-09-16 12:49:57,N,5.267,25.99,30.35
734c20f0,2026-09-16 12:50:06,N,0.0,23.72,22.91
734c20f0,2026-09-16 12:50:06,N,0.088,23.45,22.19
734c20f0,2026-09-16 12:50:06,N,0.175,23.17,22.53
734c20f0,2026-09-16 12:50:06,N,0.263,23.24,22.74
734c20f0,2026-09-16 12:50:06,N,0.35,23.11,22.53
734c20f0,2026-09-16 12:50:06,N,0.438,23.11,23.21
734c20f0,2026-09-16 12:50:06,N,0.526,23.11,23.21
734c20f0,2026-09-16 12:50:06,N,0.614,23.11,23.98
734c20f0,2026-09-16 12:50:06,N,0.701,22.92,23.98
734c20f0,2026-09-16 12:50:06,N,0.789,22.92,23.98
734c20f0,2026-09-16 12:50:06,N,0.877,22.92,23.61
734c20f0,2026-09-16 12:50:06,N,0.964,23.31,23.47
734c20f0,2026-09-16 12:50:06,N,1.052,23.22,23.47
734c20f0,2026-09-16 12:50:06,N,1.139,23.22,23.47
734c20f0,2026-09-16 12:50:06,N,1.227,23.22,23.73
734c20f0,2026-09-16 12:50:06,N,1.314,23.04,24.43
734c20f0,2026-09-16 12:50:06,N,1.402,22.9,25.83
734c20f0,2026-09-16 12:50:06,N,1.49,23.04,26.66
734c20f0,2026-09-16 12:50:06,N,1.577,22.92,27.6
734c20f0,2026-09-16 12:50:06,N,1.665,22.48,28.26
734c20f0,2026-09-16 12:50:06,N,1.753,22.65,29.09
734c20f0,2026-09-16 12:50:06,N,1.841,22.79,29.53
734c20f0,2026-09-16 12:50:06,N,1.928,22.79,29.9
734c20f0,2026-09-16 12:50:06,N,2.016,22.92,29.9
734c20f0,2026-09-16 12:50:06,N,2.104,22.97,30.35
734c20f0,2026-09-16 12:50:06,N,2.191,22.92,29.9
734c20f0,2026-09-16 12:50:06,N,2.279,23.33,30.26
734c20f0,2026-09-16 12:50:06,N,2.367,23.61,29.09
734c20f0,2026-09-16 12:50:06,N,2.454,24.32,28.35
734c20f0,2026-09-16 12:50:06,N,2.542,24.59,27.72
734c20f0,2026-09-16 12:50:06,N,2.629,25.15,27.01
734c20f0,2026-09-16 12:50:06,N,2.717,25.56,25.55
734c20f0,2026-09-16 12:50:06,N,2.804,25.88,24.81
734c20f0,2026-09-16 12:50:06,N,2.892,26.01,24.49
734c20f0,2026-09-16 12:50:06,N,2.979,26.68,24.36
734c20f0,2026-09-16 12:50:06,N,3.067,26.85,22.58
734c20f0,2026-09-16 12:50:06,N,3.155,27.06,22.18
734c20f0,2026-09-16 12:50:06,N,3.243,27.56,21.81
734c20f0,2026-09-16 12:50:06,N,3.33,27.71,21.81
734c20f0,2026-09-16 12:50:06,N,3.417,27.87,22.18
734c20f0,2026-09-16 12:50:06,N,3.505,27.71,22.21
734c20f0,2026-09-16 12:50:06,N,3.593,27.66,22.99
734c20f0,2026-09-16 12:50:06,N,3.681,27.66,24.36
734c20f0,2026-09-16 12:50:06,N,3.768,27.51,27.18
734c20f0,2026-09-16 12:50:06,N,3.856,27.36,27.5
734c20f0,2026-09-16 12:50:06,N,3.944,27.4,28.36
734c20f0,2026-09-16 12:50:06,N,4.031,27.55,28.85
734c20f0,2026-09-16 12:50:06,N,4.119,27.61,30.27
734c20f0,2026-09-16 12:50:06,N,4.207,27.61,29.81
734c20f0,2026-09-16 12:50:06,N,4.295,27.61,30.7
734c20f0,2026-09-16 12:50:06,N,4.383,28.46,30.97
734c20f0,2026-09-16 12:50:06,N,4.47,28.35,31.08
734c20f0,2026-09-16 12:50:06,N,4.558,28.35,31.02
734c20f0,2026-09-16 12:50:06,N,4.645,28.02,31.02
734c20f0,2026-09-16 12:50:06,N,4.733,27.49,30.39
734c20f0,2026-09-16 12:50:06,N,4.826,27.49,30.28
734c20f0,2026-09-16 12:50:06,N,4.92,27.49,30.28
ca2a6c1f,2026-09-16 12:50:20,O,0.0,24.74,20.13
ca2a6c1f,2026-09-16 12:50:20,O,0.088,23.7,20.15
ca2a6c1f,2026-09-16 12:50:20,O,0.175,24.27,20.19
ca2a6c1f,2026-09-16 12:50:20,O,0.263,24.36,20.13
ca2a6c1f,2026-09-16 12:50:20,O,0.35,24.36,19.84
ca2a6c1f,2026-09-16 12:50:20,O,0.438,24.78,19.76
ca2a6c1f,2026-09-16 12:50:20,O,0.526,24.92,19.76
ca2a6c1f,2026-09-16 12:50:20,O,0.614,25.3,19.76
ca2a6c1f,2026-09-16 12:50:20,O,0.703,24.94,19.59
ca2a6c1f,2026-09-16 12:50:20,O,0.789,24.69,19.64
ca2a6c1f,2026-09-16 12:50:20,O,0.879,24.3,19.47
ca2a6c1f,2026-09-16 12:50:20,O,0.967,23.92,19.47
ca2a6c1f,2026-09-16 12:50:20,O,1.055,23.39,19.47
ca2a6c1f,2026-09-16 12:50:20,O,1.142,22.04,19.57
ca2a6c1f,2026-09-16 12:50:20,O,1.23,21.34,19.67
ca2a6c1f,2026-09-16 12:50:20,O,1.318,19.82,19.79
ca2a6c1f,2026-09-16 12:50:20,O,1.405,19.35,20.73
ca2a6c1f,2026-09-16 12:50:20,O,1.493,19.98,21.64
ca2a6c1f,2026-09-16 12:50:20,O,1.581,19.84,22.06
ca2a6c1f,2026-09-16 12:50:20,O,1.669,19.85,22.91
ca2a6c1f,2026-09-16 12:50:20,O,1.756,20.0,24.51
ca2a6c1f,2026-09-16 12:50:20,O,1.844,20.0,25.84
ca2a6c1f,2026-09-16 12:50:20,O,1.932,20.35,26.32
ca2a6c1f,2026-09-16 12:50:20,O,2.02,20.83,27.13
ca2a6c1f,2026-09-16 12:50:20,O,2.107,21.41,26.86
ca2a6c1f,2026-09-16 12:50:20,O,2.195,22.33,26.99
ca2a6c1f,2026-09-16 12:50:20,O,2.282,23.04,26.82
ca2a6c1f,2026-09-16 12:50:20,O,2.37,23.53,26.73
ca2a6c1f,2026-09-16 12:50:20,O,2.457,24.46,26.73
ca2a6c1f,2026-09-16 12:50:20,O,2.545,24.72,26.73
ca2a6c1f,2026-09-16 12:50:20,O,2.632,25.16,26.51
ca2a6c1f,2026-09-16 12:50:20,O,2.72,25.29,26.06
ca2a6c1f,2026-09-16 12:50:20,O,2.807,25.64,25.36
ca2a6c1f,2026-09-16 12:50:20,O,2.895,26.22,25.09
ca2a6c1f,2026-09-16 12:50:20,O,2.983,26.22,24.24
ca2a6c1f,2026-09-16 12:50:20,O,3.07,26.22,23.48
ca2a6c1f,2026-09-16 12:50:20,O,3.157,25.89,22.64
ca2a6c1f,2026-09-16 12:50:20,O,3.245,26.23,22.18
ca2a6c1f,2026-09-16 12:50:20,O,3.333,26.51,21.8
ca2a6c1f,2026-09-16 12:50:20,O,3.42,26.06,21.1
ca2a6c1f,2026-09-16 12:50:20,O,3.508,25.77,20.8
ca2a6c1f,2026-09-16 12:50:20,O,3.596,25.8,20.3
ca2a6c1f,2026-09-16 12:50:20,O,3.684,25.81,19.76
ca2a6c1f,2026-09-16 12:50:20,O,3.773,25.41,19.59
ca2a6c1f,2026-09-16 12:50:20,O,3.86,25.41,19.59
ca2a6c1f,2026-09-16 12:50:20,O,3.948,25.41,19.47
ca2a6c1f,2026-09-16 12:50:20,O,4.036,25.41,19.59
ca2a6c1f,2026-09-16 12:50:20,O,4.129,25.41,19.59
ca2a6c1f,2026-09-16 12:50:20,O,4.223,25.41,19.59
e710f3c1,2026-09-16 12:50:31,O,0.0,24.78,18.47
e710f3c1,2026-09-16 12:50:31,O,0.088,24.59,18.9
e710f3c1,2026-09-16 12:50:31,O,0.175,24.5,19.11
e710f3c1,2026-09-16 12:50:31,O,0.263,24.36,19.3
e710f3c1,2026-09-16 12:50:31,O,0.351,24.27,20.03
e710f3c1,2026-09-16 12:50:31,O,0.438,24.18,20.48
e710f3c1,2026-09-16 12:50:31,O,0.526,24.32,21.31
e710f3c1,2026-09-16 12:50:31,O,0.614,24.32,21.39
e710f3c1,2026-09-16 12:50:31,O,0.702,24.27,21.39
e710f3c1,2026-09-16 12:50:31,O,0.789,24.27,21.28
e710f3c1,2026-09-16 12:50:31,O,0.877,24.09,20.88
e710f3c1,2026-09-16 12:50:31,O,0.965,24.04,20.49
e710f3c1,2026-09-16 12:50:31,O,1.052,24.04,20.49
e710f3c1,2026-09-16 12:50:31,O,1.14,24.04,20.49
e710f3c1,2026-09-16 12:50:31,O,1.228,22.8,20.54
e710f3c1,2026-09-16 12:50:31,O,1.315,21.77,20.77
e710f3c1,2026-09-16 12:50:31,O,1.403,21.48,21.37
e710f3c1,2026-09-16 12:50:31,O,1.491,21.2,21.86
e710f3c1,2026-09-16 12:50:31,O,1.578,21.2,22.09
e710f3c1,2026-09-16 12:50:31,O,1.666,20.73,22.62
e710f3c1,2026-09-16 12:50:31,O,1.753,20.51,23.36
e710f3c1,2026-09-16 12:50:31,O,1.841,20.41,23.51
e710f3c1,2026-09-16 12:50:31,O,1.929,20.41,24.35
e710f3c1,2026-09-16 12:50:31,O,2.017,20.67,25.27
e710f3c1,2026-09-16 12:50:31,O,2.104,20.67,25.73
e710f3c1,2026-09-16 12:50:31,O,2.191,21.2,25.73
e710f3c1,2026-09-16 12:50:31,O,2.279,21.46,26.06
e710f3c1,2026-09-16 12:50:31,O,2.367,22.28,26.05
e710f3c1,2026-09-16 12:50:31,O,2.454,22.33,26.14
e710f3c1,2026-09-16 12:50:31,O,2.542,22.8,26.14
e710f3c1,2026-09-16 12:50:31,O,2.629,23.2,26.28
e710f3c1,2026-09-16 12:50:31,O,2.717,24.19,26.28
e710f3c1,2026-09-16 12:50:31,O,2.804,24.54,26.28
e710f3c1,2026-09-16 12:50:31,O,2.892,24.94,26.28
e710f3c1,2026-09-16 12:50:31,O,2.98,25.03,26.15
e710f3c1,2026-09-16 12:50:31,O,3.067,25.69,25.91
e710f3c1,2026-09-16 12:50:31,O,3.155,25.78,25.73
e710f3c1,2026-09-16 12:50:31,O,3.242,26.02,25.23
e710f3c1,2026-09-16 12:50:31,O,3.33,26.22,24.77
e710f3c1,2026-09-16 12:50:31,O,3.418,26.22,24.09
e710f3c1,2026-09-16 12:50:31,O,3.505,26.14,23.64
e710f3c1,2026-09-16 12:50:31,O,3.593,26.24,22.81
e710f3c1,2026-09-16 12:50:31,O,3.68,26.21,21.91
e710f3c1,2026-09-16 12:50:31,O,3.769,26.13,21.26
e710f3c1,2026-09-16 12:50:31,O,3.856,26.09,20.37
e710f3c1,2026-09-16 12:50:31,O,3.944,25.83,20.37
e710f3c1,2026-09-16 12:50:31,O,4.031,25.66,20.37
e710f3c1,2026-09-16 12:50:31,O,4.119,25.53,20.37
e710f3c1,2026-09-16 12:50:31,O,4.207,25.39,20.54
e710f3c1,2026-09-16 12:50:31,O,4.294,24.96,20.54
e710f3c1,2026-09-16 12:50:31,O,4.382,24.59,20.77
e710f3c1,2026-09-16 12:50:31,O,4.47,24.36,20.98
e710f3c1,2026-09-16 12:50:31,O,4.558,24.36,21.04
e710f3c1,2026-09-16 12:50:31,O,4.645,24.18,21.04
e710f3c1,2026-09-16 12:50:31,O,4.733,24.18,21.04
e710f3c1,2026-09-16 12:50:31,O,4.821,24.14,21.04
e710f3c1,2026-09-16 12:50:31,O,4.909,24.05,20.87
e710f3c1,2026-09-16 12:50:31,O,4.997,24.05,20.87
e710f3c1,2026-09-16 12:50:31,O,5.085,24.17,20.76
e710f3c1,2026-09-16 12:50:31,O,5.172,23.99,20.87
e710f3c1,2026-09-16 12:50:31,O,5.263,23.99,20.87
e710f3c1,2026-09-16 12:50:31,O,5.357,23.99,20.87
9c91001e,2026-09-16 12:50:42,O,0.0,24.79,19.99
9c91001e,2026-09-16 12:50:42,O,0.088,24.17,19.9
9c91001e,2026-09-16 12:50:42,O,0.176,24.21,19.69
9c91001e,2026-09-16 12:50:42,O,0.264,24.45,19.86
9c91001e,2026-09-16 12:50:42,O,0.351,24.45,19.86
9c91001e,2026-09-16 12:50:42,O,0.439,24.41,19.47
9c91001e,2026-09-16 12:50:42,O,0.526,24.5,19.34
9c91001e,2026-09-16 12:50:42,O,0.614,24.59,19.34
9c91001e,2026-09-16 12:50:42,O,0.703,24.73,19.25
9c91001e,2026-09-16 12:50:42,O,0.79,24.73,19.34
9c91001e,2026-09-16 12:50:42,O,0.878,24.73,19.34
9c91001e,2026-09-16 12:50:42,O,0.965,24.73,19.51
9c91001e,2026-09-16 12:50:42,O,1.053,24.69,19.39
9c91001e,2026-09-16 12:50:42,O,1.141,24.45,19.39
9c91001e,2026-09-16 12:50:42,O,1.229,24.03,19.49
9c91001e,2026-09-16 12:50:42,O,1.316,22.88,19.79
9c91001e,2026-09-16 12:50:42,O,1.404,21.71,20.48
9c91001e,2026-09-16 12:50:42,O,1.492,21.58,20.7
9c91001e,2026-09-16 12:50:42,O,1.58,20.94,20.87
9c91001e,2026-09-16 12:50:42,O,1.668,20.83,21.53
9c91001e,2026-09-16 12:50:42,O,1.755,20.64,21.64
9c91001e,2026-09-16 12:50:42,O,1.842,20.24,21.93
9c91001e,2026-09-16 12:50:42,O,1.93,19.98,22.49
9c91001e,2026-09-16 12:50:42,O,2.018,19.84,23.71
9c91001e,2026-09-16 12:50:42,O,2.105,19.74,24.27
9c91001e,2026-09-16 12:50:42,O,2.193,19.74,24.51
9c91001e,2026-09-16 12:50:42,O,2.281,20.17,25.5
9c91001e,2026-09-16 12:50:42,O,2.369,20.41,26.72
9c91001e,2026-09-16 12:50:42,O,2.456,21.31,26.91
9c91001e,2026-09-16 12:50:42,O,2.544,21.83,27.12
9c91001e,2026-09-16 12:50:42,O,2.631,22.63,27.37
9c91001e,2026-09-16 12:50:42,O,2.719,23.27,27.37
9c91001e,2026-09-16 12:50:42,O,2.806,24.28,27.1
9c91001e,2026-09-16 12:50:42,O,2.894,24.86,27.14
9c91001e,2026-09-16 12:50:42,O,2.982,25.42,27.0
9c91001e,2026-09-16 12:50:42,O,3.069,25.81,26.7
9c91001e,2026-09-16 12:50:42,O,3.157,26.57,25.74
9c91001e,2026-09-16 12:50:42,O,3.245,27.46,25.36
9c91001e,2026-09-16 12:50:42,O,3.332,28.45,25.03
9c91001e,2026-09-16 12:50:42,O,3.42,28.72,24.71
9c91001e,2026-09-16 12:50:42,O,3.508,28.72,24.47
9c91001e,2026-09-16 12:50:42,O,3.596,29.51,22.16
9c91001e,2026-09-16 12:50:42,O,3.684,28.61,21.88
9c91001e,2026-09-16 12:50:42,O,3.771,28.18,20.47
9c91001e,2026-09-16 12:50:42,O,3.859,27.75,20.24
9c91001e,2026-09-16 12:50:42,O,3.947,27.37,20.36
9c91001e,2026-09-16 12:50:42,O,4.034,27.37,20.39
9c91001e,2026-09-16 12:50:42,O,4.122,26.82,20.42
9c91001e,2026-09-16 12:50:42,O,4.209,26.49,20.32
9c91001e,2026-09-16 12:50:42,O,4.297,26.49,20.32
9c91001e,2026-09-16 12:50:42,O,4.385,26.54,20.18
9c91001e,2026-09-16 12:50:42,O,4.472,25.91,19.89
9c91001e,2026-09-16 12:50:42,O,4.56,26.54,19.89
9c91001e,2026-09-16 12:50:42,O,4.648,26.54,20.0
9c91001e,2026-09-16 12:50:42,O,4.736,26.54,20.0
9c91001e,2026-09-16 12:50:42,O,4.824,26.51,20.0
9c91001e,2026-09-16 12:50:42,O,4.911,26.64,19.86
9c91001e,2026-09-16 12:50:42,O,4.999,26.51,19.86
9c91001e,2026-09-16 12:50:42,O,5.09,26.51,20.03
9c91001e,2026-09-16 12:50:42,O,5.184,26.51,20.03
55a8c6b5,2026-09-16 12:50:55,O,0.0,23.59,22.66
55a8c6b5,2026-09-16 12:50:55,O,0.088,23.96,22.58
55a8c6b5,2026-09-16 12:50:55,O,0.176,24.0,22.59
55a8c6b5,2026-09-16 12:50:55,O,0.263,24.0,22.56
55a8c6b5,2026-09-16 12:50:55,O,0.35,24.14,22.56
55a8c6b5,2026-09-16 12:50:55,O,0.438,24.19,22.56
55a8c6b5,2026-09-16 12:50:55,O,0.526,24.32,22.5
55a8c6b5,2026-09-16 12:50:55,O,0.613,24.73,22.5
55a8c6b5,2026-09-16 12:50:55,O,0.701,24.73,22.27
55a8c6b5,2026-09-16 12:50:55,O,0.788,24.59,22.18
55a8c6b5,2026-09-16 12:50:55,O,0.876,24.59,22.34
55a8c6b5,2026-09-16 12:50:55,O,0.964,24.59,21.7
55a8c6b5,2026-09-16 12:50:55,O,1.051,24.59,21.32
55a8c6b5,2026-09-16 12:50:55,O,1.139,24.63,22.02
55a8c6b5,2026-09-16 12:50:55,O,1.227,25.0,21.75
55a8c6b5,2026-09-16 12:50:55,O,1.314,24.86,21.8
55a8c6b5,2026-09-16 12:50:55,O,1.402,25.05,21.91
55a8c6b5,2026-09-16 12:50:55,O,1.49,25.0,21.76
55a8c6b5,2026-09-16 12:50:55,O,1.577,24.86,21.6
55a8c6b5,2026-09-16 12:50:55,O,1.665,24.68,21.64
55a8c6b5,2026-09-16 12:50:55,O,1.753,24.73,21.32
55a8c6b5,2026-09-16 12:50:55,O,1.84,24.41,21.04
55a8c6b5,2026-09-16 12:50:55,O,1.928,24.32,21.04
55a8c6b5,2026-09-16 12:50:55,O,2.016,23.95,21.04
55a8c6b5,2026-09-16 12:50:55,O,2.104,23.32,21.37
55a8c6b5,2026-09-16 12:50:55,O,2.191,22.27,21.72
55a8c6b5,2026-09-16 12:50:55,O,2.279,21.79,21.81
55a8c6b5,2026-09-16 12:50:55,O,2.366,21.56,22.06
55a8c6b5,2026-09-16 12:50:55,O,2.455,21.72,22.47
55a8c6b5,2026-09-16 12:50:55,O,2.542,21.72,23.37
55a8c6b5,2026-09-16 12:50:55,O,2.63,21.72,23.76
55a8c6b5,2026-09-16 12:50:55,O,2.717,21.77,25.55
55a8c6b5,2026-09-16 12:50:55,O,2.805,22.16,26.35
55a8c6b5,2026-09-16 12:50:55,O,2.892,22.21,26.73
55a8c6b5,2026-09-16 12:50:55,O,2.98,22.82,26.71
55a8c6b5,2026-09-16 12:50:55,O,3.067,23.23,26.37
55a8c6b5,2026-09-16 12:50:55,O,3.155,23.64,26.42
55a8c6b5,2026-09-16 12:50:55,O,3.242,24.02,26.42
55a8c6b5,2026-09-16 12:50:55,O,3.33,24.72,26.55
55a8c6b5,2026-09-16 12:50:55,O,3.418,24.99,26.42
55a8c6b5,2026-09-16 12:50:55,O,3.505,25.44,26.42
55a8c6b5,2026-09-16 12:50:55,O,3.593,25.62,26.14
55a8c6b5,2026-09-16 12:50:55,O,3.68,25.76,25.91
55a8c6b5,2026-09-16 12:50:55,O,3.768,26.3,25.55
55a8c6b5,2026-09-16 12:50:55,O,3.855,26.68,25.04
55a8c6b5,2026-09-16 12:50:55,O,3.943,26.96,24.95
55a8c6b5,2026-09-16 12:50:55,O,4.031,27.11,24.36
55a8c6b5,2026-09-16 12:50:55,O,4.118,27.13,23.88
55a8c6b5,2026-09-16 12:50:55,O,4.207,27.3,23.3
55a8c6b5,2026-09-16 12:50:55,O,4.294,27.44,22.74
55a8c6b5,2026-09-16 12:50:55,O,4.382,27.32,22.54
55a8c6b5,2026-09-16 12:50:55,O,4.469,27.2,22.42
55a8c6b5,2026-09-16 12:50:55,O,4.557,27.16,22.18
55a8c6b5,2026-09-16 12:50:55,O,4.645,27.56,21.53
55a8c6b5,2026-09-16 12:50:55,O,4.733,26.36,21.32
55a8c6b5,2026-09-16 12:50:55,O,4.82,27.14,21.8
55a8c6b5,2026-09-16 12:50:55,O,4.908,25.98,21.32
55a8c6b5,2026-09-16 12:50:55,O,4.996,26.13,21.32
55a8c6b5,2026-09-16 12:50:55,O,5.084,25.68,21.81
55a8c6b5,2026-09-16 12:50:55,O,5.171,24.87,21.81
55a8c6b5,2026-09-16 12:50:55,O,5.259,24.59,21.85
55a8c6b5,2026-09-16 12:50:55,O,5.346,24.87,22.01
55a8c6b5,2026-09-16 12:50:55,O,5.434,24.86,21.8
55a8c6b5,2026-09-16 12:50:55,O,5.521,24.68,21.69
55a8c6b5,2026-09-16 12:50:55,O,5.609,24.73,21.69
55a8c6b5,2026-09-16 12:50:55,O,5.699,24.73,21.85
55a8c6b5,2026-09-16 12:50:55,O,5.792,24.73,21.85
f217044e,2026-09-16 12:51:09,O,0.0,21.89,22.71
f217044e,2026-09-16 12:51:09,O,0.088,21.06,22.37
f217044e,2026-09-16 12:51:09,O,0.176,22.72,22.21
f217044e,2026-09-16 12:51:09,O,0.263,22.55,22.54
f217044e,2026-09-16 12:51:09,O,0.351,22.19,22.07
f217044e,2026-09-16 12:51:09,O,0.439,22.19,22.33
f217044e,2026-09-16 12:51:09,O,0.526,22.19,22.33
f217044e,2026-09-16 12:51:09,O,0.614,22.19,22.33
f217044e,2026-09-16 12:51:09,O,0.702,23.09,22.22
f217044e,2026-09-16 12:51:09,O,0.79,23.19,22.46
f217044e,2026-09-16 12:51:09,O,0.877,22.78,22.3
f217044e,2026-09-16 12:51:09,O,0.964,23.06,22.41
f217044e,2026-09-16 12:51:09,O,1.052,23.06,22.29
f217044e,2026-09-16 12:51:09,O,1.14,23.11,22.3
f217044e,2026-09-16 12:51:09,O,1.227,23.21,22.18
f217044e,2026-09-16 12:51:09,O,1.315,23.11,22.13
f217044e,2026-09-16 12:51:09,O,1.403,23.06,22.02
f217044e,2026-09-16 12:51:09,O,1.49,22.82,21.81
f217044e,2026-09-16 12:51:09,O,1.578,21.84,21.81
f217044e,2026-09-16 12:51:09,O,1.666,21.15,21.7
f217044e,2026-09-16 12:51:09,O,1.753,20.67,21.81
f217044e,2026-09-16 12:51:09,O,1.842,18.89,21.82
f217044e,2026-09-16 12:51:09,O,1.929,18.58,22.26
f217044e,2026-09-16 12:51:09,O,2.017,18.58,23.46
f217044e,2026-09-16 12:51:09,O,2.105,18.56,23.94
f217044e,2026-09-16 12:51:09,O,2.193,18.7,24.9
f217044e,2026-09-16 12:51:09,O,2.28,18.7,25.1
f217044e,2026-09-16 12:51:09,O,2.369,18.81,25.6
f217044e,2026-09-16 12:51:09,O,2.456,18.98,26.39
f217044e,2026-09-16 12:51:09,O,2.543,19.23,27.13
f217044e,2026-09-16 12:51:09,O,2.631,19.28,27.49
f217044e,2026-09-16 12:51:09,O,2.719,19.58,28.4
f217044e,2026-09-16 12:51:09,O,2.807,20.24,28.69
f217044e,2026-09-16 12:51:09,O,2.894,20.73,28.69
f217044e,2026-09-16 12:51:09,O,2.982,21.88,28.92
f217044e,2026-09-16 12:51:09,O,3.069,22.68,28.69
f217044e,2026-09-16 12:51:09,O,3.157,23.47,28.38
f217044e,2026-09-16 12:51:09,O,3.244,23.96,28.38
f217044e,2026-09-16 12:51:09,O,3.332,24.63,28.12
f217044e,2026-09-16 12:51:09,O,3.42,25.08,27.37
f217044e,2026-09-16 12:51:09,O,3.508,25.83,26.55
f217044e,2026-09-16 12:51:09,O,3.595,26.51,26.32
f217044e,2026-09-16 12:51:09,O,3.682,26.61,25.96
f217044e,2026-09-16 12:51:09,O,3.77,26.61,25.23
f217044e,2026-09-16 12:51:09,O,3.858,26.49,24.14
f217044e,2026-09-16 12:51:09,O,3.945,25.42,23.51
f217044e,2026-09-16 12:51:09,O,4.033,25.42,23.46
f217044e,2026-09-16 12:51:09,O,4.121,25.13,23.31
f217044e,2026-09-16 12:51:09,O,4.208,24.73,23.16
f217044e,2026-09-16 12:51:09,O,4.296,24.23,22.99
f217044e,2026-09-16 12:51:09,O,4.384,24.09,22.62
f217044e,2026-09-16 12:51:09,O,4.471,23.83,22.58
f217044e,2026-09-16 12:51:09,O,4.559,23.83,22.5
f217044e,2026-09-16 12:51:09,O,4.646,24.01,22.02
f217044e,2026-09-16 12:51:09,O,4.734,24.01,22.02
f217044e,2026-09-16 12:51:09,O,4.825,23.83,22.02
f217044e,2026-09-16 12:51:09,O,4.92,23.83,22.02
25eeb93e,2026-09-16 12:51:19,O,0.0,23.6,21.65
25eeb93e,2026-09-16 12:51:19,O,0.088,23.17,21.77
25eeb93e,2026-09-16 12:51:19,O,0.175,23.22,21.37
25eeb93e,2026-09-16 12:51:19,O,0.264,23.15,21.06
25eeb93e,2026-09-16 12:51:19,O,0.35,23.32,21.53
25eeb93e,2026-09-16 12:51:19,O,0.438,23.33,21.69
25eeb93e,2026-09-16 12:51:19,O,0.526,23.42,21.85
25eeb93e,2026-09-16 12:51:19,O,0.614,23.33,22.07
25eeb93e,2026-09-16 12:51:19,O,0.701,23.33,22.07
25eeb93e,2026-09-16 12:51:19,O,0.789,23.33,22.29
25eeb93e,2026-09-16 12:51:19,O,0.876,23.33,22.29
25eeb93e,2026-09-16 12:51:19,O,0.964,23.33,22.18
25eeb93e,2026-09-16 12:51:19,O,1.052,23.33,22.01
25eeb93e,2026-09-16 12:51:19,O,1.14,23.06,21.75
25eeb93e,2026-09-16 12:51:19,O,1.227,21.43,21.43
25eeb93e,2026-09-16 12:51:19,O,1.315,21.19,21.43
25eeb93e,2026-09-16 12:51:19,O,1.403,21.81,21.7
25eeb93e,2026-09-16 12:51:19,O,1.49,21.1,21.7
25eeb93e,2026-09-16 12:51:19,O,1.579,20.84,21.81
25eeb93e,2026-09-16 12:51:19,O,1.666,20.78,21.73
25eeb93e,2026-09-16 12:51:19,O,1.754,20.62,22.74
25eeb93e,2026-09-16 12:51:19,O,1.841,20.08,23.66
25eeb93e,2026-09-16 12:51:19,O,1.929,19.84,23.89
25eeb93e,2026-09-16 12:51:19,O,2.017,20.11,23.89
25eeb93e,2026-09-16 12:51:19,O,2.105,20.11,24.38
25eeb93e,2026-09-16 12:51:19,O,2.192,20.33,25.8
25eeb93e,2026-09-16 12:51:19,O,2.28,20.57,25.8
25eeb93e,2026-09-16 12:51:19,O,2.367,20.67,26.3
25eeb93e,2026-09-16 12:51:19,O,2.455,20.67,26.3
25eeb93e,2026-09-16 12:51:19,O,2.543,20.78,26.53
25eeb93e,2026-09-16 12:51:19,O,2.631,21.38,26.66
25eeb93e,2026-09-16 12:51:19,O,2.718,21.56,26.74
25eeb93e,2026-09-16 12:51:19,O,2.806,22.95,27.68
25eeb93e,2026-09-16 12:51:19,O,2.893,23.47,27.68
25eeb93e,2026-09-16 12:51:19,O,2.981,23.84,26.83
25eeb93e,2026-09-16 12:51:19,O,3.068,24.06,26.54
25eeb93e,2026-09-16 12:51:19,O,3.156,24.72,26.45
25eeb93e,2026-09-16 12:51:19,O,3.244,25.13,26.32
25eeb93e,2026-09-16 12:51:19,O,3.332,25.56,26.32
25eeb93e,2026-09-16 12:51:19,O,3.419,26.22,26.01
25eeb93e,2026-09-16 12:51:19,O,3.507,26.91,25.14
25eeb93e,2026-09-16 12:51:19,O,3.595,27.32,24.9
25eeb93e,2026-09-16 12:51:19,O,3.682,27.32,24.11
25eeb93e,2026-09-16 12:51:19,O,3.77,27.37,24.11
25eeb93e,2026-09-16 12:51:19,O,3.857,27.29,23.61
25eeb93e,2026-09-16 12:51:19,O,3.945,27.13,22.5
25eeb93e,2026-09-16 12:51:19,O,4.033,26.13,22.07
25eeb93e,2026-09-16 12:51:19,O,4.12,25.79,21.91
25eeb93e,2026-09-16 12:51:19,O,4.208,25.79,21.8
25eeb93e,2026-09-16 12:51:19,O,4.296,25.23,21.32
25eeb93e,2026-09-16 12:51:19,O,4.384,25.14,20.7
25eeb93e,2026-09-16 12:51:19,O,4.471,24.96,20.59
25eeb93e,2026-09-16 12:51:19,O,4.559,24.73,21.1
25eeb93e,2026-09-16 12:51:19,O,4.647,24.73,20.59
25eeb93e,2026-09-16 12:51:19,O,4.734,24.73,20.36
25eeb93e,2026-09-16 12:51:19,O,4.822,25.15,20.36
25eeb93e,2026-09-16 12:51:19,O,4.91,25.15,20.36
25eeb93e,2026-09-16 12:51:19,O,4.997,25.33,20.25
25eeb93e,2026-09-16 12:51:19,O,5.085,24.73,20.71
25eeb93e,2026-09-16 12:51:19,O,5.173,24.86,20.71
25eeb93e,2026-09-16 12:51:19,O,5.264,24.86,20.71
25eeb93e,2026-09-16 12:51:19,O,5.358,24.86,20.71
719435a1,2026-09-16 12:51:29,O,0.0,23.39,20.79
719435a1,2026-09-16 12:51:29,O,0.087,23.4,20.96
719435a1,2026-09-16 12:51:29,O,0.175,23.16,21.23
719435a1,2026-09-16 12:51:29,O,0.263,23.18,21.69
719435a1,2026-09-16 12:51:29,O,0.351,22.8,21.81
719435a1,2026-09-16 12:51:29,O,0.438,23.32,21.97
719435a1,2026-09-16 12:51:29,O,0.525,23.32,22.13
719435a1,2026-09-16 12:51:29,O,0.613,23.51,22.25
719435a1,2026-09-16 12:51:29,O,0.701,23.46,22.25
719435a1,2026-09-16 12:51:29,O,0.789,23.46,22.13
719435a1,2026-09-16 12:51:29,O,0.876,23.46,21.48
719435a1,2026-09-16 12:51:29,O,0.964,22.01,21.48
719435a1,2026-09-16 12:51:29,O,1.052,21.59,21.48
719435a1,2026-09-16 12:51:29,O,1.14,20.94,21.85
719435a1,2026-09-16 12:51:29,O,1.227,20.35,22.09
719435a1,2026-09-16 12:51:29,O,1.315,20.25,23.5
719435a1,2026-09-16 12:51:29,O,1.403,20.11,24.62
719435a1,2026-09-16 12:51:29,O,1.49,20.17,26.11
719435a1,2026-09-16 12:51:29,O,1.578,20.17,26.63
719435a1,2026-09-16 12:51:29,O,1.665,21.26,27.1
719435a1,2026-09-16 12:51:29,O,1.753,22.68,27.1
719435a1,2026-09-16 12:51:29,O,1.841,24.59,27.34
719435a1,2026-09-16 12:51:29,O,1.928,27.29,27.34
719435a1,2026-09-16 12:51:29,O,2.016,27.75,27.14
719435a1,2026-09-16 12:51:29,O,2.104,27.87,26.42
719435a1,2026-09-16 12:51:29,O,2.191,27.91,25.18
719435a1,2026-09-16 12:51:29,O,2.279,28.24,23.12
719435a1,2026-09-16 12:51:29,O,2.367,28.24,22.62
719435a1,2026-09-16 12:51:29,O,2.454,28.29,21.47
719435a1,2026-09-16 12:51:29,O,2.544,27.92,21.1
719435a1,2026-09-16 12:51:29,O,2.631,28.29,20.48
719435a1,2026-09-16 12:51:29,O,2.719,28.01,20.07
719435a1,2026-09-16 12:51:29,O,2.807,27.76,19.96
719435a1,2026-09-16 12:51:29,O,2.895,27.2,19.96
719435a1,2026-09-16 12:51:29,O,2.983,26.29,19.97
719435a1,2026-09-16 12:51:29,O,3.07,25.54,20.07
719435a1,2026-09-16 12:51:29,O,3.158,25.11,20.2
719435a1,2026-09-16 12:51:29,O,3.245,24.5,20.2
719435a1,2026-09-16 12:51:29,O,3.333,24.45,20.59
719435a1,2026-09-16 12:51:29,O,3.421,24.09,20.81
719435a1,2026-09-16 12:51:29,O,3.508,24.09,20.81
719435a1,2026-09-16 12:51:29,O,3.596,23.95,21.43
719435a1,2026-09-16 12:51:29,O,3.684,24.09,21.7
719435a1,2026-09-16 12:51:29,O,3.771,23.6,22.02
719435a1,2026-09-16 12:51:29,O,3.86,23.88,21.75
719435a1,2026-09-16 12:51:29,O,3.952,23.88,21.75
1069fdc2,2026-09-16 12:51:40,O,0.0,26.6,21.22
1069fdc2,2026-09-16 12:51:40,O,0.088,26.64,21.67
1069fdc2,2026-09-16 12:51:40,O,0.175,25.61,22.34
1069fdc2,2026-09-16 12:51:40,O,0.263,24.59,22.22
1069fdc2,2026-09-16 12:51:40,O,0.351,24.59,23.0
1069fdc2,2026-09-16 12:51:40,O,0.438,24.41,23.04
1069fdc2,2026-09-16 12:51:40,O,0.526,24.46,23.04
1069fdc2,2026-09-16 12:51:40,O,0.613,24.73,22.99
1069fdc2,2026-09-16 12:51:40,O,0.701,24.73,23.04
1069fdc2,2026-09-16 12:51:40,O,0.788,24.64,22.99
1069fdc2,2026-09-16 12:51:40,O,0.876,24.59,22.99
1069fdc2,2026-09-16 12:51:40,O,0.964,24.32,22.85
1069fdc2,2026-09-16 12:51:40,O,1.051,24.14,22.77
1069fdc2,2026-09-16 12:51:40,O,1.139,24.32,22.29
1069fdc2,2026-09-16 12:51:40,O,1.227,23.86,22.17
1069fdc2,2026-09-16 12:51:40,O,1.314,23.22,22.17
1069fdc2,2026-09-16 12:51:40,O,1.402,22.97,22.17
1069fdc2,2026-09-16 12:51:40,O,1.489,22.51,22.29
1069fdc2,2026-09-16 12:51:40,O,1.577,22.36,22.64
1069fdc2,2026-09-16 12:51:40,O,1.665,22.11,22.74
1069fdc2,2026-09-16 12:51:40,O,1.753,21.95,23.63
1069fdc2,2026-09-16 12:51:40,O,1.84,21.83,24.53
1069fdc2,2026-09-16 12:51:40,O,1.928,21.41,24.66
1069fdc2,2026-09-16 12:51:40,O,2.015,20.22,25.31
1069fdc2,2026-09-16 12:51:40,O,2.103,21.41,25.45
1069fdc2,2026-09-16 12:51:40,O,2.191,21.72,25.59
1069fdc2,2026-09-16 12:51:40,O,2.278,22.28,26.15
1069fdc2,2026-09-16 12:51:40,O,2.366,22.33,26.55
1069fdc2,2026-09-16 12:51:40,O,2.454,22.71,27.43
1069fdc2,2026-09-16 12:51:40,O,2.541,23.06,27.6
1069fdc2,2026-09-16 12:51:40,O,2.629,23.06,27.6
1069fdc2,2026-09-16 12:51:40,O,2.716,23.65,27.84
1069fdc2,2026-09-16 12:51:40,O,2.804,24.32,27.84
1069fdc2,2026-09-16 12:51:40,O,2.892,24.54,27.69
1069fdc2,2026-09-16 12:51:40,O,2.979,25.0,27.57
1069fdc2,2026-09-16 12:51:40,O,3.067,26.05,27.27
1069fdc2,2026-09-16 12:51:40,O,3.154,26.28,26.99
1069fdc2,2026-09-16 12:51:40,O,3.242,26.62,26.86
1069fdc2,2026-09-16 12:51:40,O,3.33,26.73,26.87
1069fdc2,2026-09-16 12:51:40,O,3.418,26.91,26.87
1069fdc2,2026-09-16 12:51:40,O,3.505,27.3,25.84
1069fdc2,2026-09-16 12:51:40,O,3.593,27.67,26.1
1069fdc2,2026-09-16 12:51:40,O,3.681,27.67,24.84
1069fdc2,2026-09-16 12:51:40,O,3.769,27.77,24.11
1069fdc2,2026-09-16 12:51:40,O,3.856,27.77,24.31
1069fdc2,2026-09-16 12:51:40,O,3.944,27.77,24.18
1069fdc2,2026-09-16 12:51:40,O,4.032,27.82,22.14
1069fdc2,2026-09-16 12:51:40,O,4.119,27.71,22.1
1069fdc2,2026-09-16 12:51:40,O,4.207,27.56,22.58
1069fdc2,2026-09-16 12:51:40,O,4.295,27.61,22.37
1069fdc2,2026-09-16 12:51:40,O,4.382,28.68,22.21
1069fdc2,2026-09-16 12:51:40,O,4.47,27.61,22.3
1069fdc2,2026-09-16 12:51:40,O,4.558,27.61,21.85
1069fdc2,2026-09-16 12:51:40,O,4.646,27.49,21.59
1069fdc2,2026-09-16 12:51:40,O,4.733,27.34,21.59
1069fdc2,2026-09-16 12:51:40,O,4.821,27.05,21.44
1069fdc2,2026-09-16 12:51:40,O,4.908,26.65,21.44
1069fdc2,2026-09-16 12:51:40,O,4.997,26.61,21.48
1069fdc2,2026-09-16 12:51:40,O,5.091,26.61,21.48
f72124a3,2026-09-16 12:51:50,O,0.0,22.88,23.01
f72124a3,2026-09-16 12:51:50,O,0.088,23.11,22.98
f72124a3,2026-09-16 12:51:50,O,0.175,22.99,22.95
f72124a3,2026-09-16 12:51:50,O,0.263,23.27,23.74
f72124a3,2026-09-16 12:51:50,O,0.35,23.59,25.18
f72124a3,2026-09-16 12:51:50,O,0.438,23.5,25.18
f72124a3,2026-09-16 12:51:50,O,0.526,23.59,24.85
f72124a3,2026-09-16 12:51:50,O,0.613,23.63,26.02
f72124a3,2026-09-16 12:51:50,O,0.701,23.63,25.45
f72124a3,2026-09-16 12:51:50,O,0.789,23.63,25.41
f72124a3,2026-09-16 12:51:50,O,0.876,23.75,24.81
f72124a3,2026-09-16 12:51:50,O,0.964,23.47,24.81
f72124a3,2026-09-16 12:51:50,O,1.052,23.38,24.29
f72124a3,2026-09-16 12:51:50,O,1.14,23.47,24.29
f72124a3,2026-09-16 12:51:50,O,1.227,23.09,24.29
f72124a3,2026-09-16 12:51:50,O,1.315,22.67,24.05
f72124a3,2026-09-16 12:51:50,O,1.402,22.28,24.05
f72124a3,2026-09-16 12:51:50,O,1.49,22.03,24.25
f72124a3,2026-09-16 12:51:50,O,1.578,21.2,24.49
f72124a3,2026-09-16 12:51:50,O,1.665,20.89,24.67
f72124a3,2026-09-16 12:51:50,O,1.753,20.89,25.03
f72124a3,2026-09-16 12:51:50,O,1.84,20.67,25.55
f72124a3,2026-09-16 12:51:50,O,1.928,20.67,26.02
f72124a3,2026-09-16 12:51:50,O,2.016,20.57,26.17
f72124a3,2026-09-16 12:51:50,O,2.103,20.57,26.69
f72124a3,2026-09-16 12:51:50,O,2.191,20.67,27.88
f72124a3,2026-09-16 12:51:50,O,2.278,20.67,28.26
f72124a3,2026-09-16 12:51:50,O,2.366,21.09,28.31
f72124a3,2026-09-16 12:51:50,O,2.454,21.61,28.71
f72124a3,2026-09-16 12:51:50,O,2.542,21.95,29.64
f72124a3,2026-09-16 12:51:50,O,2.629,22.22,29.2
f72124a3,2026-09-16 12:51:50,O,2.717,22.61,29.32
f72124a3,2026-09-16 12:51:50,O,2.804,24.0,29.0
f72124a3,2026-09-16 12:51:50,O,2.892,24.72,29.0
f72124a3,2026-09-16 12:51:50,O,2.979,25.16,28.63
f72124a3,2026-09-16 12:51:50,O,3.067,25.41,28.07
f72124a3,2026-09-16 12:51:50,O,3.155,26.11,27.82
f72124a3,2026-09-16 12:51:50,O,3.242,26.64,27.27
f72124a3,2026-09-16 12:51:50,O,3.33,27.37,26.66
f72124a3,2026-09-16 12:51:50,O,3.417,27.37,25.59
f72124a3,2026-09-16 12:51:50,O,3.505,27.86,25.09
f72124a3,2026-09-16 12:51:50,O,3.593,27.37,24.59
f72124a3,2026-09-16 12:51:50,O,3.68,26.76,24.12
f72124a3,2026-09-16 12:51:50,O,3.768,26.16,23.28
f72124a3,2026-09-16 12:51:50,O,3.856,26.02,23.28
f72124a3,2026-09-16 12:51:50,O,3.943,25.55,23.16
f72124a3,2026-09-16 12:51:50,O,4.031,25.42,22.74
f72124a3,2026-09-16 12:51:50,O,4.118,25.03,23.31
f72124a3,2026-09-16 12:51:50,O,4.206,24.59,23.31
f72124a3,2026-09-16 12:51:50,O,4.293,24.32,23.31
f72124a3,2026-09-16 12:51:50,O,4.381,24.05,23.21
f72124a3,2026-09-16 12:51:50,O,4.469,24.05,23.21
f72124a3,2026-09-16 12:51:50,O,4.556,24.19,23.21
f72124a3,2026-09-16 12:51:50,O,4.644,24.19,23.21
f72124a3,2026-09-16 12:51:50,O,4.733,23.78,23.33
f72124a3,2026-09-16 12:51:50,O,4.826,23.78,23.28
57198d08,2026-09-16 12:52:00,O,0.0,23.81,22.9
57198d08,2026-09-16 12:52:00,O,0.087,24.15,22.64
57198d08,2026-09-16 12:52:00,O,0.175,23.93,23.11
57198d08,2026-09-16 12:52:00,O,0.263,24.02,23.19
57198d08,2026-09-16 12:52:00,O,0.35,24.02,23.07
57198d08,2026-09-16 12:52:00,O,0.438,23.66,22.94
57198d08,2026-09-16 12:52:00,O,0.526,23.66,23.0
57198d08,2026-09-16 12:52:00,O,0.614,23.8,23.16
57198d08,2026-09-16 12:52:00,O,0.701,23.89,22.96
57198d08,2026-09-16 12:52:00,O,0.788,24.19,22.77
57198d08,2026-09-16 12:52:00,O,0.876,24.19,22.72
57198d08,2026-09-16 12:52:00,O,0.964,24.0,22.56
57198d08,2026-09-16 12:52:00,O,1.052,22.9,22.01
57198d08,2026-09-16 12:52:00,O,1.139,22.77,21.85
57198d08,2026-09-16 12:52:00,O,1.227,21.95,21.85
57198d08,2026-09-16 12:52:00,O,1.315,21.55,22.01
57198d08,2026-09-16 12:52:00,O,1.402,21.31,22.7
57198d08,2026-09-16 12:52:00,O,1.49,21.05,22.82
57198d08,2026-09-16 12:52:00,O,1.578,21.05,23.09
57198d08,2026-09-16 12:52:00,O,1.666,21.0,23.22
57198d08,2026-09-16 12:52:00,O,1.753,20.57,23.71
57198d08,2026-09-16 12:52:00,O,1.841,20.46,24.61
57198d08,2026-09-16 12:52:00,O,1.929,20.43,24.99
57198d08,2026-09-16 12:52:00,O,2.016,20.43,25.32
57198d08,2026-09-16 12:52:00,O,2.104,20.67,26.68
57198d08,2026-09-16 12:52:00,O,2.191,20.67,26.81
57198d08,2026-09-16 12:52:00,O,2.279,21.26,26.81
57198d08,2026-09-16 12:52:00,O,2.367,21.26,27.09
57198d08,2026-09-16 12:52:00,O,2.454,21.15,27.43
57198d08,2026-09-16 12:52:00,O,2.542,21.15,27.22
57198d08,2026-09-16 12:52:00,O,2.63,22.37,27.27
57198d08,2026-09-16 12:52:00,O,2.717,22.97,27.57
57198d08,2026-09-16 12:52:00,O,2.805,23.49,27.57
57198d08,2026-09-16 12:52:00,O,2.893,24.32,27.27
57198d08,2026-09-16 12:52:00,O,2.98,24.72,27.27
57198d08,2026-09-16 12:52:00,O,3.068,25.29,26.42
57198d08,2026-09-16 12:52:00,O,3.155,25.75,26.19
57198d08,2026-09-16 12:52:00,O,3.243,26.07,26.15
57198d08,2026-09-16 12:52:00,O,3.331,27.06,26.06
57198d08,2026-09-16 12:52:00,O,3.418,27.18,25.87
57198d08,2026-09-16 12:52:00,O,3.506,27.06,25.23
57198d08,2026-09-16 12:52:00,O,3.593,26.91,24.4
57198d08,2026-09-16 12:52:00,O,3.681,26.91,24.05
57198d08,2026-09-16 12:52:00,O,3.768,26.83,23.71
57198d08,2026-09-16 12:52:00,O,3.856,26.48,23.61
57198d08,2026-09-16 12:52:00,O,3.944,26.36,23.48
57198d08,2026-09-16 12:52:00,O,4.032,26.24,22.99
57198d08,2026-09-16 12:52:00,O,4.12,25.44,22.89
57198d08,2026-09-16 12:52:00,O,4.207,25.09,22.84
57198d08,2026-09-16 12:52:00,O,4.295,25.0,22.74
57198d08,2026-09-16 12:52:00,O,4.382,24.82,22.9
57198d08,2026-09-16 12:52:00,O,4.47,24.59,23.0
57198d08,2026-09-16 12:52:00,O,4.558,24.46,23.31
57198d08,2026-09-16 12:52:00,O,4.645,24.41,23.31
57198d08,2026-09-16 12:52:00,O,4.733,24.28,23.31
57198d08,2026-09-16 12:52:00,O,4.82,24.19,23.05
57198d08,2026-09-16 12:52:00,O,4.908,24.02,23.05
57198d08,2026-09-16 12:52:00,O,4.995,23.97,22.77
57198d08,2026-09-16 12:52:00,O,5.083,23.97,22.73
57198d08,2026-09-16 12:52:00,O,5.17,23.93,22.73
57198d08,2026-09-16 12:52:00,O,5.262,23.93,22.73
57198d08,2026-09-16 12:52:00,O,5.354,23.93,22.68
2edcdb3b,2026-09-16 12:52:09,O,0.0,25.43,22.72
2edcdb3b,2026-09-16 12:52:09,O,0.088,25.53,22.0
2edcdb3b,2026-09-16 12:52:09,O,0.175,25.19,21.31
2edcdb3b,2026-09-16 12:52:09,O,0.263,25.53,21.56
2edcdb3b,2026-09-16 12:52:09,O,0.351,25.66,21.81
2edcdb3b,2026-09-16 12:52:09,O,0.439,25.66,21.48
2edcdb3b,2026-09-16 12:52:09,O,0.527,25.66,21.99
2edcdb3b,2026-09-16 12:52:09,O,0.614,25.53,22.37
2edcdb3b,2026-09-16 12:52:09,O,0.702,25.53,22.14
2edcdb3b,2026-09-16 12:52:09,O,0.789,24.82,22.01
2edcdb3b,2026-09-16 12:52:09,O,0.877,24.73,22.22
2edcdb3b,2026-09-16 12:52:09,O,0.965,24.18,22.01
2edcdb3b,2026-09-16 12:52:09,O,1.053,23.72,21.75
2edcdb3b,2026-09-16 12:52:09,O,1.14,23.17,21.75
2edcdb3b,2026-09-16 12:52:09,O,1.228,22.98,21.87
2edcdb3b,2026-09-16 12:52:09,O,1.315,22.0,21.91
2edcdb3b,2026-09-16 12:52:09,O,1.403,21.56,22.25
2edcdb3b,2026-09-16 12:52:09,O,1.49,21.3,23.22
2edcdb3b,2026-09-16 12:52:09,O,1.578,20.94,24.03
2edcdb3b,2026-09-16 12:52:09,O,1.666,20.94,24.56
2edcdb3b,2026-09-16 12:52:09,O,1.754,20.83,24.94
2edcdb3b,2026-09-16 12:52:09,O,1.841,20.78,25.22
2edcdb3b,2026-09-16 12:52:09,O,1.929,20.83,26.44
2edcdb3b,2026-09-16 12:52:09,O,2.016,21.14,26.53
2edcdb3b,2026-09-16 12:52:09,O,2.104,21.77,26.0
2edcdb3b,2026-09-16 12:52:09,O,2.191,22.03,27.14
2edcdb3b,2026-09-16 12:52:09,O,2.279,22.51,27.22
2edcdb3b,2026-09-16 12:52:09,O,2.366,23.08,26.68
2edcdb3b,2026-09-16 12:52:09,O,2.454,23.49,27.34
2edcdb3b,2026-09-16 12:52:09,O,2.542,24.72,27.29
2edcdb3b,2026-09-16 12:52:09,O,2.629,26.51,27.24
2edcdb3b,2026-09-16 12:52:09,O,2.719,26.63,27.12
2edcdb3b,2026-09-16 12:52:09,O,2.806,27.06,26.99
2edcdb3b,2026-09-16 12:52:09,O,2.894,27.75,26.99
2edcdb3b,2026-09-16 12:52:09,O,2.984,28.13,26.81
2edcdb3b,2026-09-16 12:52:09,O,3.073,28.24,25.73
2edcdb3b,2026-09-16 12:52:09,O,3.16,28.24,25.5
2edcdb3b,2026-09-16 12:52:09,O,3.25,28.34,24.67
2edcdb3b,2026-09-16 12:52:09,O,3.339,28.24,23.83
2edcdb3b,2026-09-16 12:52:09,O,3.694,28.68,21.2
2edcdb3b,2026-09-16 12:52:09,O,3.782,28.07,21.08
2edcdb3b,2026-09-16 12:52:09,O,3.87,27.67,21.81
2edcdb3b,2026-09-16 12:52:09,O,3.957,27.73,21.31
2edcdb3b,2026-09-16 12:52:09,O,4.045,27.38,21.31
2edcdb3b,2026-09-16 12:52:09,O,4.133,27.2,21.54
2edcdb3b,2026-09-16 12:52:09,O,4.221,27.2,21.7
2edcdb3b,2026-09-16 12:52:09,O,4.308,25.58,21.75
2edcdb3b,2026-09-16 12:52:09,O,4.396,25.28,21.75
2edcdb3b,2026-09-16 12:52:09,O,4.483,25.28,21.64
2edcdb3b,2026-09-16 12:52:09,O,4.571,25.09,21.8
2edcdb3b,2026-09-16 12:52:09,O,4.658,25.05,21.8
2edcdb3b,2026-09-16 12:52:09,O,4.746,24.87,22.07
2edcdb3b,2026-09-16 12:52:09,O,4.835,24.87,22.07
2edcdb3b,2026-09-16 12:52:09,O,4.93,24.87,22.07
1117948a,2026-09-16 12:52:31,P,0.0,23.08,22.09
1117948a,2026-09-16 12:52:31,P,0.088,22.77,21.23
1117948a,2026-09-16 12:52:31,P,0.175,23.01,21.85
1117948a,2026-09-16 12:52:31,P,0.263,23.52,21.61
1117948a,2026-09-16 12:52:31,P,0.351,23.52,20.35
1117948a,2026-09-16 12:52:31,P,0.439,24.45,20.24
1117948a,2026-09-16 12:52:31,P,0.528,24.73,20.13
1117948a,2026-09-16 12:52:31,P,0.616,24.73,19.84
1117948a,2026-09-16 12:52:31,P,0.704,25.24,19.84
1117948a,2026-09-16 12:52:31,P,0.792,25.0,19.84
1117948a,2026-09-16 12:52:31,P,0.879,25.0,20.59
1117948a,2026-09-16 12:52:31,P,0.967,24.86,20.7
1117948a,2026-09-16 12:52:31,P,1.055,24.68,22.3
1117948a,2026-09-16 12:52:31,P,1.142,24.68,23.28
1117948a,2026-09-16 12:52:31,P,1.23,24.59,23.28
1117948a,2026-09-16 12:52:31,P,1.317,24.59,23.69
1117948a,2026-09-16 12:52:31,P,1.405,24.59,24.86
1117948a,2026-09-16 12:52:31,P,1.492,24.37,25.32
1117948a,2026-09-16 12:52:31,P,1.58,24.23,26.15
1117948a,2026-09-16 12:52:31,P,1.668,23.8,26.78
1117948a,2026-09-16 12:52:31,P,1.755,23.93,27.32
1117948a,2026-09-16 12:52:31,P,1.843,23.89,27.32
1117948a,2026-09-16 12:52:31,P,1.93,23.89,27.49
1117948a,2026-09-16 12:52:31,P,2.018,24.02,26.98
1117948a,2026-09-16 12:52:31,P,2.105,24.02,27.02
1117948a,2026-09-16 12:52:31,P,2.193,24.02,27.02
1117948a,2026-09-16 12:52:31,P,2.28,24.02,27.02
1117948a,2026-09-16 12:52:31,P,2.368,24.59,27.02
1117948a,2026-09-16 12:52:31,P,2.456,25.29,27.86
1117948a,2026-09-16 12:52:31,P,2.543,25.55,27.86
1117948a,2026-09-16 12:52:31,P,2.631,26.58,27.86
1117948a,2026-09-16 12:52:31,P,2.719,27.41,27.86
1117948a,2026-09-16 12:52:31,P,2.806,28.5,27.86
1117948a,2026-09-16 12:52:31,P,2.894,28.5,27.7
1117948a,2026-09-16 12:52:31,P,2.982,28.72,27.27
1117948a,2026-09-16 12:52:31,P,3.069,28.85,27.06
1117948a,2026-09-16 12:52:31,P,3.156,28.48,26.61
1117948a,2026-09-16 12:52:31,P,3.244,28.38,26.27
1117948a,2026-09-16 12:52:31,P,3.332,28.34,25.64
1117948a,2026-09-16 12:52:31,P,3.419,28.19,24.99
1117948a,2026-09-16 12:52:31,P,3.508,27.76,24.8
1117948a,2026-09-16 12:52:31,P,3.595,27.44,24.52
1117948a,2026-09-16 12:52:31,P,3.683,27.22,23.99
1117948a,2026-09-16 12:52:31,P,3.77,26.86,24.43
1117948a,2026-09-16 12:52:31,P,3.858,26.86,24.52
1117948a,2026-09-16 12:52:31,P,3.946,26.61,24.52
1117948a,2026-09-16 12:52:31,P,4.034,26.22,24.76
1117948a,2026-09-16 12:52:31,P,4.121,25.95,24.76
1117948a,2026-09-16 12:52:31,P,4.208,25.67,24.53
1117948a,2026-09-16 12:52:31,P,4.296,25.67,24.26
1117948a,2026-09-16 12:52:31,P,4.384,25.67,24.31
1117948a,2026-09-16 12:52:31,P,4.471,26.09,24.26
1117948a,2026-09-16 12:52:31,P,4.559,26.09,24.26
1117948a,2026-09-16 12:52:31,P,4.647,26.09,24.26
1117948a,2026-09-16 12:52:31,P,4.737,25.97,24.24
1117948a,2026-09-16 12:52:31,P,4.83,25.97,24.24
e8f4d146,2026-09-16 12:52:40,P,0.0,22.44,22.28
e8f4d146,2026-09-16 12:52:40,P,0.087,22.99,22.22
e8f4d146,2026-09-16 12:52:40,P,0.175,23.52,22.13
e8f4d146,2026-09-16 12:52:40,P,0.263,23.92,21.99
e8f4d146,2026-09-16 12:52:40,P,0.35,24.05,22.07
e8f4d146,2026-09-16 12:52:40,P,0.438,24.54,21.75
e8f4d146,2026-09-16 12:52:40,P,0.525,24.54,21.74
e8f4d146,2026-09-16 12:52:40,P,0.613,24.41,21.37
e8f4d146,2026-09-16 12:52:40,P,0.7,24.41,21.37
e8f4d146,2026-09-16 12:52:40,P,0.788,24.41,21.37
e8f4d146,2026-09-16 12:52:40,P,0.877,24.41,21.53
e8f4d146,2026-09-16 12:52:40,P,0.964,24.41,21.64
e8f4d146,2026-09-16 12:52:40,P,1.051,24.19,22.55
e8f4d146,2026-09-16 12:52:40,P,1.139,24.05,22.96
e8f4d146,2026-09-16 12:52:40,P,1.226,23.7,23.75
e8f4d146,2026-09-16 12:52:40,P,1.314,23.71,24.19
e8f4d146,2026-09-16 12:52:40,P,1.401,23.4,25.28
e8f4d146,2026-09-16 12:52:40,P,1.489,23.4,25.96
e8f4d146,2026-09-16 12:52:40,P,1.577,23.11,26.42
e8f4d146,2026-09-16 12:52:40,P,1.664,23.11,26.97
e8f4d146,2026-09-16 12:52:40,P,1.752,23.52,27.12
e8f4d146,2026-09-16 12:52:40,P,1.839,23.52,27.64
e8f4d146,2026-09-16 12:52:40,P,1.927,23.11,27.8
e8f4d146,2026-09-16 12:52:40,P,2.014,23.57,27.8
e8f4d146,2026-09-16 12:52:40,P,2.102,23.35,28.16
e8f4d146,2026-09-16 12:52:40,P,2.19,23.25,29.59
e8f4d146,2026-09-16 12:52:40,P,2.278,23.43,29.04
e8f4d146,2026-09-16 12:52:40,P,2.365,23.79,29.47
e8f4d146,2026-09-16 12:52:40,P,2.453,24.73,29.59
e8f4d146,2026-09-16 12:52:40,P,2.54,25.56,28.92
e8f4d146,2026-09-16 12:52:40,P,2.628,25.99,28.92
e8f4d146,2026-09-16 12:52:40,P,2.716,26.42,28.92
e8f4d146,2026-09-16 12:52:40,P,2.803,27.25,27.92
e8f4d146,2026-09-16 12:52:40,P,2.892,28.35,27.88
e8f4d146,2026-09-16 12:52:40,P,2.979,28.47,27.72
e8f4d146,2026-09-16 12:52:40,P,3.066,28.72,27.06
e8f4d146,2026-09-16 12:52:40,P,3.154,27.56,26.52
e8f4d146,2026-09-16 12:52:40,P,3.242,28.3,26.52
e8f4d146,2026-09-16 12:52:40,P,3.329,27.45,25.82
e8f4d146,2026-09-16 12:52:40,P,3.417,26.4,25.68
e8f4d146,2026-09-16 12:52:40,P,3.505,26.36,25.59
e8f4d146,2026-09-16 12:52:40,P,3.592,26.26,25.41
e8f4d146,2026-09-16 12:52:40,P,3.68,25.48,25.41
e8f4d146,2026-09-16 12:52:40,P,3.767,25.25,25.32
e8f4d146,2026-09-16 12:52:40,P,3.855,24.95,25.27
e8f4d146,2026-09-16 12:52:40,P,3.942,24.54,25.13
e8f4d146,2026-09-16 12:52:40,P,4.03,24.86,25.13
e8f4d146,2026-09-16 12:52:40,P,4.118,24.86,25.13
e8f4d146,2026-09-16 12:52:40,P,4.206,24.86,25.04
e8f4d146,2026-09-16 12:52:40,P,4.293,25.16,25.59
e8f4d146,2026-09-16 12:52:40,P,4.385,25.16,25.74
e8f4d146,2026-09-16 12:52:40,P,4.48,25.16,25.74
56470052,2026-09-16 12:52:49,P,0.0,24.64,21.3
56470052,2026-09-16 12:52:49,P,0.087,24.32,21.41
56470052,2026-09-16 12:52:49,P,0.175,24.0,21.74
56470052,2026-09-16 12:52:49,P,0.263,23.7,21.74
56470052,2026-09-16 12:52:49,P,0.35,23.61,21.85
56470052,2026-09-16 12:52:49,P,0.438,23.38,21.85
56470052,2026-09-16 12:52:49,P,0.526,23.46,21.39
56470052,2026-09-16 12:52:49,P,0.613,23.64,20.6
56470052,2026-09-16 12:52:49,P,0.701,23.63,21.43
56470052,2026-09-16 12:52:49,P,0.79,23.63,20.41
56470052,2026-09-16 12:52:49,P,0.877,23.59,20.41
56470052,2026-09-16 12:52:49,P,0.965,23.59,21.37
56470052,2026-09-16 12:52:49,P,1.052,23.43,21.43
56470052,2026-09-16 12:52:49,P,1.14,23.43,22.71
56470052,2026-09-16 12:52:49,P,1.227,23.4,24.45
56470052,2026-09-16 12:52:49,P,1.315,23.35,25.59
56470052,2026-09-16 12:52:49,P,1.403,22.68,25.87
56470052,2026-09-16 12:52:49,P,1.49,22.68,26.84
56470052,2026-09-16 12:52:49,P,1.578,22.78,27.14
56470052,2026-09-16 12:52:49,P,1.666,22.56,27.49
56470052,2026-09-16 12:52:49,P,1.754,22.56,27.95
56470052,2026-09-16 12:52:49,P,1.841,21.91,27.95
56470052,2026-09-16 12:52:49,P,1.929,21.91,28.36
56470052,2026-09-16 12:52:49,P,2.016,21.91,28.53
56470052,2026-09-16 12:52:49,P,2.104,23.06,28.49
56470052,2026-09-16 12:52:49,P,2.191,23.61,28.01
56470052,2026-09-16 12:52:49,P,2.279,23.87,27.97
56470052,2026-09-16 12:52:49,P,2.367,25.13,27.97
56470052,2026-09-16 12:52:49,P,2.454,25.56,27.82
56470052,2026-09-16 12:52:49,P,2.542,25.83,27.82
56470052,2026-09-16 12:52:49,P,2.63,26.58,28.04
56470052,2026-09-16 12:52:49,P,2.718,26.89,27.88
56470052,2026-09-16 12:52:49,P,2.805,27.17,27.07
56470052,2026-09-16 12:52:49,P,2.892,26.9,26.99
56470052,2026-09-16 12:52:49,P,2.98,26.51,26.42
56470052,2026-09-16 12:52:49,P,3.068,26.47,25.73
56470052,2026-09-16 12:52:49,P,3.156,26.18,24.68
56470052,2026-09-16 12:52:49,P,3.243,26.18,24.64
56470052,2026-09-16 12:52:49,P,3.331,25.7,24.29
56470052,2026-09-16 12:52:49,P,3.418,25.36,24.29
56470052,2026-09-16 12:52:49,P,3.506,24.94,26.0
56470052,2026-09-16 12:52:49,P,3.594,24.86,25.73
56470052,2026-09-16 12:52:49,P,3.681,24.63,26.45
56470052,2026-09-16 12:52:49,P,3.769,24.68,26.01
56470052,2026-09-16 12:52:49,P,3.857,24.73,26.45
56470052,2026-09-16 12:52:49,P,3.944,24.73,26.69
56470052,2026-09-16 12:52:49,P,4.032,24.73,26.69
56470052,2026-09-16 12:52:49,P,4.122,24.73,26.26
56470052,2026-09-16 12:52:49,P,4.216,24.73,26.26
b828974d,2026-09-16 12:52:57,P,0.0,24.12,20.37
b828974d,2026-09-16 12:52:57,P,0.088,23.95,20.41
b828974d,2026-09-16 12:52:57,P,0.175,24.04,20.48
b828974d,2026-09-16 12:52:57,P,0.263,24.04,20.48
b828974d,2026-09-16 12:52:57,P,0.351,23.91,20.48
b828974d,2026-09-16 12:52:57,P,0.439,23.11,20.48
b828974d,2026-09-16 12:52:57,P,0.527,23.11,20.59
b828974d,2026-09-16 12:52:57,P,0.614,22.42,20.48
b828974d,2026-09-16 12:52:57,P,0.702,22.9,20.59
b828974d,2026-09-16 12:52:57,P,0.789,22.9,20.7
b828974d,2026-09-16 12:52:57,P,0.877,23.19,21.19
b828974d,2026-09-16 12:52:57,P,0.965,23.06,23.04
b828974d,2026-09-16 12:52:57,P,1.052,22.94,25.26
b828974d,2026-09-16 12:52:57,P,1.14,22.25,26.53
b828974d,2026-09-16 12:52:57,P,1.228,22.25,27.17
b828974d,2026-09-16 12:52:57,P,1.315,22.15,27.29
b828974d,2026-09-16 12:52:57,P,1.403,22.03,27.29
b828974d,2026-09-16 12:52:57,P,1.49,22.03,27.29
b828974d,2026-09-16 12:52:57,P,1.578,22.42,27.29
b828974d,2026-09-16 12:52:57,P,1.665,22.68,28.04
b828974d,2026-09-16 12:52:57,P,1.753,23.1,28.04
b828974d,2026-09-16 12:52:57,P,1.84,23.8,28.22
b828974d,2026-09-16 12:52:57,P,1.928,24.41,28.22
b828974d,2026-09-16 12:52:57,P,2.016,25.56,28.15
b828974d,2026-09-16 12:52:57,P,2.104,26.71,28.15
b828974d,2026-09-16 12:52:57,P,2.191,27.34,27.68
b828974d,2026-09-16 12:52:57,P,2.279,27.34,26.32
b828974d,2026-09-16 12:52:57,P,2.367,27.91,26.15
b828974d,2026-09-16 12:52:57,P,2.454,27.91,25.82
b828974d,2026-09-16 12:52:57,P,2.542,27.13,24.99
b828974d,2026-09-16 12:52:57,P,2.629,27.03,24.23
b828974d,2026-09-16 12:52:57,P,2.717,26.43,23.99
b828974d,2026-09-16 12:52:57,P,2.805,25.99,23.99
b828974d,2026-09-16 12:52:57,P,2.892,25.77,23.86
b828974d,2026-09-16 12:52:57,P,2.98,24.59,23.94
b828974d,2026-09-16 12:52:57,P,3.067,24.32,23.94
b828974d,2026-09-16 12:52:57,P,3.155,24.02,23.98
b828974d,2026-09-16 12:52:57,P,3.242,23.89,23.98
b828974d,2026-09-16 12:52:57,P,3.33,23.89,23.98
b828974d,2026-09-16 12:52:57,P,3.418,23.66,23.98
b828974d,2026-09-16 12:52:57,P,3.505,23.66,23.98
b828974d,2026-09-16 12:52:57,P,3.599,23.66,24.51
b828974d,2026-09-16 12:52:57,P,3.692,23.66,24.51
2b6fdeed,2026-09-16 12:53:07,P,0.0,24.87,21.13
2b6fdeed,2026-09-16 12:53:07,P,0.088,24.45,21.53
2b6fdeed,2026-09-16 12:53:07,P,0.175,24.36,21.77
2b6fdeed,2026-09-16 12:53:07,P,0.263,24.32,21.89
2b6fdeed,2026-09-16 12:53:07,P,0.351,24.05,21.91
2b6fdeed,2026-09-16 12:53:07,P,0.438,24.05,21.98
2b6fdeed,2026-09-16 12:53:07,P,0.525,23.95,21.75
2b6fdeed,2026-09-16 12:53:07,P,0.614,24.05,21.59
2b6fdeed,2026-09-16 12:53:07,P,0.701,23.91,21.59
2b6fdeed,2026-09-16 12:53:07,P,0.788,23.65,21.43
2b6fdeed,2026-09-16 12:53:07,P,0.876,23.88,21.43
2b6fdeed,2026-09-16 12:53:07,P,0.964,23.88,21.43
2b6fdeed,2026-09-16 12:53:07,P,1.052,23.84,22.18
2b6fdeed,2026-09-16 12:53:07,P,1.139,23.84,23.05
2b6fdeed,2026-09-16 12:53:07,P,1.226,23.75,23.26
2b6fdeed,2026-09-16 12:53:07,P,1.314,23.63,24.5
2b6fdeed,2026-09-16 12:53:07,P,1.402,23.21,26.24
2b6fdeed,2026-09-16 12:53:07,P,1.489,23.17,26.72
2b6fdeed,2026-09-16 12:53:07,P,1.577,23.17,27.14
2b6fdeed,2026-09-16 12:53:07,P,1.665,22.17,28.04
2b6fdeed,2026-09-16 12:53:07,P,1.752,23.46,28.04
2b6fdeed,2026-09-16 12:53:07,P,1.84,23.46,27.99
2b6fdeed,2026-09-16 12:53:07,P,1.928,23.51,27.88
2b6fdeed,2026-09-16 12:53:07,P,2.015,23.51,27.88
2b6fdeed,2026-09-16 12:53:07,P,2.103,23.79,27.88
2b6fdeed,2026-09-16 12:53:07,P,2.19,23.79,28.07
2b6fdeed,2026-09-16 12:53:07,P,2.278,23.79,28.23
2b6fdeed,2026-09-16 12:53:07,P,2.366,23.92,28.35
2b6fdeed,2026-09-16 12:53:07,P,2.453,24.15,28.4
2b6fdeed,2026-09-16 12:53:07,P,2.541,24.72,29.26
2b6fdeed,2026-09-16 12:53:07,P,2.628,25.24,29.48
2b6fdeed,2026-09-16 12:53:07,P,2.717,26.76,29.64
2b6fdeed,2026-09-16 12:53:07,P,2.804,27.81,29.81
2b6fdeed,2026-09-16 12:53:07,P,2.892,29.15,29.58
2b6fdeed,2026-09-16 12:53:07,P,2.979,29.15,29.26
2b6fdeed,2026-09-16 12:53:07,P,3.068,29.15,28.89
2b6fdeed,2026-09-16 12:53:07,P,3.155,29.15,27.6
2b6fdeed,2026-09-16 12:53:07,P,3.243,29.15,27.55
2b6fdeed,2026-09-16 12:53:07,P,3.331,30.18,27.5
2b6fdeed,2026-09-16 12:53:07,P,3.419,29.5,26.71
2b6fdeed,2026-09-16 12:53:07,P,3.506,29.29,26.42
2b6fdeed,2026-09-16 12:53:07,P,3.594,29.06,26.42
2b6fdeed,2026-09-16 12:53:07,P,3.681,28.91,26.37
2b6fdeed,2026-09-16 12:53:07,P,3.769,27.25,26.42
2b6fdeed,2026-09-16 12:53:07,P,3.856,26.8,26.51
2b6fdeed,2026-09-16 12:53:07,P,3.944,26.44,26.51
2b6fdeed,2026-09-16 12:53:07,P,4.031,26.17,26.51
2b6fdeed,2026-09-16 12:53:07,P,4.119,26.02,26.55
2b6fdeed,2026-09-16 12:53:07,P,4.206,25.69,26.65
2b6fdeed,2026-09-16 12:53:07,P,4.294,25.69,26.65
2b6fdeed,2026-09-16 12:53:07,P,4.382,25.69,26.65
2b6fdeed,2026-09-16 12:53:07,P,4.469,25.78,26.47
2b6fdeed,2026-09-16 12:53:07,P,4.557,25.69,26.47
2b6fdeed,2026-09-16 12:53:07,P,4.645,25.69,26.47
2b6fdeed,2026-09-16 12:53:07,P,4.732,25.69,26.57
2b6fdeed,2026-09-16 12:53:07,P,4.82,25.67,26.57
2b6fdeed,2026-09-16 12:53:07,P,4.907,25.67,26.57
2b6fdeed,2026-09-16 12:53:07,P,4.996,25.67,26.28
2b6fdeed,2026-09-16 12:53:07,P,5.089,25.67,26.28
7433037a,2026-09-16 12:53:16,P,0.0,22.44,19.78
7433037a,2026-09-16 12:53:16,P,0.088,22.87,19.77
7433037a,2026-09-16 12:53:16,P,0.175,22.72,19.96
7433037a,2026-09-16 12:53:16,P,0.264,22.82,20.06
7433037a,2026-09-16 12:53:16,P,0.351,23.03,20.14
7433037a,2026-09-16 12:53:16,P,0.438,23.91,20.76
7433037a,2026-09-16 12:53:16,P,0.526,23.73,20.93
7433037a,2026-09-16 12:53:16,P,0.614,23.52,20.93
7433037a,2026-09-16 12:53:16,P,0.701,23.52,21.1
7433037a,2026-09-16 12:53:16,P,0.789,23.6,21.31
7433037a,2026-09-16 12:53:16,P,0.876,23.33,21.21
7433037a,2026-09-16 12:53:16,P,0.964,23.07,21.47
7433037a,2026-09-16 12:53:16,P,1.052,23.07,21.91
7433037a,2026-09-16 12:53:16,P,1.139,22.95,22.62
7433037a,2026-09-16 12:53:16,P,1.227,22.7,23.01
7433037a,2026-09-16 12:53:16,P,1.315,22.46,23.18
7433037a,2026-09-16 12:53:16,P,1.403,22.66,24.2
7433037a,2026-09-16 12:53:16,P,1.491,22.61,25.94
7433037a,2026-09-16 12:53:16,P,1.578,22.65,26.96
7433037a,2026-09-16 12:53:16,P,1.665,22.61,27.3
7433037a,2026-09-16 12:53:16,P,1.753,22.85,27.64
7433037a,2026-09-16 12:53:16,P,1.841,22.36,27.79
7433037a,2026-09-16 12:53:16,P,1.928,22.94,27.84
7433037a,2026-09-16 12:53:16,P,2.016,22.85,27.97
7433037a,2026-09-16 12:53:16,P,2.103,23.13,27.92
7433037a,2026-09-16 12:53:16,P,2.191,23.13,28.08
7433037a,2026-09-16 12:53:16,P,2.278,23.35,28.13
7433037a,2026-09-16 12:53:16,P,2.366,24.02,28.23
7433037a,2026-09-16 12:53:16,P,2.454,24.46,28.23
7433037a,2026-09-16 12:53:16,P,2.541,25.02,28.23
7433037a,2026-09-16 12:53:16,P,2.629,25.43,28.4
7433037a,2026-09-16 12:53:16,P,2.716,26.62,28.35
7433037a,2026-09-16 12:53:16,P,2.804,27.02,28.28
7433037a,2026-09-16 12:53:16,P,2.892,27.26,27.67
7433037a,2026-09-16 12:53:16,P,2.979,27.71,27.57
7433037a,2026-09-16 12:53:16,P,3.067,27.81,27.19
7433037a,2026-09-16 12:53:16,P,3.154,27.71,27.14
7433037a,2026-09-16 12:53:16,P,3.242,27.71,26.7
7433037a,2026-09-16 12:53:16,P,3.329,27.56,27.01
7433037a,2026-09-16 12:53:16,P,3.417,27.09,26.88
7433037a,2026-09-16 12:53:16,P,3.505,26.85,26.79
7433037a,2026-09-16 12:53:16,P,3.592,26.85,26.65
7433037a,2026-09-16 12:53:16,P,3.68,26.59,26.61
7433037a,2026-09-16 12:53:16,P,3.767,25.92,26.16
7433037a,2026-09-16 12:53:16,P,3.855,25.69,25.32
7433037a,2026-09-16 12:53:16,P,3.943,25.29,25.45
7433037a,2026-09-16 12:53:16,P,4.031,24.98,25.73
7433037a,2026-09-16 12:53:16,P,4.117,24.59,25.45
7433037a,2026-09-16 12:53:16,P,4.205,24.15,25.73
7433037a,2026-09-16 12:53:16,P,4.293,23.75,26.06
7433037a,2026-09-16 12:53:16,P,4.38,23.63,26.06
7433037a,2026-09-16 12:53:16,P,4.468,23.34,25.78
7433037a,2026-09-16 12:53:16,P,4.555,23.13,26.0
7433037a,2026-09-16 12:53:16,P,4.643,22.99,25.73
7433037a,2026-09-16 12:53:16,P,4.731,22.99,25.68
7433037a,2026-09-16 12:53:16,P,4.818,22.8,25.68
7433037a,2026-09-16 12:53:16,P,4.907,22.99,25.45
7433037a,2026-09-16 12:53:16,P,4.997,22.99,25.36
6bd261d3,2026-09-16 12:53:26,P,0.0,23.35,21.59
6bd261d3,2026-09-16 12:53:26,P,0.088,23.14,21.45
6bd261d3,2026-09-16 12:53:26,P,0.175,22.84,21.56
6bd261d3,2026-09-16 12:53:26,P,0.263,22.84,22.21
6bd261d3,2026-09-16 12:53:26,P,0.351,22.8,22.3
6bd261d3,2026-09-16 12:53:26,P,0.439,22.51,22.18
6bd261d3,2026-09-16 12:53:26,P,0.526,22.46,22.03
6bd261d3,2026-09-16 12:53:26,P,0.614,22.5,21.7
6bd261d3,2026-09-16 12:53:26,P,0.702,22.63,21.43
6bd261d3,2026-09-16 12:53:26,P,0.789,22.67,20.98
6bd261d3,2026-09-16 12:53:26,P,0.877,22.37,20.42
6bd261d3,2026-09-16 12:53:26,P,0.965,22.45,20.25
6bd261d3,2026-09-16 12:53:26,P,1.053,22.25,20.64
6bd261d3,2026-09-16 12:53:26,P,1.141,22.16,20.64
6bd261d3,2026-09-16 12:53:26,P,1.228,22.0,21.28
6bd261d3,2026-09-16 12:53:26,P,1.316,21.46,22.26
6bd261d3,2026-09-16 12:53:26,P,1.403,22.64,22.71
6bd261d3,2026-09-16 12:53:26,P,1.491,22.62,23.38
6bd261d3,2026-09-16 12:53:26,P,1.578,22.54,24.78
6bd261d3,2026-09-16 12:53:26,P,1.666,22.42,26.5
6bd261d3,2026-09-16 12:53:26,P,1.754,22.42,26.96
6bd261d3,2026-09-16 12:53:26,P,1.842,22.42,27.44
6bd261d3,2026-09-16 12:53:26,P,1.929,22.18,27.65
6bd261d3,2026-09-16 12:53:26,P,2.016,22.18,27.9
6bd261d3,2026-09-16 12:53:26,P,2.104,22.57,28.24
6bd261d3,2026-09-16 12:53:26,P,2.192,22.49,28.38
6bd261d3,2026-09-16 12:53:26,P,2.279,22.53,28.54
6bd261d3,2026-09-16 12:53:26,P,2.367,22.49,28.38
6bd261d3,2026-09-16 12:53:26,P,2.454,22.44,28.5
6bd261d3,2026-09-16 12:53:26,P,2.542,22.23,28.25
6bd261d3,2026-09-16 12:53:26,P,2.63,21.58,28.25
6bd261d3,2026-09-16 12:53:26,P,2.718,21.09,28.25
6bd261d3,2026-09-16 12:53:26,P,2.805,21.13,28.25
6bd261d3,2026-09-16 12:53:26,P,2.894,21.25,29.26
6bd261d3,2026-09-16 12:53:26,P,2.981,22.58,29.26
6bd261d3,2026-09-16 12:53:26,P,3.068,23.67,29.2
6bd261d3,2026-09-16 12:53:26,P,3.156,25.13,29.26
6bd261d3,2026-09-16 12:53:26,P,3.243,25.4,29.32
6bd261d3,2026-09-16 12:53:26,P,3.331,25.85,28.88
6bd261d3,2026-09-16 12:53:26,P,3.419,26.88,28.78
6bd261d3,2026-09-16 12:53:26,P,3.507,27.09,28.45
6bd261d3,2026-09-16 12:53:26,P,3.594,27.14,27.97
6bd261d3,2026-09-16 12:53:26,P,3.681,27.14,27.62
6bd261d3,2026-09-16 12:53:26,P,3.769,27.14,27.37
6bd261d3,2026-09-16 12:53:26,P,3.857,27.09,26.84
6bd261d3,2026-09-16 12:53:26,P,3.944,26.59,26.78
6bd261d3,2026-09-16 12:53:26,P,4.032,26.22,26.82
6bd261d3,2026-09-16 12:53:26,P,4.119,25.82,26.83
6bd261d3,2026-09-16 12:53:26,P,4.207,25.56,26.87
6bd261d3,2026-09-16 12:53:26,P,4.294,25.3,26.87
6bd261d3,2026-09-16 12:53:26,P,4.382,24.86,27.42
6bd261d3,2026-09-16 12:53:26,P,4.47,24.59,27.47
6bd261d3,2026-09-16 12:53:26,P,4.558,24.46,27.42
6bd261d3,2026-09-16 12:53:26,P,4.645,24.28,27.42
6bd261d3,2026-09-16 12:53:26,P,4.732,24.23,26.87
6bd261d3,2026-09-16 12:53:26,P,4.821,24.05,26.87
6bd261d3,2026-09-16 12:53:26,P,4.907,23.74,26.52
6bd261d3,2026-09-16 12:53:26,P,4.995,23.16,26.57
6bd261d3,2026-09-16 12:53:26,P,5.083,22.85,26.66
6bd261d3,2026-09-16 12:53:26,P,5.171,22.73,26.66
6bd261d3,2026-09-16 12:53:26,P,5.258,22.82,26.66
6bd261d3,2026-09-16 12:53:26,P,5.345,22.73,26.93
6bd261d3,2026-09-16 12:53:26,P,5.433,22.61,27.07
6bd261d3,2026-09-16 12:53:26,P,5.521,22.33,26.97
6bd261d3,2026-09-16 12:53:26,P,5.61,22.28,27.07
6bd261d3,2026-09-16 12:53:26,P,5.7,22.28,27.07
15956918,2026-09-16 12:53:35,P,0.0,24.32,21.08
15956918,2026-09-16 12:53:35,P,0.088,23.83,20.73
15956918,2026-09-16 12:53:35,P,0.175,23.69,21.08
15956918,2026-09-16 12:53:35,P,0.263,23.52,21.36
15956918,2026-09-16 12:53:35,P,0.351,22.97,21.36
15956918,2026-09-16 12:53:35,P,0.439,22.5,22.53
15956918,2026-09-16 12:53:35,P,0.527,22.42,22.58
15956918,2026-09-16 12:53:35,P,0.614,22.34,22.53
15956918,2026-09-16 12:53:35,P,0.701,22.34,22.21
15956918,2026-09-16 12:53:35,P,0.789,22.48,22.13
15956918,2026-09-16 12:53:35,P,0.877,22.48,22.13
15956918,2026-09-16 12:53:35,P,0.965,22.48,21.81
15956918,2026-09-16 12:53:35,P,1.053,21.62,21.08
15956918,2026-09-16 12:53:35,P,1.141,21.62,21.81
15956918,2026-09-16 12:53:35,P,1.228,21.62,21.86
15956918,2026-09-16 12:53:35,P,1.316,22.48,21.86
15956918,2026-09-16 12:53:35,P,1.403,22.25,22.29
15956918,2026-09-16 12:53:35,P,1.491,22.02,22.96
15956918,2026-09-16 12:53:35,P,1.578,22.02,23.73
15956918,2026-09-16 12:53:35,P,1.666,22.02,24.39
15956918,2026-09-16 12:53:35,P,1.754,21.72,25.22
15956918,2026-09-16 12:53:35,P,1.841,21.72,26.24
15956918,2026-09-16 12:53:35,P,1.929,21.61,26.89
15956918,2026-09-16 12:53:35,P,2.016,21.3,27.24
15956918,2026-09-16 12:53:35,P,2.104,21.3,28.0
15956918,2026-09-16 12:53:35,P,2.192,21.05,28.1
15956918,2026-09-16 12:53:35,P,2.28,20.62,28.1
15956918,2026-09-16 12:53:35,P,2.367,20.57,28.86
15956918,2026-09-16 12:53:35,P,2.455,20.62,29.41
15956918,2026-09-16 12:53:35,P,2.543,20.62,29.47
15956918,2026-09-16 12:53:35,P,2.631,20.73,30.21
15956918,2026-09-16 12:53:35,P,2.718,20.84,30.21
15956918,2026-09-16 12:53:35,P,2.806,21.31,30.21
15956918,2026-09-16 12:53:35,P,2.894,21.51,29.59
15956918,2026-09-16 12:53:35,P,2.981,22.06,29.81
15956918,2026-09-16 12:53:35,P,3.069,21.79,29.96
15956918,2026-09-16 12:53:35,P,3.157,22.6,29.9
15956918,2026-09-16 12:53:35,P,3.244,23.24,29.9
15956918,2026-09-16 12:53:35,P,3.332,23.87,29.9
15956918,2026-09-16 12:53:35,P,3.42,24.68,29.9
15956918,2026-09-16 12:53:35,P,3.507,25.24,29.52
15956918,2026-09-16 12:53:35,P,3.595,25.72,29.2
15956918,2026-09-16 12:53:35,P,3.682,26.09,29.2
15956918,2026-09-16 12:53:35,P,3.77,26.05,29.2
15956918,2026-09-16 12:53:35,P,3.857,25.81,28.7
15956918,2026-09-16 12:53:35,P,3.945,25.67,27.34
15956918,2026-09-16 12:53:35,P,4.032,25.42,26.91
15956918,2026-09-16 12:53:35,P,4.12,25.03,26.55
15956918,2026-09-16 12:53:35,P,4.208,24.81,26.55
15956918,2026-09-16 12:53:35,P,4.296,24.32,26.27
15956918,2026-09-16 12:53:35,P,4.383,24.32,26.09
15956918,2026-09-16 12:53:35,P,4.47,24.32,26.09
15956918,2026-09-16 12:53:35,P,4.558,24.01,26.14
15956918,2026-09-16 12:53:35,P,4.646,23.66,26.1
15956918,2026-09-16 12:53:35,P,4.734,23.08,26.57
15956918,2026-09-16 12:53:35,P,4.821,22.94,26.57
15956918,2026-09-16 12:53:35,P,4.909,22.76,26.87
15956918,2026-09-16 12:53:35,P,4.996,22.57,26.87
15956918,2026-09-16 12:53:35,P,5.083,22.36,26.82
15956918,2026-09-16 12:53:35,P,5.171,22.16,26.42
15956918,2026-09-16 12:53:35,P,5.259,22.07,26.15
15956918,2026-09-16 12:53:35,P,5.346,22.28,25.45
15956918,2026-09-16 12:53:35,P,5.436,22.28,25.45
15956918,2026-09-16 12:53:35,P,5.526,22.89,24.66
f9849ae0,2026-09-16 12:53:47,P,0.0,20.73,21.73
f9849ae0,2026-09-16 12:53:47,P,0.088,20.92,22.41
f9849ae0,2026-09-16 12:53:47,P,0.175,21.1,22.49
f9849ae0,2026-09-16 12:53:47,P,0.262,21.47,22.58
f9849ae0,2026-09-16 12:53:47,P,0.35,21.57,22.46
f9849ae0,2026-09-16 12:53:47,P,0.438,21.57,22.46
f9849ae0,2026-09-16 12:53:47,P,0.525,21.72,22.46
f9849ae0,2026-09-16 12:53:47,P,0.613,21.84,22.13
f9849ae0,2026-09-16 12:53:47,P,0.701,22.18,21.93
f9849ae0,2026-09-16 12:53:47,P,0.789,22.23,22.09
f9849ae0,2026-09-16 12:53:47,P,0.876,22.25,22.13
f9849ae0,2026-09-16 12:53:47,P,0.964,22.3,22.53
f9849ae0,2026-09-16 12:53:47,P,1.051,22.3,23.31
f9849ae0,2026-09-16 12:53:47,P,1.138,22.18,23.97
f9849ae0,2026-09-16 12:53:47,P,1.226,22.13,24.71
f9849ae0,2026-09-16 12:53:47,P,1.314,22.13,25.23
f9849ae0,2026-09-16 12:53:47,P,1.402,22.02,26.0
f9849ae0,2026-09-16 12:53:47,P,1.489,20.4,27.27
f9849ae0,2026-09-16 12:53:47,P,1.577,20.55,28.09
f9849ae0,2026-09-16 12:53:47,P,1.665,20.4,28.92
f9849ae0,2026-09-16 12:53:47,P,1.753,20.72,29.18
f9849ae0,2026-09-16 12:53:47,P,1.84,21.31,29.26
f9849ae0,2026-09-16 12:53:47,P,1.927,21.68,29.63
f9849ae0,2026-09-16 12:53:47,P,2.015,21.56,30.01
f9849ae0,2026-09-16 12:53:47,P,2.103,21.68,29.85
f9849ae0,2026-09-16 12:53:47,P,2.19,21.87,30.01
f9849ae0,2026-09-16 12:53:47,P,2.278,21.87,30.35
f9849ae0,2026-09-16 12:53:47,P,2.366,21.87,30.52
f9849ae0,2026-09-16 12:53:47,P,2.454,21.92,30.58
f9849ae0,2026-09-16 12:53:47,P,2.541,21.95,30.58
f9849ae0,2026-09-16 12:53:47,P,2.629,21.98,30.58
f9849ae0,2026-09-16 12:53:47,P,2.716,22.03,30.52
f9849ae0,2026-09-16 12:53:47,P,2.804,22.15,30.52
f9849ae0,2026-09-16 12:53:47,P,2.891,22.36,29.9
f9849ae0,2026-09-16 12:53:47,P,2.979,22.65,29.9
f9849ae0,2026-09-16 12:53:47,P,3.067,23.78,29.94
f9849ae0,2026-09-16 12:53:47,P,3.154,24.18,29.78
f9849ae0,2026-09-16 12:53:47,P,3.242,24.99,30.01
f9849ae0,2026-09-16 12:53:47,P,3.329,25.25,30.24
f9849ae0,2026-09-16 12:53:47,P,3.417,25.7,29.98
f9849ae0,2026-09-16 12:53:47,P,3.505,25.83,29.98
f9849ae0,2026-09-16 12:53:47,P,3.592,26.16,29.98
f9849ae0,2026-09-16 12:53:47,P,3.68,26.21,29.47
f9849ae0,2026-09-16 12:53:47,P,3.768,26.16,29.41
f9849ae0,2026-09-16 12:53:47,P,3.855,26.16,27.99
f9849ae0,2026-09-16 12:53:47,P,3.943,26.41,28.05
f9849ae0,2026-09-16 12:53:47,P,4.031,26.41,28.05
f9849ae0,2026-09-16 12:53:47,P,4.118,26.31,27.59
f9849ae0,2026-09-16 12:53:47,P,4.206,25.95,27.88
f9849ae0,2026-09-16 12:53:47,P,4.293,25.56,27.88
f9849ae0,2026-09-16 12:53:47,P,4.381,24.86,27.02
f9849ae0,2026-09-16 12:53:47,P,4.468,24.72,26.87
f9849ae0,2026-09-16 12:53:47,P,4.556,24.68,27.02
f9849ae0,2026-09-16 12:53:47,P,4.644,24.41,26.82
f9849ae0,2026-09-16 12:53:47,P,4.731,24.15,26.82
f9849ae0,2026-09-16 12:53:47,P,4.819,23.33,26.82
f9849ae0,2026-09-16 12:53:47,P,4.907,23.21,26.82
f9849ae0,2026-09-16 12:53:47,P,4.994,22.97,26.82
f9849ae0,2026-09-16 12:53:47,P,5.082,22.84,26.82
f9849ae0,2026-09-16 12:53:47,P,5.17,22.84,26.73
f9849ae0,2026-09-16 12:53:47,P,5.258,22.8,26.73
f9849ae0,2026-09-16 12:53:47,P,5.344,22.68,26.73
f9849ae0,2026-09-16 12:53:47,P,5.433,22.8,26.73
f9849ae0,2026-09-16 12:53:47,P,5.52,22.94,26.68
f9849ae0,2026-09-16 12:53:47,P,5.607,23.06,26.55
f9849ae0,2026-09-16 12:53:47,P,5.695,23.22,26.28
f9849ae0,2026-09-16 12:53:47,P,5.782,23.36,26.43
f9849ae0,2026-09-16 12:53:47,P,5.87,23.36,26.43
f9849ae0,2026-09-16 12:53:47,P,5.957,23.2,26.69
f9849ae0,2026-09-16 12:53:47,P,6.045,23.11,26.74
f9849ae0,2026-09-16 12:53:47,P,6.133,23.11,26.74
f9849ae0,2026-09-16 12:53:47,P,6.221,23.22,27.6
f9849ae0,2026-09-16 12:53:47,P,6.31,23.22,26.96
f9849ae0,2026-09-16 12:53:47,P,6.401,23.22,27.27
a2264043,2026-09-16 12:53:59,P,0.0,20.89,22.76
a2264043,2026-09-16 12:53:59,P,0.088,20.89,22.45
a2264043,2026-09-16 12:53:59,P,0.175,20.96,22.0
a2264043,2026-09-16 12:53:59,P,0.263,21.0,21.69
a2264043,2026-09-16 12:53:59,P,0.351,21.15,21.54
a2264043,2026-09-16 12:53:59,P,0.438,21.81,21.21
a2264043,2026-09-16 12:53:59,P,0.526,21.5,20.98
a2264043,2026-09-16 12:53:59,P,0.614,21.89,20.42
a2264043,2026-09-16 12:53:59,P,0.702,21.81,20.53
a2264043,2026-09-16 12:53:59,P,0.789,21.81,20.53
a2264043,2026-09-16 12:53:59,P,0.877,21.38,21.09
a2264043,2026-09-16 12:53:59,P,0.965,21.69,21.5
a2264043,2026-09-16 12:53:59,P,1.052,21.68,21.7
a2264043,2026-09-16 12:53:59,P,1.14,21.56,22.26
a2264043,2026-09-16 12:53:59,P,1.228,21.41,23.07
a2264043,2026-09-16 12:53:59,P,1.316,21.41,25.03
a2264043,2026-09-16 12:53:59,P,1.403,21.57,26.32
a2264043,2026-09-16 12:53:59,P,1.491,21.16,26.84
a2264043,2026-09-16 12:53:59,P,1.579,21.42,27.75
a2264043,2026-09-16 12:53:59,P,1.666,21.42,28.05
a2264043,2026-09-16 12:53:59,P,1.754,21.83,28.5
a2264043,2026-09-16 12:53:59,P,1.841,21.3,28.78
a2264043,2026-09-16 12:53:59,P,1.929,21.56,28.93
a2264043,2026-09-16 12:53:59,P,2.017,21.61,28.93
a2264043,2026-09-16 12:53:59,P,2.104,21.41,29.04
a2264043,2026-09-16 12:53:59,P,2.192,21.41,29.05
a2264043,2026-09-16 12:53:59,P,2.279,21.47,28.82
a2264043,2026-09-16 12:53:59,P,2.367,21.57,28.92
a2264043,2026-09-16 12:53:59,P,2.454,21.87,29.24
a2264043,2026-09-16 12:53:59,P,2.542,22.22,29.43
a2264043,2026-09-16 12:53:59,P,2.63,22.63,29.59
a2264043,2026-09-16 12:53:59,P,2.717,23.51,29.59
a2264043,2026-09-16 12:53:59,P,2.805,23.87,29.76
a2264043,2026-09-16 12:53:59,P,2.893,24.95,29.67
a2264043,2026-09-16 12:53:59,P,2.981,25.61,30.32
a2264043,2026-09-16 12:53:59,P,3.068,26.31,29.59
a2264043,2026-09-16 12:53:59,P,3.156,27.26,29.32
a2264043,2026-09-16 12:53:59,P,3.244,26.79,28.12
a2264043,2026-09-16 12:53:59,P,3.332,26.95,28.12
a2264043,2026-09-16 12:53:59,P,3.419,27.14,27.45
a2264043,2026-09-16 12:53:59,P,3.506,27.14,27.09
a2264043,2026-09-16 12:53:59,P,3.594,26.91,26.91
a2264043,2026-09-16 12:53:59,P,3.682,27.01,26.3
a2264043,2026-09-16 12:53:59,P,3.77,26.86,25.73
a2264043,2026-09-16 12:53:59,P,3.858,26.82,25.73
a2264043,2026-09-16 12:53:59,P,3.945,26.61,25.87
a2264043,2026-09-16 12:53:59,P,4.033,25.99,25.87
a2264043,2026-09-16 12:53:59,P,4.12,25.3,25.87
a2264043,2026-09-16 12:53:59,P,4.208,25.25,25.64
a2264043,2026-09-16 12:53:59,P,4.296,25.08,25.64
a2264043,2026-09-16 12:53:59,P,4.384,24.85,26.0
a2264043,2026-09-16 12:53:59,P,4.471,24.23,26.98
a2264043,2026-09-16 12:53:59,P,4.559,24.23,26.0
a2264043,2026-09-16 12:53:59,P,4.647,24.06,26.38
a2264043,2026-09-16 12:53:59,P,4.734,23.97,26.85
a2264043,2026-09-16 12:53:59,P,4.822,23.88,26.9
a2264043,2026-09-16 12:53:59,P,4.909,23.84,26.25
a2264043,2026-09-16 12:53:59,P,4.997,23.63,26.3
a2264043,2026-09-16 12:53:59,P,5.084,23.5,26.3
a2264043,2026-09-16 12:53:59,P,5.172,23.84,25.32
a2264043,2026-09-16 12:53:59,P,5.26,23.5,25.22
a2264043,2026-09-16 12:53:59,P,5.348,23.5,25.32
a2264043,2026-09-16 12:53:59,P,5.435,23.5,25.22
a2264043,2026-09-16 12:53:59,P,5.522,23.63,24.55
a2264043,2026-09-16 12:53:59,P,5.61,23.63,24.55
a2264043,2026-09-16 12:53:59,P,5.698,23.67,25.45
a2264043,2026-09-16 12:53:59,P,5.785,23.67,25.32
a2264043,2026-09-16 12:53:59,P,5.873,23.76,25.32
a2264043,2026-09-16 12:53:59,P,5.961,23.76,25.36
a2264043,2026-09-16 12:53:59,P,6.048,23.89,25.45
a2264043,2026-09-16 12:53:59,P,6.137,23.75,25.45
a2264043,2026-09-16 12:53:59,P,6.232,23.75,25.45
1280a6f1,2026-09-16 14:04:49,S,0.0,27.22,25.25
1280a6f1,2026-09-16 14:04:49,S,0.088,27.23,25.93
1280a6f1,2026-09-16 14:04:49,S,0.175,27.82,27.16
1280a6f1,2026-09-16 14:04:49,S,0.262,28.24,27.3
1280a6f1,2026-09-16 14:04:49,S,0.35,28.69,27.16
1280a6f1,2026-09-16 14:04:49,S,0.438,29.01,27.75
1280a6f1,2026-09-16 14:04:49,S,0.526,29.01,27.04
1280a6f1,2026-09-16 14:04:49,S,0.613,29.23,26.99
1280a6f1,2026-09-16 14:04:49,S,0.701,29.15,26.99
1280a6f1,2026-09-16 14:04:49,S,0.788,29.15,26.99
1280a6f1,2026-09-16 14:04:49,S,0.876,28.87,26.99
1280a6f1,2026-09-16 14:04:49,S,0.964,29.28,26.99
1280a6f1,2026-09-16 14:04:49,S,1.051,29.51,26.99
1280a6f1,2026-09-16 14:04:49,S,1.14,29.96,26.99
1280a6f1,2026-09-16 14:04:49,S,1.227,29.96,27.61
1280a6f1,2026-09-16 14:04:49,S,1.315,29.72,27.61
1280a6f1,2026-09-16 14:04:49,S,1.402,28.5,27.61
1280a6f1,2026-09-16 14:04:49,S,1.49,28.5,27.14
1280a6f1,2026-09-16 14:04:49,S,1.577,27.98,26.83
1280a6f1,2026-09-16 14:04:49,S,1.665,27.51,27.0
1280a6f1,2026-09-16 14:04:49,S,1.752,26.85,27.0
1280a6f1,2026-09-16 14:04:49,S,1.84,26.85,27.1
1280a6f1,2026-09-16 14:04:49,S,1.928,26.46,27.7
1280a6f1,2026-09-16 14:04:49,S,2.015,25.95,27.57
1280a6f1,2026-09-16 14:04:49,S,2.102,25.95,27.53
1280a6f1,2026-09-16 14:04:49,S,2.19,25.28,25.5
1280a6f1,2026-09-16 14:04:49,S,2.278,25.28,25.23
1280a6f1,2026-09-16 14:04:49,S,2.365,25.02,24.73
1280a6f1,2026-09-16 14:04:49,S,2.453,25.02,24.02
1280a6f1,2026-09-16 14:04:49,S,2.541,25.53,23.83
1280a6f1,2026-09-16 14:04:49,S,2.629,25.66,22.98
1280a6f1,2026-09-16 14:04:49,S,2.715,25.78,22.9
1280a6f1,2026-09-16 14:04:49,S,2.803,27.22,22.26
1280a6f1,2026-09-16 14:04:49,S,2.891,27.56,22.02
1280a6f1,2026-09-16 14:04:49,S,2.978,28.18,22.68
1280a6f1,2026-09-16 14:04:49,S,3.066,29.45,22.64
1280a6f1,2026-09-16 14:04:49,S,3.154,30.07,22.17
1280a6f1,2026-09-16 14:04:49,S,3.242,30.18,22.21
1280a6f1,2026-09-16 14:04:49,S,3.329,29.71,22.21
1280a6f1,2026-09-16 14:04:49,S,3.417,30.31,22.0
1280a6f1,2026-09-16 14:04:49,S,3.505,30.14,21.92
1280a6f1,2026-09-16 14:04:49,S,3.593,29.85,21.7
1280a6f1,2026-09-16 14:04:49,S,3.68,30.0,21.53
1280a6f1,2026-09-16 14:04:49,S,3.768,30.0,20.98
1280a6f1,2026-09-16 14:04:49,S,3.856,29.61,20.7
1280a6f1,2026-09-16 14:04:49,S,3.943,29.04,20.18
1280a6f1,2026-09-16 14:04:49,S,4.031,29.04,20.18
1280a6f1,2026-09-16 14:04:49,S,4.119,28.61,20.06
1280a6f1,2026-09-16 14:04:49,S,4.207,28.24,19.9
1280a6f1,2026-09-16 14:04:49,S,4.294,28.23,19.59
1280a6f1,2026-09-16 14:04:49,S,4.382,27.95,19.59
1280a6f1,2026-09-16 14:04:49,S,4.47,27.24,19.29
1280a6f1,2026-09-16 14:04:49,S,4.558,26.67,19.29
1280a6f1,2026-09-16 14:04:49,S,4.645,26.26,19.29
1280a6f1,2026-09-16 14:04:49,S,4.733,25.3,19.29
1280a6f1,2026-09-16 14:04:49,S,4.821,25.21,19.29
1280a6f1,2026-09-16 14:04:49,S,4.908,24.93,19.37
1280a6f1,2026-09-16 14:04:49,S,4.996,24.93,19.34
1280a6f1,2026-09-16 14:04:49,S,5.084,24.45,19.34
1280a6f1,2026-09-16 14:04:49,S,5.171,24.45,19.4
1280a6f1,2026-09-16 14:04:49,S,5.259,24.59,19.4
1280a6f1,2026-09-16 14:04:49,S,5.347,24.59,19.47
1280a6f1,2026-09-16 14:04:49,S,5.434,24.32,19.47
1280a6f1,2026-09-16 14:04:49,S,5.522,24.55,19.47
1280a6f1,2026-09-16 14:04:49,S,5.611,24.55,19.47
1280a6f1,2026-09-16 14:04:49,S,5.701,24.55,19.57
c040350a,2026-09-16 14:05:14,S,0.0,26.45,24.4
c040350a,2026-09-16 14:05:14,S,0.089,27.96,25.45
c040350a,2026-09-16 14:05:14,S,0.176,26.91,25.35
c040350a,2026-09-16 14:05:14,S,0.264,27.43,25.5
c040350a,2026-09-16 14:05:14,S,0.351,27.1,25.55
c040350a,2026-09-16 14:05:14,S,0.439,26.61,26.08
c040350a,2026-09-16 14:05:14,S,0.527,26.61,26.86
c040350a,2026-09-16 14:05:14,S,0.614,27.4,26.86
c040350a,2026-09-16 14:05:14,S,0.702,26.95,26.64
c040350a,2026-09-16 14:05:14,S,0.789,27.66,26.06
c040350a,2026-09-16 14:05:14,S,0.877,27.66,26.06
c040350a,2026-09-16 14:05:14,S,0.965,27.62,25.64
c040350a,2026-09-16 14:05:14,S,1.052,27.57,26.01
c040350a,2026-09-16 14:05:14,S,1.14,27.62,26.01
c040350a,2026-09-16 14:05:14,S,1.227,27.51,25.91
c040350a,2026-09-16 14:05:14,S,1.314,27.36,25.68
c040350a,2026-09-16 14:05:14,S,1.403,27.71,26.0
c040350a,2026-09-16 14:05:14,S,1.49,27.26,25.68
c040350a,2026-09-16 14:05:14,S,1.578,25.9,25.68
c040350a,2026-09-16 14:05:14,S,1.665,25.19,25.68
c040350a,2026-09-16 14:05:14,S,1.752,24.46,25.68
c040350a,2026-09-16 14:05:14,S,1.84,24.41,25.68
c040350a,2026-09-16 14:05:14,S,1.927,23.9,25.5
c040350a,2026-09-16 14:05:14,S,2.015,23.77,25.23
c040350a,2026-09-16 14:05:14,S,2.102,23.52,25.09
c040350a,2026-09-16 14:05:14,S,2.19,22.96,24.82
c040350a,2026-09-16 14:05:14,S,2.278,22.82,24.4
c040350a,2026-09-16 14:05:14,S,2.365,21.51,24.16
c040350a,2026-09-16 14:05:14,S,2.453,23.1,23.14
c040350a,2026-09-16 14:05:14,S,2.541,23.32,22.68
c040350a,2026-09-16 14:05:14,S,2.629,23.4,22.22
c040350a,2026-09-16 14:05:14,S,2.716,24.23,22.07
c040350a,2026-09-16 14:05:14,S,2.803,24.32,21.85
c040350a,2026-09-16 14:05:14,S,2.891,24.46,22.07
c040350a,2026-09-16 14:05:14,S,2.979,24.77,21.95
c040350a,2026-09-16 14:05:14,S,3.066,25.05,22.06
c040350a,2026-09-16 14:05:14,S,3.154,25.56,22.02
c040350a,2026-09-16 14:05:14,S,3.241,25.66,22.06
c040350a,2026-09-16 14:05:14,S,3.329,26.31,21.7
c040350a,2026-09-16 14:05:14,S,3.417,27.17,21.7
c040350a,2026-09-16 14:05:14,S,3.504,27.4,21.32
c040350a,2026-09-16 14:05:14,S,3.592,28.03,21.21
c040350a,2026-09-16 14:05:14,S,3.68,28.18,21.59
c040350a,2026-09-16 14:05:14,S,3.767,28.18,21.59
c040350a,2026-09-16 14:05:14,S,3.855,28.18,20.64
c040350a,2026-09-16 14:05:14,S,3.943,28.29,20.87
c040350a,2026-09-16 14:05:14,S,4.03,28.13,20.87
c040350a,2026-09-16 14:05:14,S,4.118,28.13,20.54
c040350a,2026-09-16 14:05:14,S,4.205,27.88,20.13
c040350a,2026-09-16 14:05:14,S,4.293,27.98,20.03
c040350a,2026-09-16 14:05:14,S,4.381,27.59,19.76
c040350a,2026-09-16 14:05:14,S,4.468,27.59,19.59
c040350a,2026-09-16 14:05:14,S,4.556,26.99,19.19
c040350a,2026-09-16 14:05:14,S,4.644,26.72,19.19
c040350a,2026-09-16 14:05:14,S,4.732,26.51,19.19
c040350a,2026-09-16 14:05:14,S,4.819,26.24,19.22
c040350a,2026-09-16 14:05:14,S,4.908,26.24,19.19
c040350a,2026-09-16 14:05:14,S,4.997,26.15,19.1
af1e6014,2026-09-16 14:05:39,S,0.0,24.36,25.03
af1e6014,2026-09-16 14:05:39,S,0.087,23.96,25.73
af1e6014,2026-09-16 14:05:39,S,0.175,23.75,26.41
af1e6014,2026-09-16 14:05:39,S,0.263,23.75,26.64
af1e6014,2026-09-16 14:05:39,S,0.35,23.75,26.83
af1e6014,2026-09-16 14:05:39,S,0.438,23.93,27.1
af1e6014,2026-09-16 14:05:39,S,0.525,24.2,27.14
af1e6014,2026-09-16 14:05:39,S,0.613,24.2,27.52
af1e6014,2026-09-16 14:05:39,S,0.7,24.46,27.47
af1e6014,2026-09-16 14:05:39,S,0.787,24.72,27.47
af1e6014,2026-09-16 14:05:39,S,0.875,24.85,27.34
af1e6014,2026-09-16 14:05:39,S,0.963,24.98,27.25
af1e6014,2026-09-16 14:05:39,S,1.05,24.98,27.25
af1e6014,2026-09-16 14:05:39,S,1.138,24.9,27.54
af1e6014,2026-09-16 14:05:39,S,1.225,24.77,27.54
af1e6014,2026-09-16 14:05:39,S,1.313,24.59,27.76
af1e6014,2026-09-16 14:05:39,S,1.4,22.82,27.76
af1e6014,2026-09-16 14:05:39,S,1.488,22.18,27.76
af1e6014,2026-09-16 14:05:39,S,1.575,21.77,27.52
af1e6014,2026-09-16 14:05:39,S,1.663,21.87,26.84
af1e6014,2026-09-16 14:05:39,S,1.75,21.87,25.59
af1e6014,2026-09-16 14:05:39,S,1.838,22.22,25.14
af1e6014,2026-09-16 14:05:39,S,1.925,24.59,24.42
af1e6014,2026-09-16 14:05:39,S,2.013,25.41,23.61
af1e6014,2026-09-16 14:05:39,S,2.1,26.8,22.99
af1e6014,2026-09-16 14:05:39,S,2.188,28.45,22.89
af1e6014,2026-09-16 14:05:39,S,2.276,29.28,22.85
af1e6014,2026-09-16 14:05:39,S,2.364,29.28,22.17
af1e6014,2026-09-16 14:05:39,S,2.451,29.85,21.32
af1e6014,2026-09-16 14:05:39,S,2.539,29.71,20.59
af1e6014,2026-09-16 14:05:39,S,2.627,29.5,19.61
af1e6014,2026-09-16 14:05:39,S,2.716,29.03,19.34
af1e6014,2026-09-16 14:05:39,S,2.804,27.69,19.34
af1e6014,2026-09-16 14:05:39,S,2.893,26.85,19.19
af1e6014,2026-09-16 14:05:39,S,2.982,26.47,19.19
0ca6b94e,2026-09-16 14:05:54,S,0.0,29.06,22.01
0ca6b94e,2026-09-16 14:05:54,S,0.088,28.88,23.26
0ca6b94e,2026-09-16 14:05:54,S,0.175,28.5,24.62
0ca6b94e,2026-09-16 14:05:54,S,0.262,28.71,24.76
0ca6b94e,2026-09-16 14:05:54,S,0.35,28.65,24.81
0ca6b94e,2026-09-16 14:05:54,S,0.438,28.42,24.81
0ca6b94e,2026-09-16 14:05:54,S,0.525,28.42,24.9
0ca6b94e,2026-09-16 14:05:54,S,0.613,28.42,25.04
0ca6b94e,2026-09-16 14:05:54,S,0.701,30.0,25.04
0ca6b94e,2026-09-16 14:05:54,S,0.788,30.14,25.18
0ca6b94e,2026-09-16 14:05:54,S,0.876,30.0,25.13
0ca6b94e,2026-09-16 14:05:54,S,0.964,28.77,25.04
0ca6b94e,2026-09-16 14:05:54,S,1.051,27.4,25.32
0ca6b94e,2026-09-16 14:05:54,S,1.139,27.18,25.45
0ca6b94e,2026-09-16 14:05:54,S,1.226,25.62,25.73
0ca6b94e,2026-09-16 14:05:54,S,1.314,24.59,25.73
0ca6b94e,2026-09-16 14:05:54,S,1.401,23.2,25.73
0ca6b94e,2026-09-16 14:05:54,S,1.489,23.2,25.14
0ca6b94e,2026-09-16 14:05:54,S,1.577,23.2,23.61
0ca6b94e,2026-09-16 14:05:54,S,1.664,24.28,22.33
0ca6b94e,2026-09-16 14:05:54,S,1.751,25.79,22.17
0ca6b94e,2026-09-16 14:05:54,S,1.839,27.77,21.91
0ca6b94e,2026-09-16 14:05:54,S,1.927,30.53,21.69
0ca6b94e,2026-09-16 14:05:54,S,2.015,30.77,21.69
0ca6b94e,2026-09-16 14:05:54,S,2.103,30.77,20.64
0ca6b94e,2026-09-16 14:05:54,S,2.191,30.35,20.06
0ca6b94e,2026-09-16 14:05:54,S,2.278,30.25,18.61
0ca6b94e,2026-09-16 14:05:54,S,2.368,29.67,18.41
0ca6b94e,2026-09-16 14:05:54,S,2.457,28.91,18.22
e3210724,2026-09-16 14:06:04,S,0.0,26.85,23.81
e3210724,2026-09-16 14:06:04,S,0.088,26.95,25.55
e3210724,2026-09-16 14:06:04,S,0.175,27.09,26.0
e3210724,2026-09-16 14:06:04,S,0.263,27.62,26.66
e3210724,2026-09-16 14:06:04,S,0.35,27.87,26.99
e3210724,2026-09-16 14:06:04,S,0.438,28.83,26.99
e3210724,2026-09-16 14:06:04,S,0.526,28.83,27.86
e3210724,2026-09-16 14:06:04,S,0.614,28.56,27.86
e3210724,2026-09-16 14:06:04,S,0.701,28.08,27.29
e3210724,2026-09-16 14:06:04,S,0.789,26.02,28.44
e3210724,2026-09-16 14:06:04,S,0.876,25.33,27.89
e3210724,2026-09-16 14:06:04,S,0.964,23.35,27.79
e3210724,2026-09-16 14:06:04,S,1.051,23.15,27.79
e3210724,2026-09-16 14:06:04,S,1.139,23.15,26.93
e3210724,2026-09-16 14:06:04,S,1.226,23.15,26.02
e3210724,2026-09-16 14:06:04,S,1.314,24.46,24.82
e3210724,2026-09-16 14:06:04,S,1.402,28.08,24.77
e3210724,2026-09-16 14:06:04,S,1.49,29.22,24.77
e3210724,2026-09-16 14:06:04,S,1.578,30.51,24.77
e3210724,2026-09-16 14:06:04,S,1.665,30.51,22.68
e3210724,2026-09-16 14:06:04,S,1.753,30.51,22.18
e3210724,2026-09-16 14:06:04,S,1.84,28.93,20.7
e3210724,2026-09-16 14:06:04,S,1.928,27.48,19.86
e3210724,2026-09-16 14:06:04,S,2.018,26.68,19.63
e3210724,2026-09-16 14:06:04,S,2.107,25.17,19.57
cfa608bf,2026-09-16 14:06:19,S,0.0,28.63,25.98
cfa608bf,2026-09-16 14:06:19,S,0.088,28.8,26.73
cfa608bf,2026-09-16 14:06:19,S,0.175,28.95,27.04
cfa608bf,2026-09-16 14:06:19,S,0.262,28.34,26.97
cfa608bf,2026-09-16 14:06:19,S,0.35,28.4,26.8
cfa608bf,2026-09-16 14:06:19,S,0.438,27.97,27.1
cfa608bf,2026-09-16 14:06:19,S,0.525,28.08,27.14
cfa608bf,2026-09-16 14:06:19,S,0.613,28.61,27.39
cfa608bf,2026-09-16 14:06:19,S,0.701,28.61,27.6
cfa608bf,2026-09-16 14:06:19,S,0.788,28.34,27.88
cfa608bf,2026-09-16 14:06:19,S,0.876,27.76,28.1
cfa608bf,2026-09-16 14:06:19,S,0.963,25.69,28.32
cfa608bf,2026-09-16 14:06:19,S,1.051,23.89,28.32
cfa608bf,2026-09-16 14:06:19,S,1.138,23.64,28.32
cfa608bf,2026-09-16 14:06:19,S,1.226,23.64,27.91
cfa608bf,2026-09-16 14:06:19,S,1.313,23.77,26.91
cfa608bf,2026-09-16 14:06:19,S,1.401,24.28,26.11
cfa608bf,2026-09-16 14:06:19,S,1.489,26.91,25.36
cfa608bf,2026-09-16 14:06:19,S,1.576,28.24,24.95
cfa608bf,2026-09-16 14:06:19,S,1.664,28.4,23.51
cfa608bf,2026-09-16 14:06:19,S,1.752,28.34,21.76
cfa608bf,2026-09-16 14:06:19,S,1.84,28.24,21.08
cfa608bf,2026-09-16 14:06:19,S,1.927,27.36,20.17
cfa608bf,2026-09-16 14:06:19,S,2.015,25.96,19.86
cfa608bf,2026-09-16 14:06:19,S,2.103,24.07,19.57
cfa608bf,2026-09-16 14:06:19,S,2.19,22.28,19.57
cfa608bf,2026-09-16 14:06:19,S,2.28,22.12,19.57
cfa608bf,2026-09-16 14:06:19,S,2.369,22.02,19.57
634af0f4,2026-09-16 14:07:00,S,0.0,27.77,27.18
634af0f4,2026-09-16 14:07:00,S,0.087,27.82,26.71
634af0f4,2026-09-16 14:07:00,S,0.175,28.4,26.84
634af0f4,2026-09-16 14:07:00,S,0.263,28.24,27.07
634af0f4,2026-09-16 14:07:00,S,0.35,28.56,27.44
634af0f4,2026-09-16 14:07:00,S,0.438,28.88,27.49
634af0f4,2026-09-16 14:07:00,S,0.526,28.66,27.79
634af0f4,2026-09-16 14:07:00,S,0.613,28.45,27.75
634af0f4,2026-09-16 14:07:00,S,0.701,28.29,27.46
634af0f4,2026-09-16 14:07:00,S,0.788,27.56,27.93
634af0f4,2026-09-16 14:07:00,S,0.876,27.1,27.61
634af0f4,2026-09-16 14:07:00,S,0.963,25.69,28.23
634af0f4,2026-09-16 14:07:00,S,1.051,24.19,28.23
634af0f4,2026-09-16 14:07:00,S,1.138,23.22,28.23
634af0f4,2026-09-16 14:07:00,S,1.226,22.71,27.07
634af0f4,2026-09-16 14:07:00,S,1.313,22.71,25.73
634af0f4,2026-09-16 14:07:00,S,1.401,22.71,25.18
634af0f4,2026-09-16 14:07:00,S,1.489,24.02,24.66
634af0f4,2026-09-16 14:07:00,S,1.576,25.56,24.34
634af0f4,2026-09-16 14:07:00,S,1.664,27.72,24.34
634af0f4,2026-09-16 14:07:00,S,1.752,29.1,24.29
634af0f4,2026-09-16 14:07:00,S,1.84,30.31,23.68
634af0f4,2026-09-16 14:07:00,S,1.927,30.43,22.45
634af0f4,2026-09-16 14:07:00,S,2.015,30.43,21.89
634af0f4,2026-09-16 14:07:00,S,2.103,30.3,20.31
634af0f4,2026-09-16 14:07:00,S,2.192,30.19,19.27
634af0f4,2026-09-16 14:07:00,S,2.281,29.22,18.68
634af0f4,2026-09-16 14:07:00,S,3.984,20.18,20.02
202b3449,2026-09-16 14:07:37,S,0.0,26.5,30.42
202b3449,2026-09-16 14:07:37,S,0.088,26.5,31.02
202b3449,2026-09-16 14:07:37,S,0.175,26.24,31.53
202b3449,2026-09-16 14:07:37,S,0.263,25.94,31.65
202b3449,2026-09-16 14:07:37,S,0.351,25.15,31.69
202b3449,2026-09-16 14:07:37,S,0.438,25.01,31.78
202b3449,2026-09-16 14:07:37,S,0.526,25.01,31.78
202b3449,2026-09-16 14:07:37,S,0.614,25.27,31.72
202b3449,2026-09-16 14:07:37,S,0.701,25.55,31.72
202b3449,2026-09-16 14:07:37,S,0.789,25.69,31.41
202b3449,2026-09-16 14:07:37,S,0.876,25.69,31.41
202b3449,2026-09-16 14:07:37,S,0.964,25.55,31.41
202b3449,2026-09-16 14:07:37,S,1.052,25.29,31.41
202b3449,2026-09-16 14:07:37,S,1.14,24.73,31.53
202b3449,2026-09-16 14:07:37,S,1.228,21.87,31.53
202b3449,2026-09-16 14:07:37,S,1.315,21.18,31.31
202b3449,2026-09-16 14:07:37,S,1.403,20.33,31.04
202b3449,2026-09-16 14:07:37,S,1.49,19.62,30.56
202b3449,2026-09-16 14:07:37,S,1.578,19.55,29.63
202b3449,2026-09-16 14:07:37,S,1.665,19.77,27.37
202b3449,2026-09-16 14:07:37,S,1.753,20.52,26.71
202b3449,2026-09-16 14:07:37,S,1.84,21.44,26.28
202b3449,2026-09-16 14:07:37,S,1.928,22.96,25.72
202b3449,2026-09-16 14:07:37,S,2.015,24.28,25.45
202b3449,2026-09-16 14:07:37,S,2.103,25.39,25.32
202b3449,2026-09-16 14:07:37,S,2.19,26.75,25.32
202b3449,2026-09-16 14:07:37,S,2.278,27.93,24.85
202b3449,2026-09-16 14:07:37,S,2.365,28.77,24.76
202b3449,2026-09-16 14:07:37,S,2.454,28.77,23.12
202b3449,2026-09-16 14:07:37,S,2.541,28.56,22.74
202b3449,2026-09-16 14:07:37,S,2.628,26.86,21.21
202b3449,2026-09-16 14:07:37,S,2.717,26.46,21.21
202b3449,2026-09-16 14:07:37,S,2.807,25.09,21.21
188c997e,2026-09-16 14:07:44,S,0.0,25.69,32.14
188c997e,2026-09-16 14:07:44,S,0.088,26.0,32.02
188c997e,2026-09-16 14:07:44,S,0.176,26.28,31.9
188c997e,2026-09-16 14:07:44,S,0.263,26.05,31.9
188c997e,2026-09-16 14:07:44,S,0.351,25.28,31.84
188c997e,2026-09-16 14:07:44,S,0.439,25.28,31.84
188c997e,2026-09-16 14:07:44,S,0.527,25.67,31.71
188c997e,2026-09-16 14:07:44,S,0.615,25.76,31.71
188c997e,2026-09-16 14:07:44,S,0.702,25.67,31.71
188c997e,2026-09-16 14:07:44,S,0.79,25.67,32.01
188c997e,2026-09-16 14:07:44,S,0.878,25.15,32.31
188c997e,2026-09-16 14:07:44,S,0.966,24.03,32.37
188c997e,2026-09-16 14:07:44,S,1.053,22.42,32.37
188c997e,2026-09-16 14:07:44,S,1.14,21.43,32.31
188c997e,2026-09-16 14:07:44,S,1.228,21.06,31.36
188c997e,2026-09-16 14:07:44,S,1.316,21.06,31.2
188c997e,2026-09-16 14:07:44,S,1.403,21.76,29.76
188c997e,2026-09-16 14:07:44,S,1.491,24.16,28.81
188c997e,2026-09-16 14:07:44,S,1.579,26.56,28.42
188c997e,2026-09-16 14:07:44,S,1.667,29.4,28.15
188c997e,2026-09-16 14:07:44,S,1.754,29.5,27.73
188c997e,2026-09-16 14:07:44,S,1.842,29.68,26.02
188c997e,2026-09-16 14:07:44,S,1.93,29.5,25.17
188c997e,2026-09-16 14:07:44,S,2.017,27.91,23.51
188c997e,2026-09-16 14:07:44,S,2.104,24.14,23.14
188c997e,2026-09-16 14:07:44,S,2.192,22.51,22.99
188c997e,2026-09-16 14:07:44,S,2.28,21.51,22.89
188c997e,2026-09-16 14:07:44,S,2.37,20.73,23.05
188c997e,2026-09-16 14:07:44,S,2.459,19.96,22.74
188c997e,2026-09-16 14:07:44,S,2.637,18.56,22.45
188c997e,2026-09-16 14:07:44,S,2.727,19.08,22.86
188c997e,2026-09-16 14:07:44,S,2.818,19.31,23.12
47dae53a,2026-09-16 14:07:51,S,0.0,24.69,31.41
47dae53a,2026-09-16 14:07:51,S,0.088,24.45,31.93
47dae53a,2026-09-16 14:07:51,S,0.176,24.16,33.4
47dae53a,2026-09-16 14:07:51,S,0.264,24.45,33.69
47dae53a,2026-09-16 14:07:51,S,0.351,24.75,34.61
47dae53a,2026-09-16 14:07:51,S,0.439,25.05,34.61
47dae53a,2026-09-16 14:07:51,S,0.527,25.57,34.61
47dae53a,2026-09-16 14:07:51,S,0.615,25.37,34.25
47dae53a,2026-09-16 14:07:51,S,0.703,25.37,34.25
47dae53a,2026-09-16 14:07:51,S,0.79,23.56,33.85
47dae53a,2026-09-16 14:07:51,S,0.878,22.59,33.51
47dae53a,2026-09-16 14:07:51,S,0.966,21.66,33.51
47dae53a,2026-09-16 14:07:51,S,1.053,21.66,32.1
47dae53a,2026-09-16 14:07:51,S,1.141,22.12,30.91
47dae53a,2026-09-16 14:07:51,S,1.228,23.88,30.8
47dae53a,2026-09-16 14:07:51,S,1.316,26.65,29.47
47dae53a,2026-09-16 14:07:51,S,1.403,27.26,28.15
47dae53a,2026-09-16 14:07:51,S,1.491,27.26,26.84
47dae53a,2026-09-16 14:07:51,S,1.578,27.26,26.01
47dae53a,2026-09-16 14:07:51,S,1.666,26.07,24.96
47dae53a,2026-09-16 14:07:51,S,1.753,23.1,24.24
47dae53a,2026-09-16 14:07:51,S,1.841,21.81,23.98
47dae53a,2026-09-16 14:07:51,S,1.929,21.14,23.94
47dae53a,2026-09-16 14:07:51,S,2.017,20.62,23.61
47dae53a,2026-09-16 14:07:51,S,2.104,20.62,23.25
47dae53a,2026-09-16 14:07:51,S,2.194,20.62,22.51
47dae53a,2026-09-16 14:07:51,S,2.281,20.67,23.25
47dae53a,2026-09-16 14:07:51,S,2.371,21.37,23.25
47dae53a,2026-09-16 14:07:51,S,2.466,21.37,23.25
8105136a,2026-09-16 14:07:59,S,0.0,26.19,31.87
8105136a,2026-09-16 14:07:59,S,0.088,25.31,31.6
8105136a,2026-09-16 14:07:59,S,0.176,25.07,31.67
8105136a,2026-09-16 14:07:59,S,0.264,24.93,31.91
8105136a,2026-09-16 14:07:59,S,0.351,24.98,32.81
8105136a,2026-09-16 14:07:59,S,0.439,24.98,33.17
8105136a,2026-09-16 14:07:59,S,0.527,24.98,33.42
8105136a,2026-09-16 14:07:59,S,0.615,24.98,33.42
8105136a,2026-09-16 14:07:59,S,0.703,24.45,33.42
8105136a,2026-09-16 14:07:59,S,0.79,23.01,33.21
8105136a,2026-09-16 14:07:59,S,0.878,21.76,33.12
8105136a,2026-09-16 14:07:59,S,0.965,20.78,32.75
8105136a,2026-09-16 14:07:59,S,1.053,20.78,32.08
8105136a,2026-09-16 14:07:59,S,1.141,20.99,30.87
8105136a,2026-09-16 14:07:59,S,1.228,24.54,30.22
8105136a,2026-09-16 14:07:59,S,1.316,27.69,29.85
8105136a,2026-09-16 14:07:59,S,1.404,28.18,28.49
8105136a,2026-09-16 14:07:59,S,1.491,28.18,27.4
8105136a,2026-09-16 14:07:59,S,1.579,27.71,26.09
8105136a,2026-09-16 14:07:59,S,1.666,27.26,24.21
8105136a,2026-09-16 14:07:59,S,1.754,25.02,23.83
8105136a,2026-09-16 14:07:59,S,1.842,23.65,22.16
8105136a,2026-09-16 14:07:59,S,1.929,22.92,21.77
8105136a,2026-09-16 14:07:59,S,2.02,22.78,21.77
8105136a,2026-09-16 14:07:59,S,2.108,22.8,22.31
8105136a,2026-09-16 14:07:59,S,2.198,22.8,22.31
8105136a,2026-09-16 14:07:59,S,2.287,22.36,22.31
d7ea085b,2026-09-16 14:08:26,U,0.0,19.68,35.33
d7ea085b,2026-09-16 14:08:26,U,0.088,19.11,33.87
d7ea085b,2026-09-16 14:08:26,U,0.176,18.59,33.38
d7ea085b,2026-09-16 14:08:26,U,0.263,18.59,33.31
d7ea085b,2026-09-16 14:08:26,U,0.351,18.47,33.12
d7ea085b,2026-09-16 14:08:26,U,0.439,18.71,32.93
d7ea085b,2026-09-16 14:08:26,U,0.527,18.71,32.93
d7ea085b,2026-09-16 14:08:26,U,0.615,18.51,31.97
d7ea085b,2026-09-16 14:08:26,U,0.702,18.75,30.97
d7ea085b,2026-09-16 14:08:26,U,0.79,18.95,29.46
d7ea085b,2026-09-16 14:08:26,U,0.878,18.87,27.82
d7ea085b,2026-09-16 14:08:26,U,0.965,18.87,25.74
d7ea085b,2026-09-16 14:08:26,U,1.055,18.87,25.06
d7ea085b,2026-09-16 14:08:26,U,1.143,18.99,23.1
d7ea085b,2026-09-16 14:08:26,U,1.233,18.64,21.48
d7ea085b,2026-09-16 14:08:26,U,1.322,18.64,20.02
d7ea085b,2026-09-16 14:08:26,U,1.857,25.14,15.68
d7ea085b,2026-09-16 14:08:26,U,1.945,25.77,16.35
d7ea085b,2026-09-16 14:08:26,U,2.033,26.08,17.8
d7ea085b,2026-09-16 14:08:26,U,2.121,26.71,18.25
d7ea085b,2026-09-16 14:08:26,U,2.208,27.37,18.37
d7ea085b,2026-09-16 14:08:26,U,2.297,27.9,18.62
d7ea085b,2026-09-16 14:08:26,U,2.384,28.8,18.86
d7ea085b,2026-09-16 14:08:26,U,2.471,29.44,19.88
d7ea085b,2026-09-16 14:08:26,U,2.559,29.92,20.37
d7ea085b,2026-09-16 14:08:26,U,2.647,29.61,21.76
d7ea085b,2026-09-16 14:08:26,U,2.735,29.21,23.79
d7ea085b,2026-09-16 14:08:26,U,2.823,29.21,25.08
d7ea085b,2026-09-16 14:08:26,U,2.91,28.34,26.55
d7ea085b,2026-09-16 14:08:26,U,2.998,29.11,28.14
d7ea085b,2026-09-16 14:08:26,U,3.086,29.12,30.03
d7ea085b,2026-09-16 14:08:26,U,3.174,28.97,30.7
d7ea085b,2026-09-16 14:08:26,U,3.262,28.24,31.43
d7ea085b,2026-09-16 14:08:26,U,3.349,28.24,32.21
d7ea085b,2026-09-16 14:08:26,U,3.437,27.87,32.9
d7ea085b,2026-09-16 14:08:26,U,3.525,27.57,33.48
d7ea085b,2026-09-16 14:08:26,U,3.616,27.74,34.23
d7ea085b,2026-09-16 14:08:26,U,3.705,27.91,34.48
12ffd7a8,2026-09-16 14:08:39,U,0.0,30.33,17.88
12ffd7a8,2026-09-16 14:08:39,U,0.087,30.55,18.51
12ffd7a8,2026-09-16 14:08:39,U,0.175,30.47,19.48
12ffd7a8,2026-09-16 14:08:39,U,0.263,30.77,19.89
12ffd7a8,2026-09-16 14:08:39,U,0.351,30.65,20.62
12ffd7a8,2026-09-16 14:08:39,U,0.439,30.53,21.27
12ffd7a8,2026-09-16 14:08:39,U,0.527,30.51,22.38
12ffd7a8,2026-09-16 14:08:39,U,0.614,30.16,24.65
12ffd7a8,2026-09-16 14:08:39,U,0.702,29.98,24.74
12ffd7a8,2026-09-16 14:08:39,U,0.79,29.98,27.06
12ffd7a8,2026-09-16 14:08:39,U,0.878,29.98,28.82
12ffd7a8,2026-09-16 14:08:39,U,0.965,29.54,29.75
12ffd7a8,2026-09-16 14:08:39,U,1.053,29.44,30.32
12ffd7a8,2026-09-16 14:08:39,U,1.141,29.55,30.32
12ffd7a8,2026-09-16 14:08:39,U,1.229,29.34,31.31
12ffd7a8,2026-09-16 14:08:39,U,1.317,29.08,32.09
12ffd7a8,2026-09-16 14:08:39,U,1.405,29.72,32.58
12ffd7a8,2026-09-16 14:08:39,U,1.492,29.72,32.62
12ffd7a8,2026-09-16 14:08:39,U,1.58,29.72,32.58
12ffd7a8,2026-09-16 14:08:39,U,1.668,30.09,32.46
12ffd7a8,2026-09-16 14:08:39,U,1.756,30.37,31.02
12ffd7a8,2026-09-16 14:08:39,U,1.843,30.21,29.93
12ffd7a8,2026-09-16 14:08:39,U,1.931,30.69,28.78
12ffd7a8,2026-09-16 14:08:39,U,2.019,30.69,25.84
12ffd7a8,2026-09-16 14:08:39,U,2.106,30.51,24.17
12ffd7a8,2026-09-16 14:08:39,U,2.195,30.51,23.4
12ffd7a8,2026-09-16 14:08:39,U,2.282,30.57,22.71
12ffd7a8,2026-09-16 14:08:39,U,2.37,30.37,22.1
12ffd7a8,2026-09-16 14:08:39,U,2.458,30.24,21.31
12ffd7a8,2026-09-16 14:08:39,U,2.546,30.66,20.77
12ffd7a8,2026-09-16 14:08:39,U,2.633,30.24,20.64
12ffd7a8,2026-09-16 14:08:39,U,2.721,29.97,20.53
12ffd7a8,2026-09-16 14:08:39,U,2.808,28.4,20.14
12ffd7a8,2026-09-16 14:08:39,U,2.896,26.61,20.14
12ffd7a8,2026-09-16 14:08:39,U,2.984,25.13,20.59
12ffd7a8,2026-09-16 14:08:39,U,3.071,23.39,20.59
12ffd7a8,2026-09-16 14:08:39,U,3.159,22.92,20.59
12ffd7a8,2026-09-16 14:08:39,U,3.247,21.87,20.59
12ffd7a8,2026-09-16 14:08:39,U,3.334,21.46,20.64
12ffd7a8,2026-09-16 14:08:39,U,3.424,20.39,20.91
12ffd7a8,2026-09-16 14:08:39,U,3.512,19.79,21.02
12ffd7a8,2026-09-16 14:08:39,U,3.6,19.23,21.14
12ffd7a8,2026-09-16 14:08:39,U,3.688,19.14,21.91
12ffd7a8,2026-09-16 14:08:39,U,3.775,19.14,22.97
12ffd7a8,2026-09-16 14:08:39,U,3.863,19.04,25.07
12ffd7a8,2026-09-16 14:08:39,U,3.95,19.04,27.2
12ffd7a8,2026-09-16 14:08:39,U,4.038,19.08,29.3
12ffd7a8,2026-09-16 14:08:39,U,4.126,19.08,30.5
12ffd7a8,2026-09-16 14:08:39,U,4.214,18.18,32.52
12ffd7a8,2026-09-16 14:08:39,U,4.304,17.75,33.21
12ffd7a8,2026-09-16 14:08:39,U,4.396,17.75,35.05
16a22a22,2026-09-16 14:08:48,U,0.0,29.16,33.0
16a22a22,2026-09-16 14:08:48,U,0.088,29.34,32.5
16a22a22,2026-09-16 14:08:48,U,0.176,29.61,31.87
16a22a22,2026-09-16 14:08:48,U,0.264,29.75,31.59
16a22a22,2026-09-16 14:08:48,U,0.351,30.19,30.86
16a22a22,2026-09-16 14:08:48,U,0.439,30.18,30.15
16a22a22,2026-09-16 14:08:48,U,0.526,30.51,29.18
16a22a22,2026-09-16 14:08:48,U,0.615,30.63,28.73
16a22a22,2026-09-16 14:08:48,U,0.702,30.43,26.28
16a22a22,2026-09-16 14:08:48,U,0.79,30.46,24.89
16a22a22,2026-09-16 14:08:48,U,0.878,30.69,24.34
16a22a22,2026-09-16 14:08:48,U,0.966,30.66,23.21
16a22a22,2026-09-16 14:08:48,U,1.053,30.66,22.22
16a22a22,2026-09-16 14:08:48,U,1.141,30.47,20.91
16a22a22,2026-09-16 14:08:48,U,1.229,30.47,20.2
16a22a22,2026-09-16 14:08:48,U,1.317,30.23,19.89
16a22a22,2026-09-16 14:08:48,U,1.404,30.24,19.59
16a22a22,2026-09-16 14:08:48,U,1.492,29.51,19.59
16a22a22,2026-09-16 14:08:48,U,1.58,28.86,19.47
16a22a22,2026-09-16 14:08:48,U,1.669,28.86,19.47
16a22a22,2026-09-16 14:08:48,U,1.757,26.26,19.59
16a22a22,2026-09-16 14:08:48,U,1.847,25.46,19.69
16a22a22,2026-09-16 14:08:48,U,1.934,24.4,20.24
16a22a22,2026-09-16 14:08:48,U,2.022,21.83,20.24
16a22a22,2026-09-16 14:08:48,U,2.11,20.3,20.13
16a22a22,2026-09-16 14:08:48,U,2.199,19.47,20.5
16a22a22,2026-09-16 14:08:48,U,2.287,18.65,20.62
16a22a22,2026-09-16 14:08:48,U,2.375,18.65,20.98
16a22a22,2026-09-16 14:08:48,U,2.464,18.52,21.39
16a22a22,2026-09-16 14:08:48,U,2.551,18.52,22.46
16a22a22,2026-09-16 14:08:48,U,2.639,18.17,23.2
16a22a22,2026-09-16 14:08:48,U,2.727,18.32,23.99
16a22a22,2026-09-16 14:08:48,U,2.814,18.32,25.45
16a22a22,2026-09-16 14:08:48,U,2.902,18.32,29.82
16a22a22,2026-09-16 14:08:48,U,2.99,18.26,30.76
16a22a22,2026-09-16 14:08:48,U,3.078,18.46,31.63
16a22a22,2026-09-16 14:08:48,U,3.166,18.47,32.93
16a22a22,2026-09-16 14:08:48,U,3.254,18.39,33.64
16a22a22,2026-09-16 14:08:48,U,3.342,18.27,34.06
16a22a22,2026-09-16 14:08:48,U,3.432,18.09,34.26
16a22a22,2026-09-16 14:08:48,U,3.525,17.78,34.4
cde0c1b0,2026-09-16 14:08:56,U,0.0,29.97,34.0
cde0c1b0,2026-09-16 14:08:56,U,0.088,30.35,33.57
cde0c1b0,2026-09-16 14:08:56,U,0.176,30.39,33.54
cde0c1b0,2026-09-16 14:08:56,U,0.263,30.19,32.31
cde0c1b0,2026-09-16 14:08:56,U,0.351,30.19,31.34
cde0c1b0,2026-09-16 14:08:56,U,0.439,30.53,30.04
cde0c1b0,2026-09-16 14:08:56,U,0.527,31.02,29.44
cde0c1b0,2026-09-16 14:08:56,U,0.615,31.56,28.43
cde0c1b0,2026-09-16 14:08:56,U,0.703,32.06,26.3
cde0c1b0,2026-09-16 14:08:56,U,0.791,32.17,23.62
cde0c1b0,2026-09-16 14:08:56,U,0.878,32.28,22.84
cde0c1b0,2026-09-16 14:08:56,U,0.966,32.28,21.64
cde0c1b0,2026-09-16 14:08:56,U,1.054,32.29,21.56
cde0c1b0,2026-09-16 14:08:56,U,1.142,31.93,20.85
cde0c1b0,2026-09-16 14:08:56,U,1.23,31.29,20.62
cde0c1b0,2026-09-16 14:08:56,U,1.317,30.79,20.24
cde0c1b0,2026-09-16 14:08:56,U,1.405,30.05,20.13
cde0c1b0,2026-09-16 14:08:56,U,1.493,27.48,19.67
cde0c1b0,2026-09-16 14:08:56,U,1.58,26.61,19.67
cde0c1b0,2026-09-16 14:08:56,U,1.668,24.36,20.07
cde0c1b0,2026-09-16 14:08:56,U,1.756,24.13,20.32
cde0c1b0,2026-09-16 14:08:56,U,1.844,22.97,20.65
cde0c1b0,2026-09-16 14:08:56,U,1.931,21.99,20.59
cde0c1b0,2026-09-16 14:08:56,U,2.019,21.5,21.26
cde0c1b0,2026-09-16 14:08:56,U,2.107,21.79,21.92
cde0c1b0,2026-09-16 14:08:56,U,2.195,21.3,23.73
cde0c1b0,2026-09-16 14:08:56,U,2.282,20.78,24.34
cde0c1b0,2026-09-16 14:08:56,U,2.37,20.57,26.02
cde0c1b0,2026-09-16 14:08:56,U,2.457,20.89,27.89
cde0c1b0,2026-09-16 14:08:56,U,2.545,20.89,29.79
cde0c1b0,2026-09-16 14:08:56,U,2.633,20.72,31.09
cde0c1b0,2026-09-16 14:08:56,U,2.721,20.5,31.92
cde0c1b0,2026-09-16 14:08:56,U,2.809,19.58,32.9
cde0c1b0,2026-09-16 14:08:56,U,2.899,19.46,33.91
cde0c1b0,2026-09-16 14:08:56,U,2.988,19.46,34.76
af8ac507,2026-09-16 14:09:05,U,0.0,31.18,31.37
af8ac507,2026-09-16 14:09:05,U,0.088,30.91,31.25
af8ac507,2026-09-16 14:09:05,U,0.176,30.75,31.16
af8ac507,2026-09-16 14:09:05,U,0.263,30.79,30.92
af8ac507,2026-09-16 14:09:05,U,0.351,30.31,30.92
af8ac507,2026-09-16 14:09:05,U,0.439,30.14,30.68
af8ac507,2026-09-16 14:09:05,U,0.527,29.68,30.55
af8ac507,2026-09-16 14:09:05,U,0.614,29.51,30.19
af8ac507,2026-09-16 14:09:05,U,0.702,29.51,29.96
af8ac507,2026-09-16 14:09:05,U,0.79,29.89,29.31
af8ac507,2026-09-16 14:09:05,U,0.878,29.89,28.3
af8ac507,2026-09-16 14:09:05,U,0.966,30.53,26.73
af8ac507,2026-09-16 14:09:05,U,1.053,30.59,26.04
af8ac507,2026-09-16 14:09:05,U,1.141,30.63,23.42
af8ac507,2026-09-16 14:09:05,U,1.229,30.59,22.14
af8ac507,2026-09-16 14:09:05,U,1.316,29.72,21.43
af8ac507,2026-09-16 14:09:05,U,1.404,29.72,20.58
af8ac507,2026-09-16 14:09:05,U,1.492,29.72,20.47
af8ac507,2026-09-16 14:09:05,U,1.579,29.16,20.47
af8ac507,2026-09-16 14:09:05,U,1.667,27.79,20.81
af8ac507,2026-09-16 14:09:05,U,1.755,27.09,20.62
af8ac507,2026-09-16 14:09:05,U,1.843,25.0,21.15
af8ac507,2026-09-16 14:09:05,U,1.93,23.9,21.59
af8ac507,2026-09-16 14:09:05,U,2.018,21.63,21.79
af8ac507,2026-09-16 14:09:05,U,2.106,19.9,22.42
af8ac507,2026-09-16 14:09:05,U,2.194,19.35,22.42
af8ac507,2026-09-16 14:09:05,U,2.281,18.96,22.95
af8ac507,2026-09-16 14:09:05,U,2.369,19.15,23.58
af8ac507,2026-09-16 14:09:05,U,2.457,18.74,24.46
af8ac507,2026-09-16 14:09:05,U,2.544,18.69,25.5
af8ac507,2026-09-16 14:09:05,U,2.632,18.69,26.32
af8ac507,2026-09-16 14:09:05,U,2.72,18.22,29.28
af8ac507,2026-09-16 14:09:05,U,2.808,18.1,30.15
af8ac507,2026-09-16 14:09:05,U,2.895,18.22,31.38
af8ac507,2026-09-16 14:09:05,U,2.986,18.22,31.75
af8ac507,2026-09-16 14:09:05,U,3.076,18.16,32.39
8f135482,2026-09-16 14:09:12,U,0.0,27.49,33.38
8f135482,2026-09-16 14:09:12,U,0.087,27.37,32.81
8f135482,2026-09-16 14:09:12,U,0.174,27.61,32.5
8f135482,2026-09-16 14:09:12,U,0.262,27.57,32.2
8f135482,2026-09-16 14:09:12,U,0.35,27.81,30.8
8f135482,2026-09-16 14:09:12,U,0.437,28.45,30.34
8f135482,2026-09-16 14:09:12,U,0.525,28.45,28.5
8f135482,2026-09-16 14:09:12,U,0.612,28.55,26.84
8f135482,2026-09-16 14:09:12,U,0.701,28.93,25.09
8f135482,2026-09-16 14:09:12,U,0.788,28.98,22.1
8f135482,2026-09-16 14:09:12,U,0.876,29.55,21.19
8f135482,2026-09-16 14:09:12,U,0.963,29.55,20.59
8f135482,2026-09-16 14:09:12,U,1.052,29.98,19.07
8f135482,2026-09-16 14:09:12,U,1.14,29.38,18.89
8f135482,2026-09-16 14:09:12,U,1.228,28.89,18.83
8f135482,2026-09-16 14:09:12,U,1.318,28.2,18.83
8f135482,2026-09-16 14:09:12,U,1.405,25.63,18.98
8f135482,2026-09-16 14:09:12,U,1.495,24.16,19.63
8f135482,2026-09-16 14:09:12,U,1.583,21.74,19.63
8f135482,2026-09-16 14:09:12,U,1.673,21.85,19.69
8f135482,2026-09-16 14:09:12,U,1.76,21.14,20.2
8f135482,2026-09-16 14:09:12,U,1.849,20.16,20.14
8f135482,2026-09-16 14:09:12,U,1.936,19.96,21.02
8f135482,2026-09-16 14:09:12,U,2.024,20.94,21.2
8f135482,2026-09-16 14:09:12,U,2.111,19.75,23.6
8f135482,2026-09-16 14:09:12,U,2.2,19.75,24.64
8f135482,2026-09-16 14:09:12,U,2.287,19.52,27.72
8f135482,2026-09-16 14:09:12,U,2.375,19.45,30.36
8f135482,2026-09-16 14:09:12,U,2.462,19.45,31.09
8f135482,2026-09-16 14:09:12,U,2.551,19.62,31.91
8f135482,2026-09-16 14:09:12,U,2.638,19.08,32.78
8f135482,2026-09-16 14:09:12,U,2.727,19.58,33.63
8f135482,2026-09-16 14:09:12,U,2.816,19.58,34.83
8f135482,2026-09-16 14:09:12,U,2.906,19.28,35.57
1b56bb11,2026-09-16 14:09:20,U,0.0,29.86,32.6
1b56bb11,2026-09-16 14:09:20,U,0.087,29.51,31.98
1b56bb11,2026-09-16 14:09:20,U,0.175,30.04,31.31
1b56bb11,2026-09-16 14:09:20,U,0.263,30.06,31.11
1b56bb11,2026-09-16 14:09:20,U,0.351,30.19,30.87
1b56bb11,2026-09-16 14:09:20,U,0.438,30.41,30.61
1b56bb11,2026-09-16 14:09:20,U,0.526,30.81,29.08
1b56bb11,2026-09-16 14:09:20,U,0.614,31.08,27.63
1b56bb11,2026-09-16 14:09:20,U,0.702,31.41,27.02
1b56bb11,2026-09-16 14:09:20,U,0.79,31.41,24.18
1b56bb11,2026-09-16 14:09:20,U,0.878,31.98,22.83
1b56bb11,2026-09-16 14:09:20,U,0.966,31.98,22.03
1b56bb11,2026-09-16 14:09:20,U,1.053,31.78,21.56
1b56bb11,2026-09-16 14:09:20,U,1.141,31.72,20.97
1b56bb11,2026-09-16 14:09:20,U,1.229,31.3,20.93
1b56bb11,2026-09-16 14:09:20,U,1.316,30.99,20.96
1b56bb11,2026-09-16 14:09:20,U,1.404,30.19,21.41
1b56bb11,2026-09-16 14:09:20,U,1.492,27.98,21.3
1b56bb11,2026-09-16 14:09:20,U,1.579,26.51,21.55
1b56bb11,2026-09-16 14:09:20,U,1.667,25.83,21.48
1b56bb11,2026-09-16 14:09:20,U,1.755,23.32,21.59
1b56bb11,2026-09-16 14:09:20,U,1.843,22.37,20.3
1b56bb11,2026-09-16 14:09:20,U,1.931,21.64,21.09
1b56bb11,2026-09-16 14:09:20,U,2.018,20.88,21.25
1b56bb11,2026-09-16 14:09:20,U,2.105,20.35,21.77
1b56bb11,2026-09-16 14:09:20,U,2.193,20.14,21.92
1b56bb11,2026-09-16 14:09:20,U,2.281,20.25,22.67
1b56bb11,2026-09-16 14:09:20,U,2.368,20.14,23.05
1b56bb11,2026-09-16 14:09:20,U,2.456,19.81,25.59
1b56bb11,2026-09-16 14:09:20,U,2.544,19.81,27.84
1b56bb11,2026-09-16 14:09:20,U,2.632,19.25,29.18
1b56bb11,2026-09-16 14:09:20,U,2.72,18.83,30.78
1b56bb11,2026-09-16 14:09:20,U,2.807,18.93,32.43
1b56bb11,2026-09-16 14:09:20,U,2.898,18.81,33.03
1b56bb11,2026-09-16 14:09:20,U,2.988,18.81,33.87
119b0c5f,2026-09-16 14:09:46,U,0.0,20.62,33.09
119b0c5f,2026-09-16 14:09:46,U,0.088,20.59,32.16
119b0c5f,2026-09-16 14:09:46,U,0.175,20.78,31.14
119b0c5f,2026-09-16 14:09:46,U,0.263,20.82,29.74
119b0c5f,2026-09-16 14:09:46,U,0.351,20.3,27.76
119b0c5f,2026-09-16 14:09:46,U,0.438,19.8,25.59
119b0c5f,2026-09-16 14:09:46,U,0.526,19.8,24.42
119b0c5f,2026-09-16 14:09:46,U,0.615,19.9,23.69
119b0c5f,2026-09-16 14:09:46,U,0.702,21.31,21.81
119b0c5f,2026-09-16 14:09:46,U,0.79,21.69,21.72
119b0c5f,2026-09-16 14:09:46,U,0.877,22.75,20.53
119b0c5f,2026-09-16 14:09:46,U,0.965,24.13,19.83
119b0c5f,2026-09-16 14:09:46,U,1.053,25.45,19.6
119b0c5f,2026-09-16 14:09:46,U,1.14,26.21,19.6
119b0c5f,2026-09-16 14:09:46,U,1.228,27.85,19.6
119b0c5f,2026-09-16 14:09:46,U,1.315,28.56,20.45
119b0c5f,2026-09-16 14:09:46,U,1.403,28.77,21.04
119b0c5f,2026-09-16 14:09:46,U,1.491,29.12,22.18
119b0c5f,2026-09-16 14:09:46,U,1.579,29.89,23.89
119b0c5f,2026-09-16 14:09:46,U,1.668,30.23,24.76
119b0c5f,2026-09-16 14:09:46,U,1.755,30.14,27.45
119b0c5f,2026-09-16 14:09:46,U,1.842,30.37,29.18
119b0c5f,2026-09-16 14:09:46,U,1.931,30.13,30.61
119b0c5f,2026-09-16 14:09:46,U,2.02,30.19,31.76
119b0c5f,2026-09-16 14:09:46,U,2.111,30.19,32.9
9b02cd41,2026-09-16 14:09:54,U,0.0,29.75,32.42
9b02cd41,2026-09-16 14:09:54,U,0.088,29.75,32.0
9b02cd41,2026-09-16 14:09:54,U,0.176,29.75,30.85
9b02cd41,2026-09-16 14:09:54,U,0.264,30.18,30.64
9b02cd41,2026-09-16 14:09:54,U,0.351,30.23,30.07
9b02cd41,2026-09-16 14:09:54,U,0.439,30.23,26.74
9b02cd41,2026-09-16 14:09:54,U,0.528,30.23,25.45
9b02cd41,2026-09-16 14:09:54,U,0.614,30.12,23.09
9b02cd41,2026-09-16 14:09:54,U,0.702,30.06,21.76
9b02cd41,2026-09-16 14:09:54,U,0.79,28.78,20.64
9b02cd41,2026-09-16 14:09:54,U,0.878,28.13,20.87
9b02cd41,2026-09-16 14:09:54,U,0.965,26.65,20.66
9b02cd41,2026-09-16 14:09:54,U,1.053,26.6,20.66
9b02cd41,2026-09-16 14:09:54,U,1.141,25.49,20.94
9b02cd41,2026-09-16 14:09:54,U,1.228,20.11,21.48
9b02cd41,2026-09-16 14:09:54,U,1.316,19.23,22.58
9b02cd41,2026-09-16 14:09:54,U,1.404,18.91,24.03
9b02cd41,2026-09-16 14:09:54,U,1.492,18.79,25.2
9b02cd41,2026-09-16 14:09:54,U,1.579,18.79,25.65
9b02cd41,2026-09-16 14:09:54,U,1.667,18.48,27.53
9b02cd41,2026-09-16 14:09:54,U,1.755,18.3,27.68
9b02cd41,2026-09-16 14:09:54,U,1.843,18.12,29.43
9b02cd41,2026-09-16 14:09:54,U,1.931,18.42,30.79
9b02cd41,2026-09-16 14:09:54,U,2.021,18.18,32.18
9b02cd41,2026-09-16 14:09:54,U,2.111,18.06,33.31
a9314abf,2026-09-16 14:10:04,U,0.0,30.19,30.52
a9314abf,2026-09-16 14:10:04,U,0.088,30.19,30.54
a9314abf,2026-09-16 14:10:04,U,0.175,30.24,30.53
a9314abf,2026-09-16 14:10:04,U,0.263,30.12,30.3
a9314abf,2026-09-16 14:10:04,U,0.351,29.95,29.93
a9314abf,2026-09-16 14:10:04,U,0.439,30.04,29.76
a9314abf,2026-09-16 14:10:04,U,0.526,30.34,27.32
a9314abf,2026-09-16 14:10:04,U,0.614,30.55,26.74
a9314abf,2026-09-16 14:10:04,U,0.702,30.84,25.87
a9314abf,2026-09-16 14:10:04,U,0.789,30.81,24.84
a9314abf,2026-09-16 14:10:04,U,0.877,30.81,24.25
a9314abf,2026-09-16 14:10:04,U,0.965,30.57,23.42
a9314abf,2026-09-16 14:10:04,U,1.053,30.57,23.07
a9314abf,2026-09-16 14:10:04,U,1.14,30.18,21.66
a9314abf,2026-09-16 14:10:04,U,1.228,29.48,20.53
a9314abf,2026-09-16 14:10:04,U,1.316,29.06,20.0
a9314abf,2026-09-16 14:10:04,U,1.403,28.24,19.67
a9314abf,2026-09-16 14:10:04,U,1.493,27.88,19.46
a9314abf,2026-09-16 14:10:04,U,1.58,27.36,19.46
a9314abf,2026-09-16 14:10:04,U,1.67,26.93,19.34
a9314abf,2026-09-16 14:10:04,U,1.759,26.52,19.34
a9314abf,2026-09-16 14:10:04,U,1.847,25.87,19.57
a9314abf,2026-09-16 14:10:04,U,1.934,24.35,19.57
a9314abf,2026-09-16 14:10:04,U,2.022,22.44,20.0
a9314abf,2026-09-16 14:10:04,U,2.109,21.57,20.37
a9314abf,2026-09-16 14:10:04,U,2.198,20.46,20.93
a9314abf,2026-09-16 14:10:04,U,2.285,19.0,20.98
a9314abf,2026-09-16 14:10:04,U,2.373,19.0,22.04
a9314abf,2026-09-16 14:10:04,U,2.461,18.89,22.38
a9314abf,2026-09-16 14:10:04,U,2.548,18.71,23.45
a9314abf,2026-09-16 14:10:04,U,2.636,19.47,23.84
a9314abf,2026-09-16 14:10:04,U,2.724,19.38,25.45
a9314abf,2026-09-16 14:10:04,U,2.811,18.74,27.71
a9314abf,2026-09-16 14:10:04,U,2.899,18.74,28.44
a9314abf,2026-09-16 14:10:04,U,2.987,18.22,30.55
a9314abf,2026-09-16 14:10:04,U,3.075,18.52,31.31
a9314abf,2026-09-16 14:10:04,U,3.163,18.46,33.05
a9314abf,2026-09-16 14:10:04,U,3.251,18.47,33.64
a9314abf,2026-09-16 14:10:04,U,3.341,18.47,33.87
a9314abf,2026-09-16 14:10:04,U,3.433,17.98,34.06
dc1349df,2026-09-16 14:10:14,V,0.0,17.29,33.25
dc1349df,2026-09-16 14:10:14,V,0.087,17.41,32.09
dc1349df,2026-09-16 14:10:14,V,0.175,18.3,31.58
dc1349df,2026-09-16 14:10:14,V,0.263,18.75,30.36
dc1349df,2026-09-16 14:10:14,V,0.351,18.86,30.04
dc1349df,2026-09-16 14:10:14,V,0.439,18.86,28.98
dc1349df,2026-09-16 14:10:14,V,0.526,18.93,28.05
dc1349df,2026-09-16 14:10:14,V,0.614,19.17,25.65
dc1349df,2026-09-16 14:10:14,V,0.702,19.28,23.74
dc1349df,2026-09-16 14:10:14,V,0.789,22.51,22.79
dc1349df,2026-09-16 14:10:14,V,0.877,23.13,21.8
dc1349df,2026-09-16 14:10:14,V,0.965,24.89,21.04
dc1349df,2026-09-16 14:10:14,V,1.054,24.89,19.59
dc1349df,2026-09-16 14:10:14,V,1.142,25.03,19.3
dc1349df,2026-09-16 14:10:14,V,1.231,25.12,18.77
dc1349df,2026-09-16 14:10:14,V,1.319,25.12,18.77
dc1349df,2026-09-16 14:10:14,V,1.407,25.17,18.77
dc1349df,2026-09-16 14:10:14,V,1.494,25.06,19.57
dc1349df,2026-09-16 14:10:14,V,1.582,26.02,20.82
dc1349df,2026-09-16 14:10:14,V,1.669,26.14,21.54
dc1349df,2026-09-16 14:10:14,V,1.757,27.41,24.01
dc1349df,2026-09-16 14:10:14,V,1.845,28.77,25.5
dc1349df,2026-09-16 14:10:14,V,2.026,30.19,32.03
dc1349df,2026-09-16 14:10:14,V,2.115,30.61,33.02
cfaea9bb,2026-09-16 14:10:23,V,0.0,31.65,31.0
cfaea9bb,2026-09-16 14:10:23,V,0.088,31.34,31.04
cfaea9bb,2026-09-16 14:10:23,V,0.176,30.78,30.22
cfaea9bb,2026-09-16 14:10:23,V,0.263,30.61,29.97
cfaea9bb,2026-09-16 14:10:23,V,0.351,30.71,29.7
cfaea9bb,2026-09-16 14:10:23,V,0.44,30.63,28.49
cfaea9bb,2026-09-16 14:10:23,V,0.526,29.95,27.99
cfaea9bb,2026-09-16 14:10:23,V,0.614,29.95,27.58
cfaea9bb,2026-09-16 14:10:23,V,0.702,29.72,26.29
cfaea9bb,2026-09-16 14:10:23,V,0.79,28.95,25.45
cfaea9bb,2026-09-16 14:10:23,V,0.877,28.5,24.4
cfaea9bb,2026-09-16 14:10:23,V,0.965,27.71,23.54
cfaea9bb,2026-09-16 14:10:23,V,1.052,27.51,22.81
cfaea9bb,2026-09-16 14:10:23,V,1.14,26.61,22.45
cfaea9bb,2026-09-16 14:10:23,V,1.227,25.56,21.1
cfaea9bb,2026-09-16 14:10:23,V,1.316,25.48,19.96
cfaea9bb,2026-09-16 14:10:23,V,1.403,25.41,19.9
cfaea9bb,2026-09-16 14:10:23,V,1.491,24.83,19.9
cfaea9bb,2026-09-16 14:10:23,V,1.578,24.59,20.14
cfaea9bb,2026-09-16 14:10:23,V,1.666,23.13,19.98
cfaea9bb,2026-09-16 14:10:23,V,1.754,21.97,20.53
cfaea9bb,2026-09-16 14:10:23,V,1.841,21.54,22.13
cfaea9bb,2026-09-16 14:10:23,V,1.929,20.46,23.86
cfaea9bb,2026-09-16 14:10:23,V,2.017,19.92,24.78
cfaea9bb,2026-09-16 14:10:23,V,2.105,19.68,25.64
cfaea9bb,2026-09-16 14:10:23,V,2.192,18.33,26.71
cfaea9bb,2026-09-16 14:10:23,V,2.28,17.71,29.16
cfaea9bb,2026-09-16 14:10:23,V,2.368,16.66,29.68
cfaea9bb,2026-09-16 14:10:23,V,2.456,16.3,29.93
cfaea9bb,2026-09-16 14:10:23,V,2.545,15.26,31.01
cfaea9bb,2026-09-16 14:10:23,V,2.632,15.17,31.54
cfaea9bb,2026-09-16 14:10:23,V,2.723,15.17,31.5
cfaea9bb,2026-09-16 14:10:23,V,2.815,15.17,31.76
a797b6f6,2026-09-16 14:10:31,V,0.0,18.24,35.21
a797b6f6,2026-09-16 14:10:31,V,0.088,18.2,32.18
a797b6f6,2026-09-16 14:10:31,V,0.176,18.14,31.94
a797b6f6,2026-09-16 14:10:31,V,0.264,18.14,31.6
a797b6f6,2026-09-16 14:10:31,V,0.351,18.08,30.65
a797b6f6,2026-09-16 14:10:31,V,0.439,18.08,30.15
a797b6f6,2026-09-16 14:10:31,V,0.527,18.14,29.92
a797b6f6,2026-09-16 14:10:31,V,0.614,18.89,28.73
a797b6f6,2026-09-16 14:10:31,V,0.701,20.23,27.64
a797b6f6,2026-09-16 14:10:31,V,0.789,20.3,26.95
a797b6f6,2026-09-16 14:10:31,V,0.877,20.51,26.0
a797b6f6,2026-09-16 14:10:31,V,0.964,21.64,25.1
a797b6f6,2026-09-16 14:10:31,V,1.052,22.25,24.37
a797b6f6,2026-09-16 14:10:31,V,1.14,23.17,22.42
a797b6f6,2026-09-16 14:10:31,V,1.227,23.21,21.69
a797b6f6,2026-09-16 14:10:31,V,1.315,23.95,20.41
a797b6f6,2026-09-16 14:10:31,V,1.403,24.08,20.2
a797b6f6,2026-09-16 14:10:31,V,1.49,24.55,20.03
a797b6f6,2026-09-16 14:10:31,V,1.578,24.59,19.97
a797b6f6,2026-09-16 14:10:31,V,1.666,24.64,19.97
a797b6f6,2026-09-16 14:10:31,V,1.754,25.0,19.97
a797b6f6,2026-09-16 14:10:31,V,1.841,26.62,20.85
a797b6f6,2026-09-16 14:10:31,V,1.928,27.65,22.26
a797b6f6,2026-09-16 14:10:31,V,2.017,28.34,24.01
a797b6f6,2026-09-16 14:10:31,V,2.105,29.34,25.36
a797b6f6,2026-09-16 14:10:31,V,2.193,30.74,27.96
a797b6f6,2026-09-16 14:10:31,V,2.28,30.86,29.45
a797b6f6,2026-09-16 14:10:31,V,2.37,30.86,29.68
a797b6f6,2026-09-16 14:10:31,V,2.462,31.54,30.02
9b0d5e0c,2026-09-16 14:10:40,V,0.0,31.88,32.05
9b0d5e0c,2026-09-16 14:10:40,V,0.088,31.59,30.66
9b0d5e0c,2026-09-16 14:10:40,V,0.176,31.07,29.98
9b0d5e0c,2026-09-16 14:10:40,V,0.263,31.07,29.65
9b0d5e0c,2026-09-16 14:10:40,V,0.351,30.71,29.45
9b0d5e0c,2026-09-16 14:10:40,V,0.439,30.59,29.4
9b0d5e0c,2026-09-16 14:10:40,V,0.527,30.41,28.99
9b0d5e0c,2026-09-16 14:10:40,V,0.614,29.77,27.12
9b0d5e0c,2026-09-16 14:10:40,V,0.702,29.57,26.54
9b0d5e0c,2026-09-16 14:10:40,V,0.79,29.28,25.83
9b0d5e0c,2026-09-16 14:10:40,V,0.878,28.19,25.5
9b0d5e0c,2026-09-16 14:10:40,V,0.965,27.06,21.59
9b0d5e0c,2026-09-16 14:10:40,V,1.053,26.94,21.55
9b0d5e0c,2026-09-16 14:10:40,V,1.141,26.12,20.76
9b0d5e0c,2026-09-16 14:10:40,V,1.229,25.33,19.97
9b0d5e0c,2026-09-16 14:10:40,V,1.316,25.43,19.88
9b0d5e0c,2026-09-16 14:10:40,V,1.403,25.01,19.66
9b0d5e0c,2026-09-16 14:10:40,V,1.491,24.92,19.37
9b0d5e0c,2026-09-16 14:10:40,V,1.579,24.92,19.57
9b0d5e0c,2026-09-16 14:10:40,V,1.667,24.59,19.57
9b0d5e0c,2026-09-16 14:10:40,V,1.755,24.32,19.77
9b0d5e0c,2026-09-16 14:10:40,V,1.842,22.82,20.3
9b0d5e0c,2026-09-16 14:10:40,V,1.93,21.22,21.59
9b0d5e0c,2026-09-16 14:10:40,V,2.018,20.51,24.12
9b0d5e0c,2026-09-16 14:10:40,V,2.106,19.34,24.68
9b0d5e0c,2026-09-16 14:10:40,V,2.194,19.08,25.5
9b0d5e0c,2026-09-16 14:10:40,V,2.281,18.44,27.84
9b0d5e0c,2026-09-16 14:10:40,V,2.369,18.22,29.81
9b0d5e0c,2026-09-16 14:10:40,V,2.457,17.98,30.22
9b0d5e0c,2026-09-16 14:10:40,V,2.545,17.98,31.77
9b0d5e0c,2026-09-16 14:10:40,V,2.634,16.21,32.87
9b0d5e0c,2026-09-16 14:10:40,V,2.722,16.21,34.07
9b0d5e0c,2026-09-16 14:10:40,V,2.81,16.5,34.26
9b0d5e0c,2026-09-16 14:10:40,V,2.902,16.7,34.26
9b0d5e0c,2026-09-16 14:10:40,V,2.995,16.7,35.15
68f33b0e,2026-09-16 14:10:53,V,0.0,17.35,33.96
68f33b0e,2026-09-16 14:10:53,V,0.088,17.67,33.27
68f33b0e,2026-09-16 14:10:53,V,0.176,18.1,32.85
68f33b0e,2026-09-16 14:10:53,V,0.263,18.52,32.05
68f33b0e,2026-09-16 14:10:53,V,0.351,18.44,31.46
68f33b0e,2026-09-16 14:10:53,V,0.439,18.44,30.09
68f33b0e,2026-09-16 14:10:53,V,0.526,18.93,28.65
68f33b0e,2026-09-16 14:10:53,V,0.614,20.17,27.58
68f33b0e,2026-09-16 14:10:53,V,0.701,21.14,25.17
68f33b0e,2026-09-16 14:10:53,V,0.789,21.92,23.76
68f33b0e,2026-09-16 14:10:53,V,0.876,22.65,22.54
68f33b0e,2026-09-16 14:10:53,V,0.964,23.48,21.64
68f33b0e,2026-09-16 14:10:53,V,1.053,24.14,19.86
68f33b0e,2026-09-16 14:10:53,V,1.143,24.14,19.7
68f33b0e,2026-09-16 14:10:53,V,1.23,24.32,19.36
68f33b0e,2026-09-16 14:10:53,V,1.318,25.02,19.36
68f33b0e,2026-09-16 14:10:53,V,1.406,25.66,19.36
68f33b0e,2026-09-16 14:10:53,V,1.493,26.97,21.1
68f33b0e,2026-09-16 14:10:53,V,1.581,27.82,22.87
68f33b0e,2026-09-16 14:10:53,V,1.669,28.29,25.5
68f33b0e,2026-09-16 14:10:53,V,1.757,28.66,27.37
68f33b0e,2026-09-16 14:10:53,V,1.844,30.07,28.0
68f33b0e,2026-09-16 14:10:53,V,1.932,30.13,29.68
68f33b0e,2026-09-16 14:10:53,V,2.02,30.37,31.02
68f33b0e,2026-09-16 14:10:53,V,2.111,30.67,31.02
68f33b0e,2026-09-16 14:10:53,V,2.202,30.67,31.69
3f77546d,2026-09-16 14:11:01,V,0.0,31.31,32.49
3f77546d,2026-09-16 14:11:01,V,0.088,30.91,31.57
3f77546d,2026-09-16 14:11:01,V,0.175,30.61,30.86
3f77546d,2026-09-16 14:11:01,V,0.263,30.43,30.07
3f77546d,2026-09-16 14:11:01,V,0.351,29.96,29.01
3f77546d,2026-09-16 14:11:01,V,0.438,29.68,28.4
3f77546d,2026-09-16 14:11:01,V,0.526,28.95,26.27
3f77546d,2026-09-16 14:11:01,V,0.614,28.13,24.82
3f77546d,2026-09-16 14:11:01,V,0.701,27.18,23.71
3f77546d,2026-09-16 14:11:01,V,0.789,26.74,21.37
3f77546d,2026-09-16 14:11:01,V,0.876,26.49,20.31
3f77546d,2026-09-16 14:11:01,V,0.964,26.19,19.76
3f77546d,2026-09-16 14:11:01,V,1.051,25.79,19.53
3f77546d,2026-09-16 14:11:01,V,1.139,25.7,19.53
3f77546d,2026-09-16 14:11:01,V,1.227,25.42,19.53
3f77546d,2026-09-16 14:11:01,V,1.315,24.86,20.37
3f77546d,2026-09-16 14:11:01,V,1.402,23.48,20.87
3f77546d,2026-09-16 14:11:01,V,1.49,22.25,22.49
3f77546d,2026-09-16 14:11:01,V,1.578,19.68,26.15
3f77546d,2026-09-16 14:11:01,V,1.666,18.64,27.82
3f77546d,2026-09-16 14:11:01,V,1.753,17.7,30.05
3f77546d,2026-09-16 14:11:01,V,1.841,17.09,30.27
3f77546d,2026-09-16 14:11:01,V,1.929,16.47,31.58
3f77546d,2026-09-16 14:11:01,V,2.018,16.02,32.4
3f77546d,2026-09-16 14:11:01,V,2.108,16.02,32.52
3f77546d,2026-09-16 14:11:01,V,2.198,16.02,32.52
b76ab9c9,2026-09-16 14:11:09,V,0.0,18.34,33.33
b76ab9c9,2026-09-16 14:11:09,V,0.088,18.46,32.2
b76ab9c9,2026-09-16 14:11:09,V,0.175,19.16,30.81
b76ab9c9,2026-09-16 14:11:09,V,0.263,19.95,29.53
b76ab9c9,2026-09-16 14:11:09,V,0.35,20.14,27.39
b76ab9c9,2026-09-16 14:11:09,V,0.438,21.46,24.96
b76ab9c9,2026-09-16 14:11:09,V,0.526,22.41,22.85
b76ab9c9,2026-09-16 14:11:09,V,0.614,23.48,20.08
b76ab9c9,2026-09-16 14:11:09,V,0.701,24.18,19.34
b76ab9c9,2026-09-16 14:11:09,V,0.791,24.36,19.07
b76ab9c9,2026-09-16 14:11:09,V,0.879,24.45,18.77
b76ab9c9,2026-09-16 14:11:09,V,0.967,24.78,18.77
b76ab9c9,2026-09-16 14:11:09,V,1.055,25.15,18.77
b76ab9c9,2026-09-16 14:11:09,V,1.142,25.69,19.57
b76ab9c9,2026-09-16 14:11:09,V,1.23,26.34,21.48
b76ab9c9,2026-09-16 14:11:09,V,1.317,27.36,22.7
b76ab9c9,2026-09-16 14:11:09,V,1.405,28.45,25.59
b76ab9c9,2026-09-16 14:11:09,V,1.493,29.15,27.82
b76ab9c9,2026-09-16 14:11:09,V,1.583,30.18,29.7
b76ab9c9,2026-09-16 14:11:09,V,1.673,30.3,30.1
b76ab9c9,2026-09-16 14:11:09,V,1.761,31.27,30.86
b76ab9c9,2026-09-16 14:11:09,V,1.851,31.27,32.57
b76ab9c9,2026-09-16 14:11:09,V,1.943,31.46,32.89
6f073b24,2026-09-16 14:11:18,V,0.0,31.87,30.89
6f073b24,2026-09-16 14:11:18,V,0.088,32.01,30.99
6f073b24,2026-09-16 14:11:18,V,0.176,31.32,29.91
6f073b24,2026-09-16 14:11:18,V,0.263,30.53,29.46
6f073b24,2026-09-16 14:11:18,V,0.351,30.23,28.22
6f073b24,2026-09-16 14:11:18,V,0.439,30.23,27.01
6f073b24,2026-09-16 14:11:18,V,0.526,29.89,26.37
6f073b24,2026-09-16 14:11:18,V,0.614,29.54,24.53
6f073b24,2026-09-16 14:11:18,V,0.701,28.41,23.21
6f073b24,2026-09-16 14:11:18,V,0.789,28.02,22.72
6f073b24,2026-09-16 14:11:18,V,0.877,27.59,20.42
6f073b24,2026-09-16 14:11:18,V,0.965,27.32,19.69
6f073b24,2026-09-16 14:11:18,V,1.053,27.37,19.39
6f073b24,2026-09-16 14:11:18,V,1.14,26.88,18.72
6f073b24,2026-09-16 14:11:18,V,1.228,26.17,18.59
6f073b24,2026-09-16 14:11:18,V,1.316,26.17,18.47
6f073b24,2026-09-16 14:11:18,V,1.404,26.02,18.59
6f073b24,2026-09-16 14:11:18,V,1.491,25.42,18.77
6f073b24,2026-09-16 14:11:18,V,1.579,24.82,19.1
6f073b24,2026-09-16 14:11:18,V,1.666,24.19,20.24
6f073b24,2026-09-16 14:11:18,V,1.754,23.2,21.36
6f073b24,2026-09-16 14:11:18,V,1.842,22.59,21.84
6f073b24,2026-09-16 14:11:18,V,1.929,21.72,23.5
6f073b24,2026-09-16 14:11:18,V,2.017,21.09,26.5
6f073b24,2026-09-16 14:11:18,V,2.105,20.3,28.85
6f073b24,2026-09-16 14:11:18,V,2.193,19.41,30.69
6f073b24,2026-09-16 14:11:18,V,2.281,18.65,31.93
6f073b24,2026-09-16 14:11:18,V,2.369,18.22,32.52
6f073b24,2026-09-16 14:11:18,V,2.457,18.03,33.09
6f073b24,2026-09-16 14:11:18,V,2.546,18.03,33.09
6f073b24,2026-09-16 14:11:18,V,2.64,18.03,33.09
d9f5bc9b,2026-09-16 14:11:30,W,0.0,16.79,32.38
d9f5bc9b,2026-09-16 14:11:30,W,0.087,16.8,31.76
d9f5bc9b,2026-09-16 14:11:30,W,0.175,16.5,30.7
d9f5bc9b,2026-09-16 14:11:30,W,0.263,17.44,30.04
d9f5bc9b,2026-09-16 14:11:30,W,0.351,17.5,29.92
d9f5bc9b,2026-09-16 14:11:30,W,0.438,17.8,27.02
d9f5bc9b,2026-09-16 14:11:30,W,0.526,18.01,24.84
d9f5bc9b,2026-09-16 14:11:30,W,0.614,18.91,23.38
d9f5bc9b,2026-09-16 14:11:30,W,0.702,18.94,22.71
d9f5bc9b,2026-09-16 14:11:30,W,0.789,19.11,20.91
d9f5bc9b,2026-09-16 14:11:30,W,0.879,19.16,20.64
d9f5bc9b,2026-09-16 14:11:30,W,0.967,19.3,19.62
d9f5bc9b,2026-09-16 14:11:30,W,1.054,19.58,19.62
d9f5bc9b,2026-09-16 14:11:30,W,1.142,19.58,20.05
d9f5bc9b,2026-09-16 14:11:30,W,1.23,19.98,20.98
d9f5bc9b,2026-09-16 14:11:30,W,1.318,20.41,21.71
d9f5bc9b,2026-09-16 14:11:30,W,1.405,20.78,23.86
d9f5bc9b,2026-09-16 14:11:30,W,1.492,21.24,24.82
d9f5bc9b,2026-09-16 14:11:30,W,1.58,21.83,25.36
d9f5bc9b,2026-09-16 14:11:30,W,1.667,22.28,26.83
d9f5bc9b,2026-09-16 14:11:30,W,1.755,22.28,27.57
d9f5bc9b,2026-09-16 14:11:30,W,1.843,22.39,28.61
d9f5bc9b,2026-09-16 14:11:30,W,1.931,22.18,28.61
d9f5bc9b,2026-09-16 14:11:30,W,2.018,22.18,28.34
d9f5bc9b,2026-09-16 14:11:30,W,2.106,22.35,28.8
d9f5bc9b,2026-09-16 14:11:30,W,2.193,22.5,28.34
d9f5bc9b,2026-09-16 14:11:30,W,2.281,23.43,27.97
d9f5bc9b,2026-09-16 14:11:30,W,2.369,24.2,27.18
d9f5bc9b,2026-09-16 14:11:30,W,2.456,25.02,26.44
d9f5bc9b,2026-09-16 14:11:30,W,2.543,25.54,23.79
d9f5bc9b,2026-09-16 14:11:30,W,2.632,26.22,23.4
d9f5bc9b,2026-09-16 14:11:30,W,2.719,27.53,21.33
d9f5bc9b,2026-09-16 14:11:30,W,2.807,28.23,20.49
d9f5bc9b,2026-09-16 14:11:30,W,2.894,28.35,20.18
d9f5bc9b,2026-09-16 14:11:30,W,2.982,28.3,19.49
d9f5bc9b,2026-09-16 14:11:30,W,3.07,28.41,19.49
d9f5bc9b,2026-09-16 14:11:30,W,3.158,28.41,19.6
d9f5bc9b,2026-09-16 14:11:30,W,3.245,28.88,20.76
d9f5bc9b,2026-09-16 14:11:30,W,3.333,28.88,21.73
d9f5bc9b,2026-09-16 14:11:30,W,3.42,29.79,24.75
d9f5bc9b,2026-09-16 14:11:30,W,3.508,29.85,26.83
d9f5bc9b,2026-09-16 14:11:30,W,3.599,30.31,28.67
d9f5bc9b,2026-09-16 14:11:30,W,3.687,30.43,29.98
d9f5bc9b,2026-09-16 14:11:30,W,3.777,30.67,30.76
d9f5bc9b,2026-09-16 14:11:30,W,3.867,30.98,32.19
d9f5bc9b,2026-09-16 14:11:30,W,3.956,31.36,33.0
d6b63f43,2026-09-16 14:11:40,W,0.0,31.04,32.01
d6b63f43,2026-09-16 14:11:40,W,0.088,30.84,31.38
d6b63f43,2026-09-16 14:11:40,W,0.176,30.55,31.0
d6b63f43,2026-09-16 14:11:40,W,0.264,30.69,30.64
d6b63f43,2026-09-16 14:11:40,W,0.352,30.79,29.87
d6b63f43,2026-09-16 14:11:40,W,0.439,30.89,29.57
d6b63f43,2026-09-16 14:11:40,W,0.527,30.89,27.76
d6b63f43,2026-09-16 14:11:40,W,0.615,30.71,26.5
d6b63f43,2026-09-16 14:11:40,W,0.702,30.23,25.26
d6b63f43,2026-09-16 14:11:40,W,0.79,30.59,24.74
d6b63f43,2026-09-16 14:11:40,W,0.878,29.72,23.98
d6b63f43,2026-09-16 14:11:40,W,0.966,29.62,21.65
d6b63f43,2026-09-16 14:11:40,W,1.053,29.62,21.08
d6b63f43,2026-09-16 14:11:40,W,1.141,29.62,20.81
d6b63f43,2026-09-16 14:11:40,W,1.229,29.62,20.87
d6b63f43,2026-09-16 14:11:40,W,1.316,29.38,21.91
d6b63f43,2026-09-16 14:11:40,W,1.404,29.1,22.58
d6b63f43,2026-09-16 14:11:40,W,1.492,28.89,23.37
d6b63f43,2026-09-16 14:11:40,W,1.579,27.03,24.21
d6b63f43,2026-09-16 14:11:40,W,1.667,26.33,26.65
d6b63f43,2026-09-16 14:11:40,W,1.755,25.26,28.09
d6b63f43,2026-09-16 14:11:40,W,1.842,24.59,30.64
d6b63f43,2026-09-16 14:11:40,W,1.93,24.32,30.81
d6b63f43,2026-09-16 14:11:40,W,2.017,23.95,31.33
d6b63f43,2026-09-16 14:11:40,W,2.105,23.78,31.36
d6b63f43,2026-09-16 14:11:40,W,2.193,23.49,31.36
d6b63f43,2026-09-16 14:11:40,W,2.281,22.8,31.18
d6b63f43,2026-09-16 14:11:40,W,2.368,22.8,31.18
d6b63f43,2026-09-16 14:11:40,W,2.456,22.08,29.63
d6b63f43,2026-09-16 14:11:40,W,2.543,21.84,28.27
d6b63f43,2026-09-16 14:11:40,W,2.631,21.25,25.18
d6b63f43,2026-09-16 14:11:40,W,2.718,20.62,24.5
d6b63f43,2026-09-16 14:11:40,W,2.806,20.17,22.82
d6b63f43,2026-09-16 14:11:40,W,2.894,19.68,22.1
d6b63f43,2026-09-16 14:11:40,W,2.982,18.42,21.65
d6b63f43,2026-09-16 14:11:40,W,3.07,18.46,21.48
d6b63f43,2026-09-16 14:11:40,W,3.158,18.46,21.48
d6b63f43,2026-09-16 14:11:40,W,3.246,18.52,21.68
d6b63f43,2026-09-16 14:11:40,W,3.333,18.32,21.93
d6b63f43,2026-09-16 14:11:40,W,3.421,17.53,22.59
d6b63f43,2026-09-16 14:11:40,W,3.509,17.22,24.57
d6b63f43,2026-09-16 14:11:40,W,3.597,17.16,28.13
d6b63f43,2026-09-16 14:11:40,W,3.685,17.16,29.81
d6b63f43,2026-09-16 14:11:40,W,3.773,16.93,31.35
d6b63f43,2026-09-16 14:11:40,W,3.861,16.3,32.32
d6b63f43,2026-09-16 14:11:40,W,3.951,16.09,33.16
d6b63f43,2026-09-16 14:11:40,W,4.041,15.76,33.49
d6b63f43,2026-09-16 14:11:40,W,4.134,15.76,33.49
af362e68,2026-09-16 14:11:50,W,0.0,32.57,31.07
af362e68,2026-09-16 14:11:50,W,0.09,32.24,30.07
af362e68,2026-09-16 14:11:50,W,0.178,32.4,29.12
af362e68,2026-09-16 14:11:50,W,0.266,32.6,28.69
af362e68,2026-09-16 14:11:50,W,0.354,32.63,28.4
af362e68,2026-09-16 14:11:50,W,0.442,32.13,26.71
af362e68,2026-09-16 14:11:50,W,0.529,32.04,23.41
af362e68,2026-09-16 14:11:50,W,0.617,31.67,21.5
af362e68,2026-09-16 14:11:50,W,0.705,30.8,21.5
af362e68,2026-09-16 14:11:50,W,0.793,30.58,21.05
af362e68,2026-09-16 14:11:50,W,0.88,30.32,20.13
af362e68,2026-09-16 14:11:50,W,0.968,30.26,20.02
af362e68,2026-09-16 14:11:50,W,1.056,30.26,20.02
af362e68,2026-09-16 14:11:50,W,1.144,30.3,20.02
af362e68,2026-09-16 14:11:50,W,1.231,30.3,20.53
af362e68,2026-09-16 14:11:50,W,1.319,29.71,21.53
af362e68,2026-09-16 14:11:50,W,1.407,28.18,23.12
af362e68,2026-09-16 14:11:50,W,1.494,26.8,24.15
af362e68,2026-09-16 14:11:50,W,1.582,25.48,26.0
af362e68,2026-09-16 14:11:50,W,1.669,24.94,27.07
af362e68,2026-09-16 14:11:50,W,1.757,23.91,28.36
af362e68,2026-09-16 14:11:50,W,1.844,23.47,29.59
af362e68,2026-09-16 14:11:50,W,1.932,23.43,30.22
af362e68,2026-09-16 14:11:50,W,2.019,23.35,30.22
af362e68,2026-09-16 14:11:50,W,2.107,23.35,30.06
af362e68,2026-09-16 14:11:50,W,2.195,23.08,29.68
af362e68,2026-09-16 14:11:50,W,2.281,22.92,28.44
af362e68,2026-09-16 14:11:50,W,2.369,22.68,27.1
af362e68,2026-09-16 14:11:50,W,2.457,21.81,25.5
af362e68,2026-09-16 14:11:50,W,2.544,21.65,23.61
af362e68,2026-09-16 14:11:50,W,2.632,20.67,22.6
af362e68,2026-09-16 14:11:50,W,2.72,20.28,21.91
af362e68,2026-09-16 14:11:50,W,2.807,20.12,20.98
af362e68,2026-09-16 14:11:50,W,2.895,19.79,20.98
af362e68,2026-09-16 14:11:50,W,2.983,19.75,20.91
af362e68,2026-09-16 14:11:50,W,3.071,19.62,21.21
af362e68,2026-09-16 14:11:50,W,3.158,19.23,21.48
af362e68,2026-09-16 14:11:50,W,3.246,18.56,22.64
af362e68,2026-09-16 14:11:50,W,3.334,17.98,24.25
af362e68,2026-09-16 14:11:50,W,3.422,17.22,26.07
af362e68,2026-09-16 14:11:50,W,3.51,17.14,28.09
af362e68,2026-09-16 14:11:50,W,3.598,16.33,28.67
af362e68,2026-09-16 14:11:50,W,3.687,15.29,30.4
af362e68,2026-09-16 14:11:50,W,3.778,14.75,30.9
af362e68,2026-09-16 14:11:50,W,3.871,14.4,31.35
97854932,2026-09-16 14:11:59,W,0.0,31.19,32.29
97854932,2026-09-16 14:11:59,W,0.087,31.32,31.7
97854932,2026-09-16 14:11:59,W,0.175,31.02,30.34
97854932,2026-09-16 14:11:59,W,0.263,30.93,28.82
97854932,2026-09-16 14:11:59,W,0.35,30.81,26.92
97854932,2026-09-16 14:11:59,W,0.438,30.75,25.22
97854932,2026-09-16 14:11:59,W,0.526,30.46,23.84
97854932,2026-09-16 14:11:59,W,0.614,30.0,21.88
97854932,2026-09-16 14:11:59,W,0.702,30.0,20.7
97854932,2026-09-16 14:11:59,W,0.789,30.0,20.0
97854932,2026-09-16 14:11:59,W,0.877,30.0,20.0
97854932,2026-09-16 14:11:59,W,0.965,30.0,20.0
97854932,2026-09-16 14:11:59,W,1.052,30.0,20.0
97854932,2026-09-16 14:11:59,W,1.14,29.88,20.45
97854932,2026-09-16 14:11:59,W,1.227,29.31,21.21
97854932,2026-09-16 14:11:59,W,1.315,28.29,23.91
97854932,2026-09-16 14:11:59,W,1.402,27.62,25.23
97854932,2026-09-16 14:11:59,W,1.49,26.62,27.02
97854932,2026-09-16 14:11:59,W,1.578,26.41,28.81
97854932,2026-09-16 14:11:59,W,1.665,25.7,30.01
97854932,2026-09-16 14:11:59,W,1.753,25.58,31.02
97854932,2026-09-16 14:11:59,W,1.841,25.14,31.59
97854932,2026-09-16 14:11:59,W,1.928,25.01,31.9
97854932,2026-09-16 14:11:59,W,2.016,24.92,31.9
97854932,2026-09-16 14:11:59,W,2.103,25.01,31.9
97854932,2026-09-16 14:11:59,W,2.191,25.1,31.28
97854932,2026-09-16 14:11:59,W,2.279,25.39,29.74
97854932,2026-09-16 14:11:59,W,2.366,25.16,28.28
97854932,2026-09-16 14:11:59,W,2.453,24.89,25.72
97854932,2026-09-16 14:11:59,W,2.542,24.5,24.53
97854932,2026-09-16 14:11:59,W,2.629,24.55,22.89
97854932,2026-09-16 14:11:59,W,2.717,24.32,22.29
97854932,2026-09-16 14:11:59,W,2.804,23.77,20.59
97854932,2026-09-16 14:11:59,W,2.892,23.6,20.23
97854932,2026-09-16 14:11:59,W,2.98,22.55,20.17
97854932,2026-09-16 14:11:59,W,3.068,22.03,20.17
97854932,2026-09-16 14:11:59,W,3.155,22.21,20.17
97854932,2026-09-16 14:11:59,W,3.243,21.62,20.49
97854932,2026-09-16 14:11:59,W,3.331,21.62,20.49
97854932,2026-09-16 14:11:59,W,3.418,21.43,21.7
97854932,2026-09-16 14:11:59,W,3.506,20.59,23.76
97854932,2026-09-16 14:11:59,W,3.594,20.49,26.47
97854932,2026-09-16 14:11:59,W,3.681,20.29,27.1
97854932,2026-09-16 14:11:59,W,3.769,19.81,28.65
97854932,2026-09-16 14:11:59,W,3.857,18.91,30.75
97854932,2026-09-16 14:11:59,W,3.945,18.12,31.09
97854932,2026-09-16 14:11:59,W,4.033,18.06,32.16
97854932,2026-09-16 14:11:59,W,4.123,17.75,33.31
97854932,2026-09-16 14:11:59,W,4.213,17.62,33.44
31d6d435,2026-09-16 14:12:09,W,0.0,34.03,28.63
31d6d435,2026-09-16 14:12:09,W,0.088,33.7,27.38
31d6d435,2026-09-16 14:12:09,W,0.175,32.96,25.29
31d6d435,2026-09-16 14:12:09,W,0.263,32.76,23.9
31d6d435,2026-09-16 14:12:09,W,0.351,32.37,22.64
31d6d435,2026-09-16 14:12:09,W,0.44,31.7,20.97
31d6d435,2026-09-16 14:12:09,W,0.527,31.38,20.39
31d6d435,2026-09-16 14:12:09,W,0.615,31.38,19.35
31d6d435,2026-09-16 14:12:09,W,0.703,31.1,19.14
31d6d435,2026-09-16 14:12:09,W,0.791,31.1,19.14
31d6d435,2026-09-16 14:12:09,W,0.878,30.61,19.18
31d6d435,2026-09-16 14:12:09,W,0.966,30.43,19.96
31d6d435,2026-09-16 14:12:09,W,1.054,30.43,20.47
31d6d435,2026-09-16 14:12:09,W,1.142,29.96,22.63
31d6d435,2026-09-16 14:12:09,W,1.229,29.5,23.21
31d6d435,2026-09-16 14:12:09,W,1.317,26.14,25.06
31d6d435,2026-09-16 14:12:09,W,1.405,25.67,27.32
31d6d435,2026-09-16 14:12:09,W,1.492,24.86,29.05
31d6d435,2026-09-16 14:12:09,W,1.58,24.68,30.29
31d6d435,2026-09-16 14:12:09,W,1.667,24.23,31.08
31d6d435,2026-09-16 14:12:09,W,1.755,24.23,31.08
31d6d435,2026-09-16 14:12:09,W,1.842,24.09,31.08
31d6d435,2026-09-16 14:12:09,W,1.93,24.05,30.35
31d6d435,2026-09-16 14:12:09,W,2.018,23.61,29.36
31d6d435,2026-09-16 14:12:09,W,2.105,23.24,28.12
31d6d435,2026-09-16 14:12:09,W,2.192,22.97,26.05
31d6d435,2026-09-16 14:12:09,W,2.28,22.78,25.37
31d6d435,2026-09-16 14:12:09,W,2.368,21.43,23.85
31d6d435,2026-09-16 14:12:09,W,2.456,21.2,22.85
31d6d435,2026-09-16 14:12:09,W,2.543,21.05,21.21
31d6d435,2026-09-16 14:12:09,W,2.631,21.05,20.24
31d6d435,2026-09-16 14:12:09,W,2.719,21.1,20.24
31d6d435,2026-09-16 14:12:09,W,2.807,21.1,20.24
31d6d435,2026-09-16 14:12:09,W,2.894,21.1,20.24
31d6d435,2026-09-16 14:12:09,W,2.982,20.41,20.24
31d6d435,2026-09-16 14:12:09,W,3.07,20.17,20.97
31d6d435,2026-09-16 14:12:09,W,3.158,19.47,21.93
31d6d435,2026-09-16 14:12:09,W,3.245,19.32,23.64
31d6d435,2026-09-16 14:12:09,W,3.333,19.03,26.07
31d6d435,2026-09-16 14:12:09,W,3.422,17.91,26.93
31d6d435,2026-09-16 14:12:09,W,3.509,17.8,29.14
31d6d435,2026-09-16 14:12:09,W,3.598,16.5,30.38
31d6d435,2026-09-16 14:12:09,W,3.686,15.98,32.16
31d6d435,2026-09-16 14:12:09,W,3.778,15.38,32.49
31d6d435,2026-09-16 14:12:09,W,3.871,15.11,33.02
e11daf7b,2026-09-16 14:12:18,W,0.0,15.54,30.36
e11daf7b,2026-09-16 14:12:18,W,0.088,15.59,28.1
e11daf7b,2026-09-16 14:12:18,W,0.176,15.7,25.77
e11daf7b,2026-09-16 14:12:18,W,0.264,16.77,24.96
e11daf7b,2026-09-16 14:12:18,W,0.352,17.33,23.04
e11daf7b,2026-09-16 14:12:18,W,0.442,17.33,22.44
e11daf7b,2026-09-16 14:12:18,W,0.531,17.45,20.85
e11daf7b,2026-09-16 14:12:18,W,0.799,19.23,18.82
e11daf7b,2026-09-16 14:12:18,W,0.887,19.22,18.82
e11daf7b,2026-09-16 14:12:18,W,0.975,19.53,19.56
e11daf7b,2026-09-16 14:12:18,W,1.061,20.91,20.19
e11daf7b,2026-09-16 14:12:18,W,1.149,21.87,21.21
e11daf7b,2026-09-16 14:12:18,W,1.236,22.42,23.31
e11daf7b,2026-09-16 14:12:18,W,1.324,23.36,25.14
e11daf7b,2026-09-16 14:12:18,W,1.412,23.36,26.4
e11daf7b,2026-09-16 14:12:18,W,1.499,23.63,27.46
e11daf7b,2026-09-16 14:12:18,W,1.587,23.97,28.38
e11daf7b,2026-09-16 14:12:18,W,1.675,24.28,28.78
e11daf7b,2026-09-16 14:12:18,W,1.762,24.46,28.81
e11daf7b,2026-09-16 14:12:18,W,1.849,24.59,28.81
e11daf7b,2026-09-16 14:12:18,W,1.937,24.86,28.5
e11daf7b,2026-09-16 14:12:18,W,2.025,25.3,27.1
e11daf7b,2026-09-16 14:12:18,W,2.112,26.17,25.9
e11daf7b,2026-09-16 14:12:18,W,2.2,27.03,23.05
e11daf7b,2026-09-16 14:12:18,W,2.288,27.65,21.69
e11daf7b,2026-09-16 14:12:18,W,2.376,29.37,20.58
e11daf7b,2026-09-16 14:12:18,W,2.463,29.9,19.57
e11daf7b,2026-09-16 14:12:18,W,2.551,30.05,19.23
e11daf7b,2026-09-16 14:12:18,W,2.639,30.16,18.86
e11daf7b,2026-09-16 14:12:18,W,2.726,30.22,18.86
e11daf7b,2026-09-16 14:12:18,W,2.814,30.22,18.86
e11daf7b,2026-09-16 14:12:18,W,2.902,30.27,19.67
e11daf7b,2026-09-16 14:12:18,W,2.99,30.43,21.25
e11daf7b,2026-09-16 14:12:18,W,3.078,30.43,22.64
e11daf7b,2026-09-16 14:12:18,W,3.166,30.59,24.92
e11daf7b,2026-09-16 14:12:18,W,3.254,30.43,27.15
e11daf7b,2026-09-16 14:12:18,W,3.344,31.1,28.74
e11daf7b,2026-09-16 14:12:18,W,3.435,31.1,29.03
1421e90c,2026-09-16 14:12:29,Z,0.0,18.34,29.46
1421e90c,2026-09-16 14:12:29,Z,0.088,18.77,30.1
1421e90c,2026-09-16 14:12:29,Z,0.175,18.64,30.32
1421e90c,2026-09-16 14:12:29,Z,0.263,18.54,30.5
1421e90c,2026-09-16 14:12:29,Z,0.351,18.54,30.49
1421e90c,2026-09-16 14:12:29,Z,0.439,18.98,30.58
1421e90c,2026-09-16 14:12:29,Z,0.526,19.8,30.64
1421e90c,2026-09-16 14:12:29,Z,0.614,20.99,30.86
1421e90c,2026-09-16 14:12:29,Z,0.702,23.61,31.26
1421e90c,2026-09-16 14:12:29,Z,0.79,25.0,31.26
1421e90c,2026-09-16 14:12:29,Z,0.877,26.41,31.55
1421e90c,2026-09-16 14:12:29,Z,0.965,27.79,31.02
1421e90c,2026-09-16 14:12:29,Z,1.053,28.93,30.7
1421e90c,2026-09-16 14:12:29,Z,1.141,29.55,30.52
1421e90c,2026-09-16 14:12:29,Z,1.228,29.55,30.45
1421e90c,2026-09-16 14:12:29,Z,1.316,28.35,30.15
1421e90c,2026-09-16 14:12:29,Z,1.403,26.9,29.79
1421e90c,2026-09-16 14:12:29,Z,1.491,25.85,28.78
1421e90c,2026-09-16 14:12:29,Z,1.578,24.32,27.22
1421e90c,2026-09-16 14:12:29,Z,1.666,22.41,26.57
1421e90c,2026-09-16 14:12:29,Z,1.754,20.78,25.87
1421e90c,2026-09-16 14:12:29,Z,1.842,20.27,24.81
1421e90c,2026-09-16 14:12:29,Z,1.93,19.06,22.97
1421e90c,2026-09-16 14:12:29,Z,2.017,18.89,22.92
1421e90c,2026-09-16 14:12:29,Z,2.105,18.24,22.5
1421e90c,2026-09-16 14:12:29,Z,2.193,18.82,22.0
1421e90c,2026-09-16 14:12:29,Z,2.281,18.89,22.04
1421e90c,2026-09-16 14:12:29,Z,2.368,18.89,21.76
1421e90c,2026-09-16 14:12:29,Z,2.456,19.01,21.76
1421e90c,2026-09-16 14:12:29,Z,2.544,19.98,21.64
1421e90c,2026-09-16 14:12:29,Z,2.631,22.13,21.37
1421e90c,2026-09-16 14:12:29,Z,2.719,22.92,21.26
1421e90c,2026-09-16 14:12:29,Z,2.806,24.72,21.15
1421e90c,2026-09-16 14:12:29,Z,2.894,25.03,21.15
1421e90c,2026-09-16 14:12:29,Z,2.981,26.86,21.04
1421e90c,2026-09-16 14:12:29,Z,3.069,27.56,21.37
1421e90c,2026-09-16 14:12:29,Z,3.157,28.45,21.53
1421e90c,2026-09-16 14:12:29,Z,3.244,28.34,22.01
1421e90c,2026-09-16 14:12:29,Z,3.332,28.45,22.07
1421e90c,2026-09-16 14:12:29,Z,3.419,28.61,22.3
1421e90c,2026-09-16 14:12:29,Z,3.51,28.61,22.3
1421e90c,2026-09-16 14:12:29,Z,3.602,28.61,22.3
26130188,2026-09-16 14:12:37,Z,0.0,17.85,33.17
26130188,2026-09-16 14:12:37,Z,0.087,18.34,32.5
26130188,2026-09-16 14:12:37,Z,0.175,18.47,32.54
26130188,2026-09-16 14:12:37,Z,0.263,19.18,31.52
26130188,2026-09-16 14:12:37,Z,0.351,22.19,30.96
26130188,2026-09-16 14:12:37,Z,0.438,23.74,30.74
26130188,2026-09-16 14:12:37,Z,0.525,26.5,30.46
26130188,2026-09-16 14:12:37,Z,0.613,28.24,30.46
26130188,2026-09-16 14:12:37,Z,0.701,29.27,30.24
26130188,2026-09-16 14:12:37,Z,0.788,29.41,29.75
26130188,2026-09-16 14:12:37,Z,0.876,29.41,29.75
26130188,2026-09-16 14:12:37,Z,0.964,29.21,29.75
26130188,2026-09-16 14:12:37,Z,1.052,28.56,29.14
26130188,2026-09-16 14:12:37,Z,1.139,26.95,29.09
26130188,2026-09-16 14:12:37,Z,1.226,26.12,28.18
26130188,2026-09-16 14:12:37,Z,1.315,25.13,27.0
26130188,2026-09-16 14:12:37,Z,1.402,23.63,25.96
26130188,2026-09-16 14:12:37,Z,1.492,22.32,24.02
26130188,2026-09-16 14:12:37,Z,1.58,21.05,22.76
26130188,2026-09-16 14:12:37,Z,1.67,19.2,22.37
26130188,2026-09-16 14:12:37,Z,1.758,18.88,22.1
26130188,2026-09-16 14:12:37,Z,1.848,18.82,21.99
26130188,2026-09-16 14:12:37,Z,1.937,18.29,21.64
26130188,2026-09-16 14:12:37,Z,2.025,18.29,20.84
26130188,2026-09-16 14:12:37,Z,2.113,18.71,20.84
26130188,2026-09-16 14:12:37,Z,2.201,19.03,20.06
26130188,2026-09-16 14:12:37,Z,2.288,21.93,19.71
26130188,2026-09-16 14:12:37,Z,2.376,24.08,19.57
26130188,2026-09-16 14:12:37,Z,2.464,25.81,19.57
26130188,2026-09-16 14:12:37,Z,2.551,26.76,19.57
26130188,2026-09-16 14:12:37,Z,2.639,28.18,19.86
26130188,2026-09-16 14:12:37,Z,2.729,29.23,19.86
26130188,2026-09-16 14:12:37,Z,2.817,29.55,19.86
26130188,2026-09-16 14:12:37,Z,2.904,29.75,20.06
26130188,2026-09-16 14:12:37,Z,2.997,29.75,20.06
26130188,2026-09-16 14:12:37,Z,3.09,29.75,20.06
ad08c222,2026-09-16 14:12:46,Z,0.0,30.77,17.72
ad08c222,2026-09-16 14:12:46,Z,0.088,30.92,17.91
ad08c222,2026-09-16 14:12:46,Z,0.176,30.72,17.81
ad08c222,2026-09-16 14:12:46,Z,0.264,30.29,17.81
ad08c222,2026-09-16 14:12:46,Z,0.353,30.14,17.78
ad08c222,2026-09-16 14:12:46,Z,0.441,29.16,18.25
ad08c222,2026-09-16 14:12:46,Z,0.531,28.48,18.38
ad08c222,2026-09-16 14:12:46,Z,0.618,27.21,18.91
ad08c222,2026-09-16 14:12:46,Z,0.706,23.79,19.21
ad08c222,2026-09-16 14:12:46,Z,0.796,23.64,19.21
ad08c222,2026-09-16 14:12:46,Z,0.885,23.1,19.21
ad08c222,2026-09-16 14:12:46,Z,1.422,19.72,19.13
ad08c222,2026-09-16 14:12:46,Z,1.509,20.09,19.65
ad08c222,2026-09-16 14:12:46,Z,1.597,22.64,19.95
ad08c222,2026-09-16 14:12:46,Z,1.684,23.91,20.7
ad08c222,2026-09-16 14:12:46,Z,1.772,23.91,21.53
ad08c222,2026-09-16 14:12:46,Z,1.86,25.67,23.61
ad08c222,2026-09-16 14:12:46,Z,1.948,27.67,26.02
ad08c222,2026-09-16 14:12:46,Z,2.035,28.5,26.74
ad08c222,2026-09-16 14:12:46,Z,2.123,29.65,27.67
ad08c222,2026-09-16 14:12:46,Z,2.211,29.96,28.93
ad08c222,2026-09-16 14:12:46,Z,2.299,30.37,29.9
ad08c222,2026-09-16 14:12:46,Z,2.387,30.37,30.1
ad08c222,2026-09-16 14:12:46,Z,2.475,30.71,29.99
ad08c222,2026-09-16 14:12:46,Z,2.563,30.71,29.99
ad08c222,2026-09-16 14:12:46,Z,2.651,30.61,30.38
ad08c222,2026-09-16 14:12:46,Z,2.738,30.58,30.5
ad08c222,2026-09-16 14:12:46,Z,2.826,29.67,31.11
ad08c222,2026-09-16 14:12:46,Z,2.914,26.97,31.16
ad08c222,2026-09-16 14:12:46,Z,3.001,24.45,31.16
ad08c222,2026-09-16 14:12:46,Z,3.089,21.9,31.26
ad08c222,2026-09-16 14:12:46,Z,3.177,21.02,31.26
ad08c222,2026-09-16 14:12:46,Z,3.265,20.18,31.43
ad08c222,2026-09-16 14:12:46,Z,3.352,18.58,31.51
ad08c222,2026-09-16 14:12:46,Z,3.44,18.28,31.81
ad08c222,2026-09-16 14:12:46,Z,3.53,18.28,31.79
ad08c222,2026-09-16 14:12:46,Z,3.623,18.28,31.79
c818c548,2026-09-16 14:12:55,Z,0.0,32.07,17.99
c818c548,2026-09-16 14:12:55,Z,0.088,31.55,17.91
c818c548,2026-09-16 14:12:55,Z,0.176,31.04,17.91
c818c548,2026-09-16 14:12:55,Z,0.265,31.04,18.16
c818c548,2026-09-16 14:12:55,Z,0.355,29.41,18.19
c818c548,2026-09-16 14:12:55,Z,0.442,28.47,18.56
c818c548,2026-09-16 14:12:55,Z,0.532,27.19,18.79
c818c548,2026-09-16 14:12:55,Z,0.621,26.89,18.59
c818c548,2026-09-16 14:12:55,Z,1.157,21.58,18.68
c818c548,2026-09-16 14:12:55,Z,1.246,21.58,18.8
c818c548,2026-09-16 14:12:55,Z,1.335,21.58,19.16
c818c548,2026-09-16 14:12:55,Z,1.423,21.94,19.28
c818c548,2026-09-16 14:12:55,Z,1.511,22.13,19.34
c818c548,2026-09-16 14:12:55,Z,1.599,22.4,19.57
c818c548,2026-09-16 14:12:55,Z,1.686,23.52,20.13
c818c548,2026-09-16 14:12:55,Z,1.774,24.27,20.37
c818c548,2026-09-16 14:12:55,Z,1.861,25.0,20.93
c818c548,2026-09-16 14:12:55,Z,1.949,26.07,21.86
c818c548,2026-09-16 14:12:55,Z,2.037,26.35,24.95
c818c548,2026-09-16 14:12:55,Z,2.124,28.4,26.37
c818c548,2026-09-16 14:12:55,Z,2.212,29.16,28.31
c818c548,2026-09-16 14:12:55,Z,2.3,29.72,29.64
c818c548,2026-09-16 14:12:55,Z,2.388,30.2,30.36
c818c548,2026-09-16 14:12:55,Z,2.476,30.3,31.08
c818c548,2026-09-16 14:12:55,Z,2.564,30.47,31.35
c818c548,2026-09-16 14:12:55,Z,2.652,30.47,31.35
c818c548,2026-09-16 14:12:55,Z,2.74,30.47,31.64
c818c548,2026-09-16 14:12:55,Z,2.827,30.47,31.64
c818c548,2026-09-16 14:12:55,Z,2.915,29.86,31.67
c818c548,2026-09-16 14:12:55,Z,3.003,28.61,31.97
c818c548,2026-09-16 14:12:55,Z,3.09,26.5,31.91
c818c548,2026-09-16 14:12:55,Z,3.178,24.88,31.91
c818c548,2026-09-16 14:12:55,Z,3.266,23.02,32.01
c818c548,2026-09-16 14:12:55,Z,3.354,21.13,32.16
c818c548,2026-09-16 14:12:55,Z,3.441,19.0,32.28
c818c548,2026-09-16 14:12:55,Z,3.529,18.65,32.21
c818c548,2026-09-16 14:12:55,Z,3.617,18.52,32.21
c818c548,2026-09-16 14:12:55,Z,3.705,18.28,32.21
c818c548,2026-09-16 14:12:55,Z,3.797,18.64,32.39
c818c548,2026-09-16 14:12:55,Z,3.891,18.64,32.39
8df229bd,2026-09-16 14:13:04,Z,0.0,18.06,29.98
8df229bd,2026-09-16 14:13:04,Z,0.088,18.12,30.29
8df229bd,2026-09-16 14:13:04,Z,0.176,18.18,30.6
8df229bd,2026-09-16 14:13:04,Z,0.263,18.18,30.62
8df229bd,2026-09-16 14:13:04,Z,0.351,18.18,30.49
8df229bd,2026-09-16 14:13:04,Z,0.438,18.57,30.52
8df229bd,2026-09-16 14:13:04,Z,0.526,19.67,30.98
8df229bd,2026-09-16 14:13:04,Z,0.614,20.89,31.08
8df229bd,2026-09-16 14:13:04,Z,0.702,22.6,31.39
8df229bd,2026-09-16 14:13:04,Z,0.789,24.73,31.46
8df229bd,2026-09-16 14:13:04,Z,0.876,25.43,31.63
8df229bd,2026-09-16 14:13:04,Z,0.964,26.5,31.5
8df229bd,2026-09-16 14:13:04,Z,1.052,27.53,31.56
8df229bd,2026-09-16 14:13:04,Z,1.14,28.24,31.49
8df229bd,2026-09-16 14:13:04,Z,1.227,28.8,31.33
8df229bd,2026-09-16 14:13:04,Z,1.315,28.8,31.05
8df229bd,2026-09-16 14:13:04,Z,1.403,28.89,31.02
8df229bd,2026-09-16 14:13:04,Z,1.49,28.02,31.02
8df229bd,2026-09-16 14:13:04,Z,1.578,27.4,30.55
8df229bd,2026-09-16 14:13:04,Z,1.665,26.49,30.38
8df229bd,2026-09-16 14:13:04,Z,1.753,25.15,28.19
8df229bd,2026-09-16 14:13:04,Z,1.84,24.02,26.98
8df229bd,2026-09-16 14:13:04,Z,1.928,23.01,25.73
8df229bd,2026-09-16 14:13:04,Z,2.016,21.87,24.95
8df229bd,2026-09-16 14:13:04,Z,2.104,19.35,22.3
8df229bd,2026-09-16 14:13:04,Z,2.193,19.35,22.21
8df229bd,2026-09-16 14:13:04,Z,2.283,19.35,21.26
8df229bd,2026-09-16 14:13:04,Z,2.371,19.35,20.7
8df229bd,2026-09-16 14:13:04,Z,2.458,19.75,20.7
8df229bd,2026-09-16 14:13:04,Z,2.546,19.85,20.7
8df229bd,2026-09-16 14:13:04,Z,2.634,19.85,20.59
8df229bd,2026-09-16 14:13:04,Z,2.721,20.07,20.48
8df229bd,2026-09-16 14:13:04,Z,2.809,22.79,20.48
8df229bd,2026-09-16 14:13:04,Z,2.897,23.47,20.31
8df229bd,2026-09-16 14:13:04,Z,2.984,25.43,20.71
8df229bd,2026-09-16 14:13:04,Z,3.072,27.06,21.26
8df229bd,2026-09-16 14:13:04,Z,3.159,27.87,21.26
8df229bd,2026-09-16 14:13:04,Z,3.247,28.4,21.37
8df229bd,2026-09-16 14:13:04,Z,3.335,28.67,21.48
8df229bd,2026-09-16 14:13:04,Z,3.422,28.77,21.59
8df229bd,2026-09-16 14:13:04,Z,3.51,28.83,22.03
8df229bd,2026-09-16 14:13:04,Z,3.6,28.72,22.18
8df229bd,2026-09-16 14:13:04,Z,3.694,28.72,22.18
5bb01667,2026-09-16 14:13:13,Z,0.0,18.56,32.73
5bb01667,2026-09-16 14:13:13,Z,0.088,18.35,32.6
5bb01667,2026-09-16 14:13:13,Z,0.175,18.47,31.99
5bb01667,2026-09-16 14:13:13,Z,0.263,19.52,31.81
5bb01667,2026-09-16 14:13:13,Z,0.35,20.67,31.21
5bb01667,2026-09-16 14:13:13,Z,0.438,21.66,31.04
5bb01667,2026-09-16 14:13:13,Z,0.525,22.9,30.9
5bb01667,2026-09-16 14:13:13,Z,0.613,25.89,30.52
5bb01667,2026-09-16 14:13:13,Z,0.701,26.95,30.35
5bb01667,2026-09-16 14:13:13,Z,0.788,27.0,29.9
5bb01667,2026-09-16 14:13:13,Z,0.876,27.0,29.74
5bb01667,2026-09-16 14:13:13,Z,0.963,26.31,29.36
5bb01667,2026-09-16 14:13:13,Z,1.05,25.37,28.5
5bb01667,2026-09-16 14:13:13,Z,1.138,24.41,27.67
5bb01667,2026-09-16 14:13:13,Z,1.225,23.9,25.85
5bb01667,2026-09-16 14:13:13,Z,1.313,22.97,24.11
5bb01667,2026-09-16 14:13:13,Z,1.403,21.88,22.72
5bb01667,2026-09-16 14:13:13,Z,1.492,21.72,20.64
5bb01667,2026-09-16 14:13:13,Z,2.208,26.09,16.72
5bb01667,2026-09-16 14:13:13,Z,2.296,27.79,16.83
5bb01667,2026-09-16 14:13:13,Z,2.384,28.53,16.96
5bb01667,2026-09-16 14:13:13,Z,2.472,29.28,17.16
5bb01667,2026-09-16 14:13:13,Z,2.559,29.44,17.37
5bb01667,2026-09-16 14:13:13,Z,2.648,30.03,17.59
5bb01667,2026-09-16 14:13:13,Z,2.736,30.45,17.56
5bb01667,2026-09-16 14:13:13,Z,2.823,30.45,17.56
5bb01667,2026-09-16 14:13:13,Z,2.912,30.45,17.56
5bb01667,2026-09-16 14:13:13,Z,3.002,30.45,17.36
5bb01667,2026-09-16 14:13:13,Z,3.09,30.51,17.36
5bb01667,2026-09-16 14:13:13,Z,3.178,30.88,17.59
5bb01667,2026-09-16 14:13:13,Z,3.268,31.52,17.59
5bb01667,2026-09-16 14:13:13,Z,3.361,31.52,18.29
3ffdd048,2026-09-16 14:13:25,Z,0.0,32.53,16.29
3ffdd048,2026-09-16 14:13:25,Z,0.088,32.32,16.36
3ffdd048,2026-09-16 14:13:25,Z,0.178,32.28,16.29
3ffdd048,2026-09-16 14:13:25,Z,0.266,31.77,16.32
3ffdd048,2026-09-16 14:13:25,Z,2.33,28.01,16.76
3ffdd048,2026-09-16 14:13:25,Z,2.419,28.16,16.76
3ffdd048,2026-09-16 14:13:25,Z,2.506,29.09,16.99
3ffdd048,2026-09-16 14:13:25,Z,2.596,29.09,17.16
3ffdd048,2026-09-16 14:13:25,Z,2.685,29.09,17.56
3ffdd048,2026-09-16 14:13:25,Z,2.773,28.29,18.0
3ffdd048,2026-09-16 14:13:25,Z,2.86,27.31,18.19
3ffdd048,2026-09-16 14:13:25,Z,2.951,26.72,18.22
3ffdd048,2026-09-16 14:13:25,Z,3.04,26.31,18.28
3ffdd048,2026-09-16 14:13:25,Z,3.757,19.46,17.36
3ffdd048,2026-09-16 14:13:25,Z,3.845,19.42,17.69
3ffdd048,2026-09-16 14:13:25,Z,3.933,20.45,18.32
3ffdd048,2026-09-16 14:13:25,Z,4.021,21.1,19.03
3ffdd048,2026-09-16 14:13:25,Z,4.108,21.5,19.79
3ffdd048,2026-09-16 14:13:25,Z,4.195,22.78,20.14
3ffdd048,2026-09-16 14:13:25,Z,4.282,23.6,21.64
3ffdd048,2026-09-16 14:13:25,Z,4.37,25.55,22.81
3ffdd048,2026-09-16 14:13:25,Z,4.458,25.69,23.63
3ffdd048,2026-09-16 14:13:25,Z,4.546,26.9,24.79
3ffdd048,2026-09-16 14:13:25,Z,4.633,27.62,26.98
3ffdd048,2026-09-16 14:13:25,Z,4.721,28.29,27.29
3ffdd048,2026-09-16 14:13:25,Z,4.809,28.66,28.07
3ffdd048,2026-09-16 14:13:25,Z,4.896,28.93,28.6
3ffdd048,2026-09-16 14:13:25,Z,4.984,29.48,28.97
3ffdd048,2026-09-16 14:13:25,Z,5.072,29.48,28.97
3ffdd048,2026-09-16 14:13:25,Z,5.16,29.48,28.97
3ffdd048,2026-09-16 14:13:25,Z,5.248,28.77,29.17
3ffdd048,2026-09-16 14:13:25,Z,5.335,27.75,29.03
3ffdd048,2026-09-16 14:13:25,Z,5.422,26.41,28.96
3ffdd048,2026-09-16 14:13:25,Z,5.509,24.19,29.41
3ffdd048,2026-09-16 14:13:25,Z,5.597,23.32,29.41
3ffdd048,2026-09-16 14:13:25,Z,5.685,21.66,29.15
3ffdd048,2026-09-16 14:13:25,Z,5.772,20.46,29.2
3ffdd048,2026-09-16 14:13:25,Z,5.86,19.62,29.26
3ffdd048,2026-09-16 14:13:25,Z,5.948,18.91,29.18
3ffdd048,2026-09-16 14:13:25,Z,6.036,18.24,29.41
3ffdd048,2026-09-16 14:13:25,Z,6.123,17.94,30.03
3ffdd048,2026-09-16 14:13:25,Z,6.218,17.94,30.03
3ffdd048,2026-09-16 14:13:25,Z,6.312,17.94,30.03
e4b61b06,2026-09-16 14:13:34,Z,0.0,18.48,30.91
e4b61b06,2026-09-16 14:13:34,Z,0.088,18.58,30.78
e4b61b06,2026-09-16 14:13:34,Z,0.175,18.51,30.73
e4b61b06,2026-09-16 14:13:34,Z,0.263,18.97,30.84
e4b61b06,2026-09-16 14:13:34,Z,0.351,19.3,30.93
e4b61b06,2026-09-16 14:13:34,Z,0.438,20.3,30.87
e4b61b06,2026-09-16 14:13:34,Z,0.526,22.25,31.49
e4b61b06,2026-09-16 14:13:34,Z,0.614,24.86,31.59
e4b61b06,2026-09-16 14:13:34,Z,0.702,26.34,31.83
e4b61b06,2026-09-16 14:13:34,Z,0.789,27.76,31.89
e4b61b06,2026-09-16 14:13:34,Z,0.877,29.72,31.91
e4b61b06,2026-09-16 14:13:34,Z,0.965,30.05,31.91
e4b61b06,2026-09-16 14:13:34,Z,1.053,30.27,31.46
e4b61b06,2026-09-16 14:13:34,Z,1.141,30.09,31.46
e4b61b06,2026-09-16 14:13:34,Z,1.228,29.75,31.4
e4b61b06,2026-09-16 14:13:34,Z,1.316,28.8,31.1
e4b61b06,2026-09-16 14:13:34,Z,1.403,27.09,29.81
e4b61b06,2026-09-16 14:13:34,Z,1.491,24.85,29.59
e4b61b06,2026-09-16 14:13:34,Z,1.579,23.41,27.97
e4b61b06,2026-09-16 14:13:34,Z,1.666,21.16,26.52
e4b61b06,2026-09-16 14:13:34,Z,1.754,20.3,24.96
e4b61b06,2026-09-16 14:13:34,Z,1.842,19.64,24.16
e4b61b06,2026-09-16 14:13:34,Z,1.929,19.34,22.76
e4b61b06,2026-09-16 14:13:34,Z,2.017,19.34,22.37
e4b61b06,2026-09-16 14:13:34,Z,2.105,19.28,22.26
e4b61b06,2026-09-16 14:13:34,Z,2.193,19.28,21.98
e4b61b06,2026-09-16 14:13:34,Z,2.28,19.45,21.27
e4b61b06,2026-09-16 14:13:34,Z,2.368,19.67,21.08
e4b61b06,2026-09-16 14:13:34,Z,2.455,21.2,21.08
e4b61b06,2026-09-16 14:13:34,Z,2.543,22.67,21.59
e4b61b06,2026-09-16 14:13:34,Z,2.63,25.13,21.59
e4b61b06,2026-09-16 14:13:34,Z,2.719,26.71,21.59
e4b61b06,2026-09-16 14:13:34,Z,2.806,28.34,21.54
e4b61b06,2026-09-16 14:13:34,Z,2.894,29.34,21.69
e4b61b06,2026-09-16 14:13:34,Z,2.981,30.75,21.65
e4b61b06,2026-09-16 14:13:34,Z,3.069,31.23,21.77
e4b61b06,2026-09-16 14:13:34,Z,3.157,31.41,21.93
e4b61b06,2026-09-16 14:13:34,Z,3.248,31.33,21.93
e4b61b06,2026-09-16 14:13:34,Z,3.341,31.33,21.25
a2c12a4a,2026-09-16 14:14:18,Z,0.0,17.67,31.19
a2c12a4a,2026-09-16 14:14:18,Z,0.088,17.94,31.78
a2c12a4a,2026-09-16 14:14:18,Z,0.176,18.14,31.81
a2c12a4a,2026-09-16 14:14:18,Z,0.264,18.3,31.4
a2c12a4a,2026-09-16 14:14:18,Z,0.351,18.14,30.7
a2c12a4a,2026-09-16 14:14:18,Z,0.439,18.14,30.81
a2c12a4a,2026-09-16 14:14:18,Z,0.527,18.47,30.81
a2c12a4a,2026-09-16 14:14:18,Z,0.615,18.58,31.02
a2c12a4a,2026-09-16 14:14:18,Z,0.702,20.51,31.16
a2c12a4a,2026-09-16 14:14:18,Z,0.79,23.62,31.45
a2c12a4a,2026-09-16 14:14:18,Z,0.878,25.16,31.28
a2c12a4a,2026-09-16 14:14:18,Z,0.965,25.78,31.28
a2c12a4a,2026-09-16 14:14:18,Z,1.053,26.29,31.28
a2c12a4a,2026-09-16 14:14:18,Z,1.141,26.92,31.34
a2c12a4a,2026-09-16 14:14:18,Z,1.228,26.97,31.3
a2c12a4a,2026-09-16 14:14:18,Z,1.316,27.22,31.24
a2c12a4a,2026-09-16 14:14:18,Z,1.403,26.97,31.04
a2c12a4a,2026-09-16 14:14:18,Z,1.491,26.92,30.01
a2c12a4a,2026-09-16 14:14:18,Z,1.579,25.38,29.85
a2c12a4a,2026-09-16 14:14:18,Z,1.666,23.91,28.61
a2c12a4a,2026-09-16 14:14:18,Z,1.753,22.85,25.98
a2c12a4a,2026-09-16 14:14:18,Z,1.841,21.56,25.09
a2c12a4a,2026-09-16 14:14:18,Z,1.929,20.62,24.62
a2c12a4a,2026-09-16 14:14:18,Z,2.019,19.13,23.22
a2c12a4a,2026-09-16 14:14:18,Z,2.106,18.89,22.62
a2c12a4a,2026-09-16 14:14:18,Z,2.194,18.89,22.64
a2c12a4a,2026-09-16 14:14:18,Z,2.282,18.73,21.72
a2c12a4a,2026-09-16 14:14:18,Z,2.37,18.89,21.72
a2c12a4a,2026-09-16 14:14:18,Z,2.458,19.13,21.38
a2c12a4a,2026-09-16 14:14:18,Z,2.545,19.96,21.14
a2c12a4a,2026-09-16 14:14:18,Z,2.633,20.51,21.09
a2c12a4a,2026-09-16 14:14:18,Z,2.72,23.48,21.09
a2c12a4a,2026-09-16 14:14:18,Z,2.808,24.46,21.48
a2c12a4a,2026-09-16 14:14:18,Z,2.896,26.09,21.64
a2c12a4a,2026-09-16 14:14:18,Z,2.983,26.78,21.53
a2c12a4a,2026-09-16 14:14:18,Z,3.071,27.44,21.26
a2c12a4a,2026-09-16 14:14:18,Z,3.159,28.13,21.21
a2c12a4a,2026-09-16 14:14:18,Z,3.247,28.93,21.53
a2c12a4a,2026-09-16 14:14:18,Z,3.336,30.55,20.96
a2c12a4a,2026-09-16 14:14:18,Z,3.429,30.55,20.79
78f2386a,2026-09-16 14:14:26,Z,0.0,20.4,34.36
78f2386a,2026-09-16 14:14:26,Z,0.088,21.26,33.31
78f2386a,2026-09-16 14:14:26,Z,0.177,21.76,33.12
78f2386a,2026-09-16 14:14:26,Z,0.265,22.17,33.0
78f2386a,2026-09-16 14:14:26,Z,0.353,22.65,32.69
78f2386a,2026-09-16 14:14:26,Z,0.441,23.74,32.62
78f2386a,2026-09-16 14:14:26,Z,0.528,24.55,32.2
78f2386a,2026-09-16 14:14:26,Z,0.616,25.56,32.04
78f2386a,2026-09-16 14:14:26,Z,0.705,27.53,31.73
78f2386a,2026-09-16 14:14:26,Z,0.792,28.74,31.75
78f2386a,2026-09-16 14:14:26,Z,0.879,29.68,31.63
78f2386a,2026-09-16 14:14:26,Z,0.967,29.9,31.61
78f2386a,2026-09-16 14:14:26,Z,1.055,29.96,31.31
78f2386a,2026-09-16 14:14:26,Z,1.143,29.96,31.1
78f2386a,2026-09-16 14:14:26,Z,1.23,29.96,31.04
78f2386a,2026-09-16 14:14:26,Z,1.318,29.62,31.04
78f2386a,2026-09-16 14:14:26,Z,1.405,28.61,30.63
78f2386a,2026-09-16 14:14:26,Z,1.493,27.81,29.43
78f2386a,2026-09-16 14:14:26,Z,1.581,25.14,28.5
78f2386a,2026-09-16 14:14:26,Z,1.668,23.36,26.98
78f2386a,2026-09-16 14:14:26,Z,1.756,22.61,26.41
78f2386a,2026-09-16 14:14:26,Z,1.843,20.94,24.7
78f2386a,2026-09-16 14:14:26,Z,1.931,20.25,23.4
78f2386a,2026-09-16 14:14:26,Z,2.019,19.98,23.09
78f2386a,2026-09-16 14:14:26,Z,2.107,19.98,22.71
78f2386a,2026-09-16 14:14:26,Z,2.194,20.25,21.98
78f2386a,2026-09-16 14:14:26,Z,2.282,20.83,21.09
78f2386a,2026-09-16 14:14:26,Z,2.37,22.02,21.26
78f2386a,2026-09-16 14:14:26,Z,2.457,22.7,20.95
78f2386a,2026-09-16 14:14:26,Z,2.545,28.62,20.66
78f2386a,2026-09-16 14:14:26,Z,2.633,29.4,20.59
78f2386a,2026-09-16 14:14:26,Z,2.721,29.72,20.59
78f2386a,2026-09-16 14:14:26,Z,2.808,29.84,20.47
78f2386a,2026-09-16 14:14:26,Z,2.898,30.14,20.81
78f2386a,2026-09-16 14:14:26,Z,2.988,30.23,20.47
